0,0,0,0,0,0,0,0,0,0,0,109,79,79,109,0,0,109,79,79,109,0,0,0,109,79,109,0,0,0,0,109,79,79,109,0,0,0,109,79,109,0,0,0,0,0,0,0,0,0,0,0,0,0,0,0,109,79,79,109,0,0,0,0,0,0,0,0,100,98,0,0,0,109,79,79,109,0,0,0,0,0,0,0,0,0,0,0,0,0,0,0,0,0,0,0,0,0,0,0,0,0,0,0,0,0,0,0,0,0,0,0,0,109,79,79,79,79,79,79,109,47,47,47,47,47,47,47,47,47,47,47,47,47,47,47,47,47,47,47,47,47,47,47,47,47,47,47,47,47,47,47,47,47,47,47,47,47,47,47,47,47,36,79,79,79,79,79,79,79,79,79,79,79,79,79,79,79,79,79,79,79,79,79,79,79,79,79,79,79,34,111,111,111,111,111,111,111,111,111,111,111,111,111,111,111,111,111,111,111,111,111,111,111,111,111,111,111,111,111,111,111,111,111,111,111,111,111,111,111,111,111,111,111,111,111,111,111,111,111,111,111,111,111,111,111,111,111,111,111,111,111,111,111,111,111,111,111,111,111,111,111,111,111,111,111,111,111,111,111,111,111,111,111,111,96,0,0,0,0,0,0,0,0,0,0,0,0,0,0,0,0,0,0,0,0,0,0,0,0,0,0,0,0,0,0,0,0,0,0,0,0,0,0,0,0,0,0,0,0,0,0,0,0,0,0,0,0,0,0,0,0,0,0,0,0,0,0,0,0,0,0,0,0,0,0,0,0,0,0,0,36,47,47,47,47,47,47,47,47,47,47,47,47,47,47,47,47,47,47,47,47,47,47,47,47,47,47,47,47,47,47,47,47,47,47,47,47,111,47,47,47,47,47,47,47,47,47,47,47,47,47,47,47,47,47,47,47,47,47,47,47,47,47,47,47,47,47,47,47,47,47,47,47,47,47,47,34,0,0,0,0,0,0,0,0,0,0,0,0,0,0,0,0,0,0,0,100,98,0,0,0,0,0,0,0,0,0,0,0,0,0,0,0,0,0,0,0,0,0,0,0,0,0,0,0,0,0,0,0,0,0,109,0,0,0,79,79,0,0,0,79,79,0,79,79,79,0,28,36,68,79,79,79,79,79,79,79,79,79,79,79,79,79,79,79,79,79,79,79,79,79,79,79,79,79,79,79,79,79,79,79,79,79,79,79,79,79,79,79,79,79,79,79,79,79,79,79,79,79,79,79,79,79,66,34,111,111,111,111,111,111,111,111,111,111,111,111,111,111,111,111,111,111,111,111,111,111,111,111,111,111,111,111,111,111,111,111,111,111,111,111,111,111,111,111,111,45,111,79,111,79,111,79,111,79,111,79,111,79,111,79,111,79,111,79,111,79,111,79,111,79,111,79,111,79,111,79,111,79,111,79,111,79,111,79,111,79,111,79,111,79,111,79,111,79,111,45,111,111,111,111,111,111,111,111,111,111,111,111,111,111,111,111,111,111,111,111,111,111,111,111,111,111,111,111,111,111,111,100,111,111,111,111,111,111,111,111,111,111,111,111,111,111,111,111,111,111,111,111,111,98,0,0,0,0,0,0,0,0,0,0,0,0,0,0,0,0,0,0,0,0,0,0,0,0,0,0,0,0,0,0,0,0,0,0,0,0,0,0,0,0,0,0,0,0,0,0,0,0,0,0,0,0,0,0,0,0,0,0,31,36,68,79,79,79,79,79,79,79,79,79,79,79,79,79,79,79,79,79,79,79,79,79,79,79,79,79,79,79,79,79,79,79,79,79,79,79,66,34,0,0,79,0,0,0,0,0,0,0,0,0,0,0,79,0,0,0,0,0,0,0,0,0,0,0,0,0,0,0,0,0,0,0,0,0,0,0,0,0,0,0,0,0,0,0,0,0,0,0,0,31,100,111,111,111,111,111,111,111,111,111,111,111,111,111,111,111,111,32,111,111,111,111,111,111,111,111,111,111,111,111,111,111,111,111,111,111,111,111,111,111,111,111,111,111,32,36,47,47,34,111,111,36,47,47,47,47,34,111,36,47,47,47,47,47,47,47,47,47,47,47,47,47,47,47,34,0,0,0,0,0,0,0,100,98,0,0,109,0,0,0,0,0,0,0,0,0,0,0,0,0,0,0,0,0,0,0,0,0,0,0,0,0,0,36,47,47,47,47,47,47,47,47,47,47
0,0,0,0,0,0,0,0,0,0,0,109,79,79,109,0,0,109,79,79,109,0,0,0,109,79,109,0,0,0,0,109,79,79,109,0,0,0,109,79,109,0,0,0,0,0,0,0,0,0,0,0,0,0,0,0,109,79,79,109,0,0,0,0,0,0,0,0,100,98,0,0,0,109,79,79,109,0,0,0,0,0,0,0,0,0,0,0,0,0,0,0,0,0,0,0,0,0,0,0,0,0,0,0,0,0,0,0,0,0,0,0,0,109,79,79,79,79,79,79,109,47,47,47,47,47,47,47,47,47,47,47,47,47,47,47,47,47,47,47,47,47,47,47,47,47,47,47,47,47,47,47,47,47,47,47,47,47,47,47,47,47,36,79,79,79,79,79,79,79,79,79,79,79,79,79,79,79,79,79,79,79,79,79,79,79,79,79,79,79,34,111,111,111,111,111,111,111,111,111,111,111,111,111,111,111,111,111,111,111,111,111,111,111,111,111,111,111,111,111,111,111,111,111,111,111,111,111,111,111,111,111,111,111,111,111,111,111,111,111,111,111,111,111,111,111,111,111,111,111,111,111,111,111,111,111,111,111,111,111,111,111,111,111,111,111,111,111,111,111,111,111,111,111,111,96,0,0,0,0,0,0,0,0,0,0,0,0,0,0,0,0,0,0,0,0,0,0,0,0,0,0,0,0,0,0,0,0,0,0,0,0,0,0,0,0,0,0,0,0,0,0,0,0,0,0,0,0,0,0,0,0,0,0,0,0,0,0,0,0,0,0,0,0,0,0,0,0,0,0,0,36,47,47,47,47,47,47,47,47,47,47,47,47,47,47,47,47,47,47,47,47,47,47,47,47,47,47,47,47,47,47,47,47,47,47,47,47,111,47,47,47,47,47,47,47,47,47,47,47,47,47,47,47,47,47,47,47,47,47,47,47,47,47,47,47,47,47,47,47,47,47,47,47,47,47,47,34,0,0,0,0,0,0,0,0,0,0,0,0,0,0,0,0,0,0,0,100,98,0,0,0,0,0,0,0,0,0,0,0,0,0,0,0,0,0,0,0,0,0,0,0,0,0,0,0,0,0,0,0,0,0,109,0,0,0,79,79,0,0,0,79,79,0,79,79,79,0,28,36,68,79,79,79,79,79,79,79,79,79,79,79,79,79,79,79,79,79,79,79,79,79,79,79,79,79,79,79,79,79,79,79,79,79,79,79,79,79,79,79,79,79,79,79,79,79,79,79,79,79,79,79,79,79,66,34,111,111,111,111,111,111,111,111,111,111,111,111,111,111,111,111,111,111,111,111,111,111,111,111,111,111,111,111,111,111,111,111,111,111,111,111,111,111,111,111,111,45,79,111,79,111,79,111,79,111,79,111,79,111,79,111,79,111,79,111,79,111,79,111,79,111,79,111,79,111,79,111,79,111,79,111,79,111,79,111,79,111,79,111,79,111,79,111,79,111,79,45,111,111,111,111,111,111,111,111,111,111,111,111,111,111,111,111,111,111,111,111,111,111,111,111,111,111,111,111,111,111,111,100,111,111,111,111,111,111,111,111,111,111,111,111,111,111,111,111,111,111,111,111,111,98,0,0,0,0,0,0,0,0,0,0,0,0,0,0,0,0,0,0,0,0,0,0,0,0,0,0,0,0,0,0,0,0,0,0,0,0,0,0,0,0,0,0,0,0,0,0,0,0,0,0,0,0,0,0,0,0,0,0,31,36,68,79,79,79,79,79,79,79,79,79,79,79,79,79,79,79,79,79,79,79,79,79,79,79,79,79,79,79,79,79,79,79,79,79,79,79,66,34,0,0,79,0,0,0,0,0,0,0,0,0,0,0,79,0,0,0,0,0,0,0,0,0,0,0,0,0,0,0,0,0,0,0,0,0,0,0,0,0,0,0,0,0,0,0,0,0,0,0,0,31,100,111,111,111,111,111,111,111,111,111,111,111,111,111,111,111,111,32,111,111,111,111,111,111,111,111,111,111,111,111,111,111,111,111,111,111,111,111,111,111,111,111,111,111,32,36,47,47,34,111,111,36,47,47,47,47,34,111,36,47,47,47,47,47,47,47,47,47,47,47,47,47,47,47,34,0,0,0,0,0,0,0,100,98,0,0,109,0,0,0,0,0,0,0,0,0,0,0,0,0,0,0,0,0,0,0,0,0,0,0,0,0,0,36,47,47,47,47,47,47,47,47,47,47
0,0,0,0,0,0,0,0,0,0,0,109,79,79,109,0,0,109,79,79,109,0,0,0,109,79,109,0,0,0,0,109,79,79,109,0,0,0,109,79,109,0,0,0,0,0,0,0,0,0,0,0,0,0,0,0,109,79,79,109,0,0,0,0,0,0,0,0,100,98,0,0,0,109,79,79,109,0,0,0,0,0,0,0,0,0,0,0,0,0,0,0,0,0,0,0,0,0,0,0,0,0,0,0,0,0,0,0,0,0,0,0,0,109,79,79,79,79,79,79,109,47,47,47,47,47,47,47,47,47,47,47,47,47,47,47,47,47,47,47,47,47,47,47,47,47,47,47,47,47,47,47,47,47,47,47,47,47,47,47,47,47,36,79,79,79,79,79,79,79,79,79,79,79,79,79,79,79,79,79,79,79,79,79,79,79,79,79,79,79,34,111,111,111,111,111,111,111,111,111,111,111,111,111,111,111,111,111,111,111,111,111,111,111,111,111,111,111,111,111,111,111,111,111,111,111,111,111,111,111,111,111,111,111,111,111,111,111,111,111,111,111,111,111,111,111,111,111,111,111,111,111,111,111,111,111,111,111,111,111,111,111,111,111,111,111,111,111,111,111,111,111,111,111,111,96,0,0,0,0,0,0,0,0,0,0,0,0,0,0,0,0,0,0,0,0,0,0,0,0,0,0,0,0,0,0,0,0,0,0,0,0,0,0,0,0,0,0,0,0,0,0,0,0,0,0,0,0,0,0,0,0,0,0,0,0,0,0,0,0,0,0,0,0,0,0,0,0,0,0,0,36,47,47,47,47,47,47,47,47,47,47,47,47,47,47,47,47,47,47,47,47,47,47,47,47,47,47,47,47,47,47,47,47,47,47,47,47,111,47,47,47,47,47,47,47,47,47,47,47,47,47,47,47,47,47,47,47,47,47,47,47,47,47,47,47,47,47,47,47,47,47,47,47,47,47,47,34,0,0,0,0,0,0,0,0,0,0,0,0,0,0,0,0,0,0,0,100,98,0,0,0,0,0,0,0,0,0,0,0,0,0,0,0,0,0,0,0,0,0,0,0,0,0,0,0,0,0,0,0,0,0,109,0,0,0,79,79,0,0,0,79,79,0,79,79,79,0,28,36,68,79,79,79,79,79,79,79,79,79,79,79,79,79,79,79,79,79,79,79,79,79,79,79,79,79,79,79,79,79,79,79,79,79,79,79,79,79,79,79,79,79,79,79,79,79,79,79,79,79,79,79,79,79,66,34,111,111,111,111,111,111,111,111,111,111,111,111,111,111,111,111,111,111,111,111,111,111,111,111,111,111,111,111,111,111,111,111,111,111,111,111,111,111,111,111,111,45,111,79,111,79,111,79,111,79,111,79,111,79,111,79,111,79,111,79,111,79,111,79,111,79,111,79,111,79,111,79,111,79,111,79,111,79,111,79,111,79,111,79,111,79,111,79,111,79,111,45,111,111,111,111,111,111,111,111,111,111,111,111,111,111,111,111,111,111,111,111,111,111,111,111,111,111,111,111,111,111,111,100,111,111,111,111,111,111,111,111,111,111,111,111,111,111,111,111,111,111,111,111,111,98,0,0,0,0,0,0,0,0,0,0,0,0,0,0,0,0,0,0,0,0,0,0,0,0,0,0,0,0,0,0,0,0,0,0,0,0,0,0,0,0,0,0,0,0,0,0,0,0,0,0,0,0,0,0,0,0,0,0,31,36,68,79,79,79,79,79,79,79,79,79,79,79,79,79,79,79,79,79,79,79,79,79,79,79,79,79,79,79,79,79,79,79,79,79,79,79,66,34,0,0,79,0,0,0,0,0,0,0,0,0,0,0,79,0,0,0,0,0,0,0,0,0,0,0,0,0,0,0,0,0,0,0,0,0,0,0,0,0,0,0,0,0,0,0,0,0,0,0,0,31,100,111,111,111,111,111,111,111,111,111,111,111,111,111,111,111,111,32,111,111,111,111,111,111,111,111,111,111,111,111,111,111,111,111,111,111,111,111,111,111,111,111,111,111,32,36,47,47,34,111,111,36,47,47,47,47,34,111,36,47,47,47,47,47,47,47,47,47,47,47,47,47,47,47,34,0,0,0,0,0,0,0,100,98,0,0,109,0,0,0,0,0,0,0,0,0,0,0,0,0,0,0,0,0,0,0,0,0,0,0,0,0,0,36,47,47,47,47,47,47,47,47,47,47
0,0,0,0,0,0,0,0,0,0,0,109,79,79,109,0,0,109,79,79,109,0,0,0,109,79,109,0,0,0,0,109,79,79,109,0,0,0,109,79,109,0,0,0,0,0,0,0,0,0,0,0,0,0,0,0,109,79,79,109,0,0,0,0,0,0,0,0,100,98,0,0,0,109,79,79,109,0,0,0,0,0,0,0,0,0,0,0,0,0,0,0,0,0,0,0,0,0,0,0,0,0,0,0,0,0,0,0,0,0,0,0,0,109,79,79,79,79,79,79,109,47,47,47,47,47,47,47,47,47,47,47,47,47,47,47,47,47,47,47,47,47,47,47,47,47,47,47,47,47,47,47,47,47,47,47,47,47,47,47,47,47,36,79,79,79,79,79,79,79,79,79,79,79,79,79,79,79,79,79,79,79,79,79,79,79,79,79,79,79,34,111,111,111,111,111,111,111,111,111,111,111,111,111,111,111,111,111,111,111,111,111,111,111,111,111,111,111,111,111,111,111,111,111,111,111,111,111,111,111,111,111,111,111,111,111,111,111,111,111,111,111,111,111,111,111,111,111,111,111,111,111,111,111,111,111,111,111,111,111,111,111,111,111,111,111,111,111,111,111,111,111,111,111,111,96,0,0,0,0,0,0,0,0,0,0,0,0,0,0,0,0,0,0,0,0,0,0,0,0,0,0,0,0,0,0,0,0,0,0,0,0,0,0,0,0,0,0,0,0,0,0,0,0,0,0,0,0,0,0,0,0,0,0,0,0,0,0,0,0,0,0,0,0,0,0,0,0,0,0,0,36,47,47,47,47,47,47,47,47,47,47,47,47,47,47,47,47,47,47,47,47,47,47,47,47,47,47,47,47,47,47,47,47,47,47,47,47,111,47,47,47,47,47,47,47,47,47,47,47,47,47,47,47,47,47,47,47,47,47,47,47,47,47,47,47,47,47,47,47,47,47,47,47,47,47,47,34,0,0,0,0,0,0,0,0,0,0,0,0,0,0,0,0,0,0,0,100,98,0,0,0,0,0,0,0,0,0,0,0,0,0,0,0,0,0,0,0,0,0,0,0,0,0,0,0,0,0,0,0,0,0,109,0,0,0,79,79,0,0,0,79,79,0,79,79,79,0,28,36,68,79,79,79,79,79,79,79,79,79,79,79,79,79,79,79,79,79,79,79,79,79,79,79,79,79,79,79,79,79,79,79,79,79,79,79,79,79,79,79,79,79,79,79,79,79,79,79,79,79,79,79,79,79,66,34,111,111,111,111,111,111,111,111,111,111,111,111,111,111,111,111,111,111,111,111,111,111,111,111,111,111,111,111,111,111,111,111,111,111,111,111,111,111,111,111,111,45,79,111,79,111,79,111,79,111,79,111,79,111,79,111,79,111,79,111,79,111,79,111,79,111,79,111,79,111,79,111,79,111,79,111,79,111,79,111,79,111,79,111,79,111,79,111,79,111,79,45,111,111,111,111,111,111,111,111,111,111,111,111,111,111,111,111,111,111,111,111,111,111,111,111,111,111,111,111,111,111,111,100,111,111,111,111,111,111,111,111,111,111,111,111,111,111,111,111,111,111,111,111,111,98,0,0,0,0,0,0,0,0,0,0,0,0,0,0,0,0,0,0,0,0,0,0,0,0,0,0,0,0,0,0,0,0,0,0,0,0,0,0,0,0,0,0,0,0,0,0,0,0,0,0,0,0,0,0,0,0,0,0,31,36,68,79,79,79,79,79,79,79,79,79,79,79,79,79,79,79,79,79,79,79,79,79,79,79,79,79,79,79,79,79,79,79,79,79,79,79,66,34,0,0,79,0,0,0,0,0,0,0,0,0,0,0,79,0,0,0,0,0,0,0,0,0,0,0,0,0,0,0,0,0,0,0,0,0,0,0,0,0,0,0,0,0,0,0,0,0,0,0,0,31,100,111,111,111,111,111,111,111,111,111,111,111,111,111,111,111,111,32,111,111,111,111,111,111,111,111,111,111,111,111,111,111,111,111,111,111,111,111,111,111,111,111,111,111,32,36,47,47,34,111,111,36,47,47,47,47,34,111,36,47,47,47,47,47,47,47,47,47,47,47,47,47,47,47,34,0,0,0,0,0,0,0,100,98,0,0,109,0,0,0,0,0,0,0,0,0,0,0,0,0,0,0,0,0,0,0,0,0,0,0,0,0,0,36,47,47,47,47,47,47,47,47,47,47
0,0,0,0,0,0,0,0,0,0,0,109,79,79,109,0,0,109,79,79,109,0,0,0,109,79,109,0,0,0,0,109,79,79,109,0,0,0,109,79,109,0,0,0,0,0,0,0,0,0,0,0,0,0,0,0,109,79,79,109,0,0,0,0,0,0,0,0,100,98,0,0,0,109,79,79,109,0,0,0,0,0,0,0,0,0,0,0,0,0,0,0,0,0,0,0,0,0,0,0,0,0,0,0,0,0,0,0,0,0,0,0,0,109,79,79,79,79,79,79,109,47,47,47,47,47,47,47,47,47,47,47,47,47,47,47,47,47,47,47,47,47,47,47,47,47,47,47,47,47,47,47,47,47,47,47,47,47,47,47,47,47,36,79,79,79,79,79,79,79,79,79,79,79,79,79,79,79,79,79,79,79,79,79,79,79,79,79,79,79,34,111,111,111,111,111,111,111,111,111,111,111,111,111,111,111,111,111,111,111,111,111,111,111,111,111,111,111,111,111,111,111,111,111,111,111,111,111,111,111,111,111,111,111,111,111,111,111,111,111,111,111,111,111,111,111,111,111,111,111,111,111,111,111,111,111,111,111,111,111,111,111,111,111,111,111,111,111,111,111,111,111,111,111,111,96,0,0,0,0,0,0,0,0,0,0,0,0,0,0,0,0,0,0,0,0,0,0,0,0,0,0,0,0,0,0,0,0,0,0,0,0,0,0,0,0,0,0,0,0,0,0,0,0,0,0,0,0,0,0,0,0,0,0,0,0,0,0,0,0,0,0,0,0,0,0,0,0,0,0,0,36,47,47,47,47,47,47,47,47,47,47,47,47,47,47,47,47,47,47,47,47,47,47,47,47,47,47,47,47,47,47,47,47,47,47,47,47,111,47,47,47,47,47,47,47,47,47,47,47,47,47,47,47,47,47,47,47,47,47,47,47,47,47,47,47,47,47,47,47,47,47,47,47,47,47,47,34,0,0,0,0,0,0,0,0,0,0,0,0,0,0,0,0,0,0,0,100,98,0,0,0,0,0,0,0,0,0,0,0,0,0,0,0,0,0,0,0,0,0,0,0,0,0,0,0,0,0,0,0,0,0,109,0,0,0,79,79,0,0,0,79,79,0,79,79,79,0,28,36,68,79,79,79,79,79,79,79,79,79,79,79,79,79,79,79,79,79,79,79,79,79,79,79,79,79,79,79,79,79,79,79,79,79,79,79,79,79,79,79,79,79,79,79,79,79,79,79,79,79,79,79,79,79,66,34,111,111,111,111,111,111,111,111,111,111,111,111,111,111,111,111,111,111,111,111,111,111,111,111,111,111,111,111,111,111,111,111,111,111,111,111,111,111,111,111,111,45,111,79,111,79,111,79,111,79,111,79,111,79,111,79,111,79,111,79,111,79,111,79,111,79,111,79,111,79,111,79,111,79,111,79,111,79,111,79,111,79,111,79,111,79,111,79,111,79,111,45,111,111,111,111,111,111,111,111,111,111,111,111,111,111,111,111,111,111,111,111,111,111,111,111,111,111,111,111,111,111,111,100,111,111,111,111,111,111,111,111,111,111,111,111,111,111,111,111,111,111,111,111,111,98,0,0,0,0,0,0,0,0,0,0,0,0,0,0,0,0,0,0,0,0,0,0,0,0,0,0,0,0,0,0,0,0,0,0,0,0,0,0,0,0,0,0,0,0,0,0,0,0,0,0,0,0,0,0,0,0,0,0,31,36,68,79,79,79,79,79,79,79,79,79,79,79,79,79,79,79,79,79,79,79,79,79,79,79,79,79,79,79,79,79,79,79,79,79,79,79,66,34,0,0,79,0,0,0,0,0,0,0,0,0,0,0,79,0,0,0,0,0,0,0,0,0,0,0,0,0,0,0,0,0,0,0,0,0,0,0,0,0,0,0,0,0,0,0,0,0,0,0,0,31,100,111,111,111,111,111,111,111,111,111,111,111,111,111,111,111,111,32,111,111,111,111,111,111,111,111,111,111,111,111,111,111,111,111,111,111,111,111,111,111,111,111,111,111,32,36,47,47,34,111,111,36,47,47,47,47,34,111,36,47,47,47,47,47,47,47,47,47,47,47,47,47,47,47,34,0,0,0,0,0,0,0,100,98,0,0,109,0,0,0,0,0,0,0,0,0,0,0,0,0,0,0,0,0,0,0,0,0,0,0,0,0,0,36,47,47,47,47,47,47,47,47,47,47
0,0,0,0,0,0,0,0,0,0,0,109,79,79,109,0,0,109,79,79,109,0,0,0,109,79,109,0,0,0,0,109,79,79,109,0,0,0,109,79,109,0,0,0,0,0,0,0,0,0,0,0,0,0,0,0,109,79,79,109,0,0,0,0,0,0,0,0,100,98,0,0,0,109,79,79,109,0,0,0,0,0,0,0,0,0,0,0,0,0,0,0,0,0,0,0,0,0,0,0,0,0,0,0,0,0,0,0,0,0,0,0,0,109,79,79,79,79,79,79,109,47,47,47,47,47,47,47,47,47,47,47,47,47,47,47,47,47,47,47,47,47,47,47,47,47,47,47,47,47,47,47,47,47,47,47,47,47,47,47,47,47,36,79,79,79,79,79,79,79,79,79,79,79,79,79,79,79,79,79,79,79,79,79,79,79,79,79,79,79,34,111,111,111,111,111,111,111,111,111,111,111,111,111,111,111,111,111,111,111,111,111,111,111,111,111,111,111,111,111,111,111,111,111,111,111,111,111,111,111,111,111,111,111,111,111,111,111,111,111,111,111,111,111,111,111,111,111,111,111,111,111,111,111,111,111,111,111,111,111,111,111,111,111,111,111,111,111,111,111,111,111,111,111,111,96,0,0,0,0,0,0,0,0,0,0,0,0,0,0,0,0,0,0,0,0,0,0,0,0,0,0,0,0,0,0,0,0,0,0,0,0,0,0,0,0,0,0,0,0,0,0,0,0,0,0,0,0,0,0,0,0,0,0,0,0,0,0,0,0,0,0,0,0,0,0,0,0,0,0,0,36,47,47,47,47,47,47,47,47,47,47,47,47,47,47,47,47,47,47,47,47,47,47,47,47,47,47,47,47,47,47,47,47,47,47,47,47,111,47,47,47,47,47,47,47,47,47,47,47,47,47,47,47,47,47,47,47,47,47,47,47,47,47,47,47,47,47,47,47,47,47,47,47,47,47,47,34,0,0,0,0,0,0,0,0,0,0,0,0,0,0,0,0,0,0,0,100,98,0,0,0,0,0,0,0,0,0,0,0,0,0,0,0,0,0,0,0,0,0,0,0,0,0,0,0,0,0,0,0,0,0,109,0,0,0,79,79,0,0,0,79,79,0,79,79,79,0,28,36,68,79,79,79,79,79,79,79,79,79,79,79,79,79,79,79,79,79,79,79,79,79,79,79,79,79,79,79,79,79,79,79,79,79,79,79,79,79,79,79,79,79,79,79,79,79,79,79,79,79,79,79,79,79,66,34,111,111,111,111,111,111,111,111,111,111,111,111,111,111,111,111,111,111,111,111,111,111,111,111,111,111,111,111,111,111,111,111,111,111,111,111,111,111,111,111,111,45,79,111,79,111,79,111,79,111,79,111,79,111,79,111,79,111,79,111,79,111,79,111,79,111,79,111,79,111,79,111,79,111,79,111,79,111,79,111,79,111,79,111,79,111,79,111,79,111,79,45,111,111,111,111,111,111,111,111,111,111,111,111,111,111,111,111,111,111,111,111,111,111,111,111,111,111,111,111,111,111,111,100,111,111,111,111,111,111,111,111,111,111,111,111,111,111,111,111,111,111,111,111,111,98,0,0,0,0,0,0,0,0,0,0,0,0,0,0,0,0,0,0,0,0,0,0,0,0,0,0,0,0,0,0,0,0,0,0,0,0,0,0,0,0,0,0,0,0,0,0,0,0,0,0,0,0,0,0,0,0,0,0,31,36,68,79,79,79,79,79,79,79,79,79,79,79,79,79,79,79,79,79,79,79,79,79,79,79,79,79,79,79,79,79,79,79,79,79,79,79,66,34,0,0,79,0,0,0,0,0,0,0,0,0,0,0,79,0,0,0,0,0,0,0,0,0,0,0,0,0,0,0,0,0,0,0,0,0,0,0,0,0,0,0,0,0,0,0,0,0,0,0,0,31,100,111,111,111,111,111,111,111,111,111,111,111,111,111,111,111,111,32,111,111,111,111,111,111,111,111,111,111,111,111,111,111,111,111,111,111,111,111,111,111,111,111,111,111,32,36,47,47,34,111,111,36,47,47,47,47,34,111,36,47,47,47,47,47,47,47,47,47,47,47,47,47,47,47,34,0,0,0,0,0,0,0,100,98,0,0,109,0,0,0,0,0,0,0,0,0,0,0,0,0,0,0,0,0,0,0,0,0,0,0,0,0,0,36,47,47,47,47,47,47,47,47,47,47
0,0,0,0,0,0,0,0,0,0,0,109,79,79,109,0,0,109,79,79,109,0,0,0,109,79,109,0,0,0,0,109,79,79,109,0,0,0,109,79,109,0,0,0,0,0,0,0,0,0,0,0,0,0,0,0,109,79,79,109,0,0,0,0,0,0,0,0,100,98,0,0,0,109,79,79,109,0,0,0,0,0,0,0,0,0,0,0,0,0,0,0,0,0,0,0,0,0,0,0,0,0,0,0,0,0,0,0,0,0,0,0,0,109,79,79,79,79,79,79,109,47,47,47,47,47,47,47,47,47,47,47,47,47,47,47,47,47,47,47,47,47,47,47,47,47,47,47,47,47,47,47,47,47,47,47,47,47,47,47,47,47,36,79,79,79,79,79,79,79,79,79,79,79,79,79,79,79,79,79,79,79,79,79,79,79,79,79,79,79,34,111,111,111,111,111,111,111,111,111,111,111,111,111,111,111,111,111,111,111,111,111,111,111,111,111,111,111,111,111,111,111,111,111,111,111,111,111,111,111,111,111,111,111,111,111,111,111,111,111,111,111,111,111,111,111,111,111,111,111,111,111,111,111,111,111,111,111,111,111,111,111,111,111,111,111,111,111,111,111,111,111,111,111,111,96,0,0,0,0,0,0,0,0,0,0,0,0,0,0,0,0,0,0,0,0,0,0,0,0,0,0,0,0,0,0,0,0,0,0,0,0,0,0,0,0,0,0,0,0,0,0,0,0,0,0,0,0,0,0,0,0,0,0,0,0,0,0,0,0,0,0,0,0,0,0,0,0,0,0,0,36,47,47,47,47,47,47,47,47,47,47,47,47,47,47,47,47,47,47,47,47,47,47,47,47,47,47,47,47,47,47,47,47,47,47,47,47,111,47,47,47,47,47,47,47,47,47,47,47,47,47,47,47,47,47,47,47,47,47,47,47,47,47,47,47,47,47,47,47,47,47,47,47,47,47,47,34,0,0,0,0,0,0,0,0,0,0,0,0,0,0,0,0,0,0,0,100,98,0,0,0,0,0,0,0,0,0,0,0,0,0,0,0,0,0,0,0,0,0,0,0,0,0,0,0,0,0,0,0,0,0,109,0,0,0,79,79,0,0,0,79,79,0,79,79,79,0,28,36,68,79,79,79,79,79,79,79,79,79,79,79,79,79,79,79,79,79,79,79,79,79,79,79,79,79,79,79,79,79,79,79,79,79,79,79,79,79,79,79,79,79,79,79,79,79,79,79,79,79,79,79,79,79,66,34,111,111,111,111,111,111,111,111,111,111,111,111,111,111,111,111,111,111,111,111,111,111,111,111,111,111,111,111,111,111,111,111,111,111,111,111,111,111,111,111,111,45,111,79,111,79,111,79,111,79,111,79,111,79,111,79,111,79,111,79,111,79,111,79,111,79,111,79,111,79,111,79,111,79,111,79,111,79,111,79,111,79,111,79,111,79,111,79,111,79,111,45,111,111,111,111,111,111,111,111,111,111,111,111,111,111,111,111,111,111,111,111,111,111,111,111,111,111,111,111,111,111,111,100,111,111,111,111,111,111,111,111,111,111,111,111,111,111,111,111,111,111,111,111,111,98,0,0,0,0,0,0,0,0,0,0,0,0,0,0,0,0,0,0,0,0,0,0,0,0,0,0,0,0,0,0,0,0,0,0,0,0,0,0,0,0,0,0,0,0,0,0,0,0,0,0,0,0,0,0,0,0,0,0,31,36,68,79,79,79,79,79,79,79,79,79,79,79,79,79,79,79,79,79,79,79,79,79,79,79,79,79,79,79,79,79,79,79,79,79,79,79,66,34,0,0,79,0,0,0,0,0,0,0,0,0,0,0,79,0,0,0,0,0,0,0,0,0,0,0,0,0,0,0,0,0,0,0,0,0,0,0,0,0,0,0,0,0,0,0,0,0,0,0,0,31,100,111,111,111,111,111,111,111,111,111,111,111,111,111,111,111,111,32,111,111,111,111,111,111,111,111,111,111,111,111,111,111,111,111,111,111,111,111,111,111,111,111,111,111,32,36,47,47,34,111,111,36,47,47,47,47,34,111,36,47,47,47,47,47,47,47,47,47,47,47,47,47,47,47,34,0,0,0,0,0,0,0,100,98,0,0,109,0,0,0,0,0,0,0,0,0,0,0,0,0,0,0,0,0,0,0,0,0,0,0,0,0,0,36,47,47,47,47,47,47,47,47,47,47
0,0,0,0,0,0,0,0,0,0,0,109,79,79,109,0,0,109,79,79,109,0,0,0,109,79,109,0,0,0,0,109,79,79,109,0,0,0,109,79,109,0,0,0,0,0,0,0,0,0,0,0,0,0,0,0,109,79,79,109,0,0,0,0,0,0,0,0,100,98,0,0,0,109,79,79,109,0,0,0,0,0,0,0,0,0,0,0,0,0,0,0,0,0,0,0,0,0,0,0,0,0,0,0,0,0,0,0,0,0,0,0,0,109,79,79,79,79,79,79,109,47,47,47,47,47,47,47,47,47,47,47,47,47,47,47,47,47,47,47,47,47,47,47,47,47,47,47,47,47,47,47,47,47,47,47,47,47,47,47,47,47,36,79,79,79,79,79,79,79,79,79,79,79,79,79,79,79,79,79,79,79,79,79,79,79,79,79,79,79,34,111,111,111,111,111,111,111,111,111,111,111,111,111,111,111,111,111,111,111,111,111,111,111,111,111,111,111,111,111,111,111,111,111,111,111,111,111,111,111,111,111,111,111,111,111,111,111,111,111,111,111,111,111,111,111,111,111,111,111,111,111,111,111,111,111,111,111,111,111,111,111,111,111,111,111,111,111,111,111,111,111,111,111,111,96,0,0,0,0,0,0,0,0,0,0,0,0,0,0,0,0,0,0,0,0,0,0,0,0,0,0,0,0,0,0,0,0,0,0,0,0,0,0,0,0,0,0,0,0,0,0,0,0,0,0,0,0,0,0,0,0,0,0,0,0,0,0,0,0,0,0,0,0,0,0,0,0,0,0,0,36,47,47,47,47,47,47,47,47,47,47,47,47,47,47,47,47,47,47,47,47,47,47,47,47,47,47,47,47,47,47,47,47,47,47,47,47,111,47,47,47,47,47,47,47,47,47,47,47,47,47,47,47,47,47,47,47,47,47,47,47,47,47,47,47,47,47,47,47,47,47,47,47,47,47,47,34,0,0,0,0,0,0,0,0,0,0,0,0,0,0,0,0,0,0,0,100,98,0,0,0,0,0,0,0,0,0,0,0,0,0,0,0,0,0,0,0,0,0,0,0,0,0,0,0,0,0,0,0,0,0,109,0,0,0,79,79,0,0,0,79,79,0,79,79,79,0,28,36,68,79,79,79,79,79,79,79,79,79,79,79,79,79,79,79,79,79,79,79,79,79,79,79,79,79,79,79,79,79,79,79,79,79,79,79,79,79,79,79,79,79,79,79,79,79,79,79,79,79,79,79,79,79,66,34,111,111,111,111,111,111,111,111,111,111,111,111,111,111,111,111,111,111,111,111,111,111,111,111,111,111,111,111,111,111,111,111,111,111,111,111,111,111,111,111,111,45,79,111,79,111,79,111,79,111,79,111,79,111,79,111,79,111,79,111,79,111,79,111,79,111,79,111,79,111,79,111,79,111,79,111,79,111,79,111,79,111,79,111,79,111,79,111,79,111,79,45,111,111,111,111,111,111,111,111,111,111,111,111,111,111,111,111,111,111,111,111,111,111,111,111,111,111,111,111,111,111,111,100,111,111,111,111,111,111,111,111,111,111,111,111,111,111,111,111,111,111,111,111,111,98,0,0,0,0,0,0,0,0,0,0,0,0,0,0,0,0,0,0,0,0,0,0,0,0,0,0,0,0,0,0,0,0,0,0,0,0,0,0,0,0,0,0,0,0,0,0,0,0,0,0,0,0,0,0,0,0,0,0,31,36,68,79,79,79,79,79,79,79,79,79,79,79,79,79,79,79,79,79,79,79,79,79,79,79,79,79,79,79,79,79,79,79,79,79,79,79,66,34,0,0,79,0,0,0,0,0,0,0,0,0,0,0,79,0,0,0,0,0,0,0,0,0,0,0,0,0,0,0,0,0,0,0,0,0,0,0,0,0,0,0,0,0,0,0,0,0,0,0,0,31,100,111,111,111,111,111,111,111,111,111,111,111,111,111,111,111,111,32,111,111,111,111,111,111,111,111,111,111,111,111,111,111,111,111,111,111,111,111,111,111,111,111,111,111,32,36,47,47,34,111,111,36,47,47,47,47,34,111,36,47,47,47,47,47,47,47,47,47,47,47,47,47,47,47,34,0,0,0,0,0,0,0,100,98,0,0,109,0,0,0,0,0,0,0,0,0,0,0,0,0,0,0,0,0,0,0,0,0,0,0,0,0,0,36,47,47,47,47,47,47,47,47,47,47
0,0,0,0,0,0,0,0,0,0,0,109,79,79,109,0,0,109,79,79,109,0,0,0,109,79,109,0,0,0,0,109,79,79,109,0,0,0,109,79,109,0,0,0,0,0,0,0,0,0,0,0,0,0,0,0,109,79,79,109,0,0,0,0,0,0,0,0,100,98,0,0,0,109,79,79,109,0,0,0,0,0,0,0,0,0,0,0,0,0,0,0,0,0,0,0,0,0,0,0,0,0,0,0,0,0,0,0,0,0,0,0,0,109,79,79,79,79,79,79,109,47,47,47,47,47,47,47,47,47,47,47,47,47,47,47,47,47,47,47,47,47,47,47,47,47,47,47,47,47,47,47,47,47,47,47,47,47,47,47,47,47,36,79,79,79,79,79,79,79,79,79,79,79,79,79,79,79,79,79,79,79,79,79,79,79,79,79,79,79,34,111,111,111,111,111,111,111,111,111,111,111,111,111,111,111,111,111,111,111,111,111,111,111,111,111,111,111,111,111,111,111,111,111,111,111,111,111,111,111,111,111,111,111,111,111,111,111,111,111,111,111,111,111,111,111,111,111,111,111,111,111,111,111,111,111,111,111,111,111,111,111,111,111,111,111,111,111,111,111,111,111,111,111,111,96,0,0,0,0,0,0,0,0,0,0,0,0,0,0,0,0,0,0,0,0,0,0,0,0,0,0,0,0,0,0,0,0,0,0,0,0,0,0,0,0,0,0,0,0,0,0,0,0,0,0,0,0,0,0,0,0,0,0,0,0,0,0,0,0,0,0,0,0,0,0,0,0,0,0,0,36,47,47,47,47,47,47,47,47,47,47,47,47,47,47,47,47,47,47,47,47,47,47,47,47,47,47,47,47,47,47,47,47,47,47,47,47,111,47,47,47,47,47,47,47,47,47,47,47,47,47,47,47,47,47,47,47,47,47,47,47,47,47,47,47,47,47,47,47,47,47,47,47,47,47,47,34,0,0,0,0,0,0,0,0,0,0,0,0,0,0,0,0,0,0,0,100,98,0,0,0,0,0,0,0,0,0,0,0,0,0,0,0,0,0,0,0,0,0,0,0,0,0,0,0,0,0,0,0,0,0,109,0,0,0,79,79,0,0,79,79,79,0,79,79,79,0,28,36,68,79,79,79,79,79,79,79,79,79,79,79,79,79,79,79,79,79,79,79,79,79,79,79,79,79,79,79,79,79,79,79,79,79,79,79,79,79,79,79,79,79,79,79,79,79,79,79,79,79,79,79,79,79,66,34,111,111,111,111,111,111,111,111,111,111,111,111,111,111,111,111,111,111,111,111,111,111,111,111,111,111,111,111,111,111,111,111,111,111,111,111,111,111,111,111,111,45,111,79,111,79,111,79,111,79,111,79,111,79,111,79,111,79,111,79,111,79,111,79,111,79,111,79,111,79,111,79,111,79,111,79,111,79,111,79,111,79,111,79,111,79,111,79,111,79,111,45,111,111,111,111,111,111,111,111,111,111,111,111,111,111,111,111,111,111,111,111,111,111,111,111,111,111,111,111,111,111,111,100,111,111,111,111,111,111,111,111,111,111,111,111,111,111,111,111,111,111,111,111,111,98,0,0,0,0,0,0,0,0,0,0,0,0,0,0,0,0,0,0,0,0,0,0,0,0,0,0,0,0,0,0,0,0,0,0,0,0,0,0,0,0,0,0,0,0,0,0,0,0,0,0,0,0,0,0,0,0,0,0,31,36,68,79,79,79,79,79,79,79,79,79,79,79,79,79,79,79,79,79,79,79,79,79,79,79,79,79,79,79,79,79,79,79,79,79,79,79,66,34,0,0,79,0,0,0,0,0,0,0,0,0,0,0,79,0,0,0,0,0,0,0,0,0,0,0,0,0,0,0,0,0,0,0,0,0,0,0,0,0,0,0,0,0,0,0,0,0,0,0,0,31,100,111,111,111,111,111,111,111,111,111,111,111,111,111,111,111,111,32,111,111,111,111,111,111,111,111,111,111,111,111,111,111,111,111,111,111,111,111,111,111,111,111,111,111,32,36,47,47,34,111,111,36,47,47,47,47,34,111,36,47,47,47,47,47,47,47,47,47,47,47,47,47,47,47,34,0,0,0,0,0,0,0,100,98,0,0,109,0,0,0,0,0,0,0,0,0,0,0,0,0,0,0,0,0,0,0,0,0,0,0,0,0,0,36,47,47,47,47,47,47,47,47,47,47
0,0,0,0,0,0,0,0,0,0,0,109,79,79,109,0,0,109,79,79,109,0,0,0,109,79,109,0,0,0,0,109,79,79,109,0,0,0,109,79,109,0,0,0,0,0,0,0,0,0,0,0,0,0,0,0,109,79,79,109,0,0,0,0,0,0,0,0,100,98,0,0,0,109,79,79,109,0,0,0,0,0,0,0,0,0,0,0,0,0,0,0,0,0,0,0,0,0,0,0,0,0,0,0,0,0,0,0,0,0,0,0,0,109,79,79,79,79,79,79,109,47,47,47,47,47,47,47,47,47,47,47,47,47,47,47,47,47,47,47,47,47,47,47,47,47,47,47,47,47,47,47,47,47,47,47,47,47,47,47,47,47,36,79,79,79,79,79,79,79,79,79,79,79,79,79,79,79,79,79,79,79,79,79,79,79,79,79,79,79,34,111,111,111,111,111,111,111,111,111,111,111,111,111,111,111,111,111,111,111,111,111,111,111,111,111,111,111,111,111,111,111,111,111,111,111,111,111,111,111,111,111,111,111,111,111,111,111,111,111,111,111,111,111,111,111,111,111,111,111,111,111,111,111,111,111,111,111,111,111,111,111,111,111,111,111,111,111,111,111,111,111,111,111,111,96,0,0,0,0,0,0,0,0,0,0,0,0,0,0,0,0,0,0,0,0,0,0,0,0,0,0,0,0,0,0,0,0,0,0,0,0,0,0,0,0,0,0,0,0,0,0,0,0,0,0,0,0,0,0,0,0,0,0,0,0,0,0,0,0,0,0,0,0,0,0,0,0,0,0,0,36,47,47,47,47,47,47,47,47,47,47,47,47,47,47,47,47,47,47,47,47,47,47,47,47,47,47,47,47,47,47,47,47,47,47,47,47,111,47,47,47,47,47,47,47,47,47,47,47,47,47,47,47,47,47,47,47,47,47,47,47,47,47,47,47,47,47,47,47,47,47,47,47,47,47,47,34,0,0,0,0,0,0,0,0,0,0,0,0,0,0,0,0,0,0,0,100,98,0,0,0,0,0,0,0,0,0,0,0,0,0,0,0,0,0,0,0,0,0,0,0,0,0,0,0,0,0,0,0,0,0,109,0,0,0,79,79,79,0,79,79,79,0,79,79,79,0,28,36,68,79,79,79,79,79,79,79,79,79,79,79,79,79,79,79,79,79,79,79,79,79,79,79,79,79,79,79,79,79,79,79,79,79,79,79,79,79,79,79,79,79,79,79,79,79,79,79,79,79,79,79,79,79,66,34,111,111,111,111,111,111,111,111,111,111,111,111,111,111,111,111,111,111,111,111,111,111,111,111,111,111,111,111,111,111,111,111,111,111,111,111,111,111,111,111,111,45,79,111,79,111,79,111,79,111,79,111,79,111,79,111,79,111,79,111,79,111,79,111,79,111,79,111,79,111,79,111,79,111,79,111,79,111,79,111,79,111,79,111,79,111,79,111,79,111,79,45,111,111,111,111,111,111,111,111,111,111,111,111,111,111,111,111,111,111,111,111,111,111,111,111,111,111,111,111,111,111,111,100,111,111,111,111,111,111,111,111,111,111,111,111,111,111,111,111,111,111,111,111,111,98,0,0,0,0,0,0,0,0,0,0,0,0,0,0,0,0,0,0,0,0,0,0,0,0,0,0,0,0,0,0,0,0,0,0,0,0,0,0,0,0,0,0,0,0,0,0,0,0,0,0,0,0,0,0,0,0,0,0,31,36,68,79,79,79,79,79,79,79,79,79,79,79,79,79,79,79,79,79,79,79,79,79,79,79,79,79,79,79,79,79,79,79,79,79,79,79,66,34,0,0,79,0,0,0,0,0,0,0,0,0,0,0,79,0,0,0,0,0,0,0,0,0,0,0,0,0,0,0,0,0,0,0,0,0,0,0,0,0,0,0,0,0,0,0,0,0,0,0,0,31,100,111,111,111,111,111,111,111,111,111,111,111,111,111,111,111,111,32,111,111,111,111,111,111,111,111,111,111,111,111,111,111,111,111,111,111,111,111,111,111,111,111,111,111,32,36,47,47,34,111,111,36,47,47,47,47,34,111,36,47,47,47,47,47,47,47,47,47,47,47,47,47,47,47,34,0,0,0,0,0,0,0,100,98,0,0,109,0,0,0,0,0,0,0,0,0,0,0,0,0,0,0,0,0,0,0,0,0,0,0,0,0,0,36,47,47,47,47,47,47,47,47,47,47
0,0,0,0,0,0,0,0,0,0,0,109,79,79,109,0,0,109,79,79,109,0,0,0,109,79,109,0,0,0,0,109,79,79,109,0,0,0,109,79,109,0,0,0,0,0,0,0,0,0,0,0,0,0,0,0,109,79,79,109,0,0,0,0,0,0,0,0,100,98,0,0,0,109,79,79,109,0,0,0,0,0,0,0,0,0,0,0,0,0,0,0,0,0,0,0,0,0,0,0,0,0,0,0,0,0,0,0,0,0,0,0,0,109,79,79,79,79,79,79,109,47,47,47,47,47,47,47,47,47,47,47,47,47,47,47,47,47,47,47,47,47,47,47,47,47,47,47,47,47,47,47,47,47,47,47,47,47,47,47,47,47,36,79,79,79,79,79,79,79,79,79,79,79,79,79,79,79,79,79,79,79,79,79,79,79,79,79,79,79,34,111,111,111,111,111,111,111,111,111,111,111,111,111,111,111,111,111,111,111,111,111,111,111,111,111,111,111,111,111,111,111,111,111,111,111,111,111,111,111,111,111,111,111,111,111,111,111,111,111,111,111,111,111,111,111,111,111,111,111,111,111,111,111,111,111,111,111,111,111,111,111,111,111,111,111,111,111,111,111,111,111,111,111,111,96,0,0,0,0,0,0,0,0,0,0,0,0,0,0,0,0,0,0,0,0,0,0,0,0,0,0,0,0,0,0,0,0,0,0,0,0,0,0,0,0,0,0,0,0,0,0,0,0,0,0,0,0,0,0,0,0,0,0,0,0,0,0,0,0,0,0,0,0,0,0,0,0,0,0,0,36,47,47,47,47,47,47,47,47,47,47,47,47,47,47,47,47,47,47,47,47,47,47,47,47,47,47,47,47,47,47,47,47,47,47,47,47,111,47,47,47,47,47,47,47,47,47,47,47,47,47,47,47,47,47,47,47,47,47,47,47,47,47,47,47,47,47,47,47,47,47,47,47,47,47,47,34,0,0,0,0,0,0,0,0,0,0,0,0,0,0,0,0,0,0,0,100,98,0,0,0,0,0,0,0,0,0,0,0,0,0,0,0,0,0,0,0,0,0,0,0,0,0,0,0,0,0,0,0,0,0,109,0,0,0,79,79,79,0,79,79,79,0,79,79,79,0,28,36,68,79,79,79,79,79,79,79,79,79,79,79,79,79,79,79,79,79,79,79,79,79,79,79,79,79,79,79,79,79,79,79,79,79,79,79,79,79,79,79,79,79,79,79,79,79,79,79,79,79,79,79,79,79,66,34,111,111,111,111,111,111,111,111,111,111,111,111,111,111,111,111,111,111,111,111,111,111,111,111,111,111,111,111,111,111,111,111,111,111,111,111,111,111,111,111,111,45,111,79,111,79,111,79,111,79,111,79,111,79,111,79,111,79,111,79,111,79,111,79,111,79,111,79,111,79,111,79,111,79,111,79,111,79,111,79,111,79,111,79,111,79,111,79,111,79,111,45,111,111,111,111,111,111,111,111,111,111,111,111,111,111,111,111,111,111,111,111,111,111,111,111,111,111,111,111,111,111,111,100,111,111,111,111,111,111,111,111,111,111,111,111,111,111,111,111,111,111,111,111,111,98,0,0,0,0,0,0,0,0,0,0,0,0,0,0,0,0,0,0,0,0,0,0,0,0,0,0,0,0,0,0,0,0,0,0,0,0,0,0,0,0,0,0,0,0,0,0,0,0,0,0,0,0,0,0,0,0,0,0,31,36,68,79,79,79,79,79,79,79,79,79,79,79,79,79,79,79,79,79,79,79,79,79,79,79,79,79,79,79,79,79,79,79,79,79,79,79,66,34,0,0,79,0,0,0,0,0,0,0,0,0,0,0,79,0,0,0,0,0,0,0,0,0,0,0,0,0,0,0,0,0,0,0,0,0,0,0,0,0,0,0,0,0,0,0,0,0,0,0,0,31,100,111,111,111,111,111,111,111,111,111,111,111,111,111,111,111,111,32,111,111,111,111,111,111,111,111,111,111,111,111,111,111,111,111,111,111,111,111,111,111,111,111,111,111,32,36,47,47,34,111,111,36,47,47,47,47,34,111,36,47,47,47,47,47,47,47,47,47,47,47,47,47,47,47,34,0,0,0,0,0,0,0,100,98,0,0,109,0,0,0,0,0,0,0,0,0,0,0,0,0,0,0,0,0,0,0,0,0,0,0,0,0,0,36,47,47,47,47,47,47,47,47,47,47
0,0,0,0,0,0,0,0,0,0,0,109,79,79,109,0,0,109,79,79,109,0,0,0,109,79,109,0,0,0,0,109,79,79,109,0,0,0,109,79,109,0,0,0,0,0,0,0,0,0,0,0,116,117,118,0,109,79,79,109,0,0,0,0,0,0,0,0,100,98,0,0,0,109,79,79,109,0,0,0,0,0,0,0,0,0,0,0,0,0,0,0,0,0,0,0,0,0,0,0,0,0,0,0,0,0,0,0,0,0,0,0,0,109,79,79,79,79,79,79,109,47,47,47,47,47,47,47,47,47,47,47,47,47,47,47,47,47,47,47,47,47,47,47,47,47,47,47,47,47,47,47,47,47,47,47,47,47,47,47,47,47,36,79,79,79,79,79,79,79,79,79,79,79,79,79,79,79,79,79,79,79,79,79,79,79,79,79,79,79,34,111,111,111,111,111,111,111,111,111,111,111,111,111,111,111,111,111,111,111,111,111,111,111,111,111,111,111,111,111,111,111,111,111,111,111,111,111,111,111,111,111,111,111,111,111,111,111,111,111,111,111,111,111,111,111,111,111,111,111,111,111,111,111,111,111,111,111,111,111,111,111,111,111,111,111,111,111,111,111,111,111,111,111,111,96,0,0,0,0,0,0,0,0,0,0,0,0,0,0,0,0,0,0,0,0,0,0,0,0,0,0,0,0,0,0,0,0,0,0,0,0,0,0,0,0,0,0,0,0,0,0,0,0,0,0,0,0,0,0,0,0,0,0,0,0,0,0,0,0,0,0,0,0,0,0,0,0,0,0,0,36,47,47,47,47,47,47,47,47,47,47,47,47,47,47,47,47,47,47,47,47,47,47,47,47,47,47,47,47,47,47,47,47,47,47,47,47,111,47,47,47,47,47,47,47,47,47,47,47,47,47,47,47,47,47,47,47,47,47,47,47,47,47,47,47,47,47,47,47,47,47,47,47,47,47,47,34,0,0,0,0,0,0,0,0,0,0,0,0,0,0,0,0,0,0,0,100,98,0,0,0,0,0,0,0,0,0,0,0,0,0,0,0,0,0,0,0,0,0,0,0,0,0,0,0,0,0,0,0,0,0,109,0,0,0,79,79,79,0,79,79,79,0,79,79,79,0,28,36,68,79,79,79,79,79,79,79,79,79,79,79,79,79,79,79,79,79,79,79,79,79,79,79,79,79,79,79,79,79,79,79,79,79,79,79,79,79,79,79,79,79,79,79,79,79,79,79,79,79,79,79,79,79,66,34,111,111,111,111,111,111,111,111,111,111,111,111,111,111,111,111,111,111,111,111,111,111,111,111,111,111,111,111,111,111,111,111,111,111,111,111,111,111,111,111,111,45,79,111,79,111,79,111,79,111,79,111,79,111,79,111,79,111,79,111,79,111,79,111,79,111,79,111,79,111,79,111,79,111,79,111,79,111,79,111,79,111,79,111,79,111,79,111,79,111,79,45,111,111,111,111,111,111,111,111,111,111,111,111,111,111,111,111,111,111,111,111,111,111,111,111,111,111,111,111,111,111,111,100,111,111,111,111,111,111,111,111,111,111,111,111,111,111,111,111,111,111,111,111,111,98,0,0,0,0,0,0,0,0,0,0,0,0,0,0,0,0,0,0,0,0,0,0,0,0,0,0,0,0,0,0,0,0,0,0,0,0,0,0,0,0,0,0,0,0,0,0,0,0,0,0,0,0,0,0,0,0,0,0,31,36,68,79,79,79,79,79,79,79,79,79,79,79,79,79,79,79,79,79,79,79,79,79,79,79,79,79,79,79,79,79,79,79,79,79,79,79,66,34,0,0,79,0,0,0,0,0,0,0,0,0,0,0,79,0,0,0,0,0,0,0,0,0,0,0,0,0,0,0,0,0,0,0,0,0,0,0,0,0,0,0,0,0,0,0,0,0,0,0,0,31,100,111,111,111,111,111,111,111,111,111,111,111,111,111,111,111,111,32,111,111,111,111,111,111,111,111,111,111,111,111,111,111,111,111,111,111,111,111,111,111,111,111,111,111,32,36,47,47,34,111,111,36,47,47,47,47,34,111,36,47,47,47,47,47,47,47,47,47,47,47,47,47,47,47,162,0,8,9,125,8,9,0,100,98,0,0,109,0,116,117,118,0,0,0,0,0,0,0,0,0,0,0,0,0,0,0,0,0,0,0,0,0,0,36,47,47,47,47,47,47,47,47,47,47
0,0,0,0,0,0,0,0,0,0,0,109,79,79,109,0,0,109,79,79,109,0,0,0,109,79,109,0,0,0,0,109,79,79,109,0,0,0,109,79,109,0,0,0,0,0,0,0,0,0,0,0,119,120,121,0,109,79,79,109,0,0,0,0,0,0,0,0,100,98,0,0,0,109,79,79,109,0,0,0,0,0,0,0,0,0,0,0,0,0,0,0,0,0,0,0,0,0,0,0,0,0,0,0,0,0,0,0,0,0,0,0,0,109,79,79,79,79,79,79,109,47,47,47,47,47,47,47,47,47,47,47,47,47,47,47,47,47,47,47,47,47,47,47,47,47,47,47,47,47,47,47,47,47,47,47,47,47,47,47,47,47,36,79,79,79,79,79,79,79,79,79,79,79,79,79,79,79,79,79,79,79,79,79,79,79,79,79,79,79,34,111,111,111,111,111,111,111,111,111,111,111,111,111,111,111,111,111,111,111,111,111,111,111,111,111,111,111,111,111,111,111,111,111,111,111,111,111,111,111,111,111,111,111,111,111,111,111,111,111,111,111,111,111,111,111,111,111,111,111,111,111,111,111,111,111,111,111,111,111,111,111,111,111,111,111,111,111,111,111,111,111,111,111,111,96,0,0,0,0,0,0,0,0,0,0,0,0,0,0,0,0,0,0,0,0,0,0,0,0,0,0,0,0,0,0,0,0,0,0,0,0,0,0,0,0,0,0,0,0,0,0,0,0,0,0,0,0,0,0,0,0,0,0,0,0,0,0,0,0,0,17,0,0,0,0,0,0,0,0,0,36,47,47,47,47,47,47,47,47,47,47,47,47,47,47,47,47,47,47,47,47,47,47,47,47,47,47,47,47,47,47,47,47,47,47,47,47,111,47,47,47,47,47,47,47,47,47,47,47,47,47,47,47,47,47,47,47,47,47,47,47,47,47,47,47,47,47,47,47,47,47,47,47,47,47,47,34,0,0,0,0,0,0,0,0,0,0,0,0,0,0,0,0,0,0,0,100,98,0,0,0,0,0,0,0,0,0,0,0,0,0,0,0,0,0,0,0,0,0,0,0,0,0,0,0,0,0,0,0,0,0,109,0,0,0,79,79,79,0,79,79,79,0,79,79,79,0,28,36,68,79,79,79,79,79,79,79,79,79,79,79,79,79,79,79,79,79,79,79,79,79,79,79,79,79,79,79,79,79,79,79,79,79,79,79,79,79,79,79,79,79,79,79,79,79,79,79,79,79,79,79,79,79,66,34,111,111,111,111,111,111,111,111,111,111,111,111,111,111,111,111,111,111,111,111,111,111,111,111,111,111,111,111,111,111,111,111,111,111,111,111,111,111,111,111,111,45,111,79,111,79,111,79,111,79,111,79,111,79,111,79,111,79,111,79,111,79,111,79,111,79,111,79,111,79,111,79,111,79,111,79,111,79,111,79,111,79,111,79,111,79,111,79,111,79,111,45,111,111,111,111,111,111,111,111,111,111,111,111,111,111,111,111,111,111,111,111,111,111,111,111,111,111,111,111,111,111,111,100,111,111,111,111,111,111,111,111,111,111,111,111,111,111,111,111,111,111,111,111,111,98,0,0,0,0,0,0,0,0,0,116,117,118,0,0,0,0,0,0,0,0,0,0,0,0,0,0,0,0,0,0,0,0,0,0,0,0,0,0,116,117,118,0,0,0,0,0,0,0,0,0,0,0,0,0,0,0,0,0,31,36,68,79,79,79,79,79,79,79,79,79,79,79,79,79,79,79,79,79,79,79,79,79,79,79,79,79,79,79,79,79,79,79,79,79,79,79,66,34,0,0,79,0,0,0,0,0,0,0,0,0,0,0,79,0,0,0,0,0,0,0,0,0,0,0,0,0,0,0,0,0,0,0,0,0,0,0,0,0,0,0,0,0,0,0,0,0,0,0,0,0,32,99,99,99,99,99,99,99,32,99,99,99,99,99,99,99,99,32,99,99,99,99,99,99,99,99,99,99,99,99,99,99,99,99,99,99,99,99,99,99,99,99,99,99,32,36,47,47,34,99,99,36,47,47,47,47,34,99,36,47,47,47,47,47,47,47,47,43,44,47,47,43,44,43,163,0,10,11,0,10,11,0,100,98,0,0,114,0,119,120,121,0,0,0,0,0,0,0,0,0,0,0,0,0,0,0,0,0,0,0,0,0,0,36,47,47,47,47,47,47,47,47,47,47
0,0,0,0,0,0,0,0,0,0,0,109,79,79,109,0,0,109,79,79,109,0,0,0,109,79,109,0,0,0,0,109,79,79,109,0,0,0,109,79,109,0,0,0,0,0,0,0,0,0,0,0,122,123,124,0,109,79,79,109,0,0,0,0,0,0,0,0,100,98,0,0,0,109,79,79,109,0,0,0,0,0,0,0,0,0,0,0,0,0,116,117,118,0,0,0,0,0,0,0,0,0,0,0,0,0,0,0,0,0,0,0,0,109,79,79,79,79,79,79,109,44,47,47,47,47,47,47,47,43,44,47,47,47,47,47,47,47,43,44,47,47,47,47,47,47,47,43,44,47,47,47,47,47,47,47,43,44,47,47,47,47,36,79,79,79,79,79,79,79,79,79,79,79,79,79,79,79,79,79,79,79,79,79,79,79,79,79,79,79,34,111,111,111,111,111,111,111,111,111,111,111,111,111,111,111,111,111,111,111,111,111,111,111,111,111,111,111,111,111,111,111,111,111,111,111,111,111,111,111,111,111,111,111,111,111,111,111,111,111,107,99,99,99,99,99,99,99,99,108,111,111,111,111,111,111,111,111,111,111,111,111,111,111,111,111,111,111,111,111,111,111,111,111,111,96,0,0,0,0,0,0,0,0,0,0,0,0,0,0,0,0,0,0,0,0,0,0,0,0,0,0,0,0,0,0,0,0,0,0,0,0,0,0,0,0,0,0,0,0,0,0,0,0,0,0,0,0,0,0,0,0,0,0,0,0,0,0,0,0,0,96,0,0,0,0,0,0,0,0,0,36,47,47,47,47,47,47,47,47,47,47,47,47,47,47,47,47,47,47,47,47,47,47,47,47,47,47,47,47,47,47,47,47,47,47,47,47,111,47,47,47,47,47,47,47,47,47,47,47,47,47,47,47,47,47,47,47,47,47,47,47,47,47,47,47,47,47,47,47,47,47,47,47,47,47,47,34,0,0,0,0,0,0,0,0,0,0,0,0,0,0,0,0,0,0,0,100,98,0,0,0,0,0,0,0,0,0,0,0,0,0,0,0,0,0,0,0,0,0,0,0,0,0,0,0,0,0,0,0,0,0,109,0,0,0,79,79,79,0,79,79,79,0,79,79,79,0,28,36,68,79,79,79,79,79,79,79,79,79,79,79,79,79,79,79,79,79,79,79,79,79,79,79,79,79,79,79,79,79,79,79,79,79,79,79,79,79,79,79,79,79,79,79,79,79,79,79,79,79,79,79,79,79,66,34,111,111,111,111,111,111,111,111,111,111,111,111,111,111,111,111,111,111,111,111,111,111,111,111,111,111,111,111,111,111,111,111,111,111,111,111,111,111,111,111,111,45,79,111,79,111,79,111,79,111,79,111,79,111,79,111,79,111,79,111,79,111,79,111,79,111,79,111,79,111,79,111,79,111,79,111,79,111,79,111,79,111,79,111,79,111,79,111,79,111,79,45,111,111,111,111,111,111,111,111,111,111,111,111,111,111,111,111,111,111,111,111,111,111,111,111,111,111,111,111,111,111,111,100,111,111,111,111,111,111,111,111,111,111,111,111,111,111,111,111,111,111,111,111,111,98,0,0,0,0,0,0,0,0,0,119,120,121,0,0,0,0,0,0,0,0,0,0,0,116,117,118,8,9,116,117,118,0,0,0,0,0,0,0,119,120,121,0,0,0,0,0,0,0,0,0,0,0,0,0,0,0,0,0,31,36,68,67,67,67,67,67,67,79,67,67,67,67,67,67,67,67,67,67,67,67,67,67,67,67,67,67,67,76,79,79,79,79,79,79,79,79,66,34,0,0,79,0,0,0,0,0,0,0,0,0,0,0,79,0,0,0,0,0,0,0,0,0,0,0,0,0,0,0,0,0,0,0,0,0,0,0,0,0,0,0,0,0,0,0,0,0,0,0,0,0,27,32,13,13,122,123,124,13,27,32,13,13,13,13,13,13,13,32,13,10,11,13,13,13,13,13,19,13,13,13,13,13,13,13,13,13,122,123,124,13,13,19,13,13,32,161,47,47,162,13,13,161,47,47,47,47,162,13,161,47,47,47,47,47,47,47,47,162,161,47,47,162,161,162,0,0,0,0,0,0,0,0,104,103,0,0,54,0,122,123,124,0,0,0,0,0,0,0,0,0,0,0,0,0,0,0,0,0,0,0,0,0,0,36,47,47,47,47,47,47,47,47,47,47
0,0,0,0,0,0,0,0,0,0,0,109,79,79,109,0,0,109,79,79,109,0,0,0,109,79,109,0,0,0,0,104,110,110,103,0,0,0,109,79,109,0,0,0,0,0,0,0,0,0,0,0,0,0,0,0,104,110,110,103,0,0,0,0,0,0,0,0,100,98,0,0,0,109,79,79,109,0,0,0,0,0,0,0,0,0,0,0,8,9,119,120,121,0,0,0,0,0,0,0,0,0,0,0,0,0,0,0,0,0,0,0,0,109,79,101,110,110,110,110,194,146,35,35,35,35,35,35,35,147,146,35,35,35,35,35,35,35,147,146,35,35,35,35,35,35,35,147,146,35,35,35,35,35,35,35,147,146,35,35,35,35,36,43,35,35,35,35,35,35,44,79,79,79,79,79,79,79,79,79,79,43,35,35,44,79,79,79,79,79,34,99,99,99,99,99,99,99,99,99,99,99,99,99,99,99,99,99,99,99,99,99,99,99,99,99,99,99,99,99,99,99,99,99,99,99,99,99,99,99,99,99,108,111,111,111,111,111,111,107,103,194,13,13,13,13,13,13,193,104,108,111,111,111,111,111,111,111,111,111,111,111,111,111,111,111,111,111,111,111,111,111,111,111,111,96,0,0,0,0,0,0,0,0,0,0,0,0,0,0,0,0,0,0,0,0,0,0,0,0,0,0,0,0,0,0,0,0,0,0,0,0,0,0,0,0,0,0,0,0,0,0,0,0,0,0,0,0,0,0,0,17,0,0,0,0,0,0,52,0,0,0,0,0,0,0,0,0,0,0,0,36,47,47,47,47,47,47,47,47,47,47,47,47,47,47,47,47,47,47,47,47,47,47,47,47,47,47,47,47,47,47,47,47,47,47,47,47,111,47,47,47,47,47,47,47,47,47,47,47,47,47,47,47,47,47,47,47,47,47,47,47,47,47,47,47,47,47,47,47,47,47,47,47,47,47,47,34,0,0,0,0,0,0,0,0,0,116,117,118,0,0,0,0,0,0,0,100,98,0,0,0,0,0,0,0,0,0,0,0,0,0,0,0,0,0,0,0,0,0,0,0,0,0,0,0,0,0,0,0,0,0,109,0,0,0,79,79,79,0,79,79,79,0,79,79,79,0,28,36,72,76,79,79,79,79,79,79,79,79,79,79,79,79,79,79,79,79,79,79,79,79,79,79,79,79,75,67,67,67,67,67,76,79,79,79,79,79,79,79,79,79,79,79,79,79,79,79,79,79,79,79,79,79,66,34,111,111,111,111,111,111,111,111,111,111,111,111,111,111,111,111,111,111,111,111,111,111,111,111,111,111,111,111,111,111,111,111,111,111,111,111,111,111,111,111,111,45,111,79,111,79,111,79,111,79,111,79,111,79,111,79,111,79,111,79,111,79,111,79,111,79,111,79,111,79,111,79,111,79,111,79,111,79,111,79,111,79,111,79,111,79,111,79,111,79,111,45,111,111,111,111,111,111,111,111,111,111,111,111,111,111,111,111,111,111,111,111,111,111,111,111,111,111,111,111,111,111,111,100,111,111,111,111,111,111,111,111,111,111,111,111,111,111,111,111,111,111,111,111,111,98,0,0,0,0,0,0,0,8,9,122,123,124,8,9,0,0,0,0,0,0,0,0,0,119,120,121,10,11,119,120,121,0,0,0,0,0,8,9,122,123,124,0,0,0,0,0,0,0,0,0,0,0,0,0,0,0,0,0,31,36,82,43,35,35,35,35,44,82,43,35,35,35,35,35,35,35,35,35,44,43,35,35,35,35,35,35,44,72,76,79,79,79,79,79,79,79,66,34,0,0,79,0,0,0,0,0,0,0,0,0,0,0,79,0,0,0,0,0,0,0,0,0,0,0,0,0,0,0,0,0,0,0,0,0,0,0,0,0,0,0,0,0,0,0,0,0,0,0,0,0,0,27,32,0,0,0,0,0,0,27,32,0,0,0,0,0,28,32,0,0,0,18,0,0,0,31,32,29,0,0,0,0,0,18,0,0,0,0,0,0,31,32,29,28,32,160,44,43,163,0,0,160,44,47,47,43,163,0,160,44,47,47,43,44,47,47,43,163,160,44,43,163,160,163,0,0,0,0,52,0,0,0,0,0,0,0,0,0,0,0,0,0,0,0,0,0,0,0,0,0,0,0,0,0,0,0,0,0,0,0,0,0,0,36,47,47,47,47,47,47,47,47,47,47
0,0,0,0,0,0,0,0,0,0,0,109,79,79,109,0,0,109,79,79,109,0,0,0,109,79,109,0,0,0,0,30,30,30,30,0,0,0,109,79,109,0,0,0,0,0,0,0,0,0,0,0,52,0,0,0,30,30,30,30,0,0,0,0,0,0,0,0,100,98,0,96,0,104,110,110,103,0,0,0,0,0,0,0,0,0,0,0,10,11,122,123,124,127,116,117,118,0,0,0,0,0,0,0,0,0,0,0,0,0,0,0,0,104,110,103,0,0,0,0,0,0,16,16,16,189,47,79,47,183,185,191,191,191,146,186,179,16,186,188,179,176,16,16,16,16,184,176,180,176,79,177,182,16,16,189,178,178,178,179,177,181,40,39,0,0,0,10,11,193,40,44,79,79,79,79,79,79,79,79,43,39,194,193,40,44,79,79,79,79,34,13,13,104,99,103,13,13,13,13,109,13,13,104,103,13,13,13,13,13,109,13,13,13,13,13,13,13,13,13,13,109,13,13,109,13,13,13,109,13,13,13,100,111,111,111,111,111,107,103,194,0,0,0,79,0,0,0,0,193,104,108,111,111,111,111,111,111,107,99,99,99,99,99,99,108,111,111,111,111,111,111,111,111,111,96,0,101,110,110,113,0,0,0,0,0,0,115,110,110,113,0,115,110,110,113,0,0,0,0,0,0,0,0,0,0,0,0,0,0,0,0,0,0,0,0,0,0,0,0,0,0,0,0,0,0,0,0,0,0,0,96,0,0,0,0,0,0,0,0,0,0,0,0,0,0,0,0,0,0,0,36,47,47,47,47,47,47,47,47,47,47,47,47,47,47,47,47,47,47,47,47,47,47,47,47,47,47,47,47,47,47,47,47,47,47,47,47,111,47,47,47,47,47,47,47,47,47,47,47,47,47,47,47,47,47,47,47,47,47,47,47,47,47,47,47,47,47,47,47,47,47,47,47,47,47,47,34,0,0,0,0,0,0,0,0,0,119,120,121,0,0,0,0,0,0,0,100,98,0,0,0,0,0,0,0,0,0,0,0,0,0,0,0,0,0,0,0,0,0,0,0,0,0,0,0,0,0,0,0,0,0,109,0,0,0,79,79,79,0,79,79,79,0,79,79,79,148,149,146,44,72,76,79,79,79,79,79,79,79,79,79,79,79,79,79,79,79,79,79,79,79,79,79,79,75,71,43,35,35,35,44,72,76,79,79,75,67,67,76,79,79,75,67,67,76,79,79,75,67,67,76,79,79,66,34,111,111,111,111,111,111,111,111,111,111,111,111,111,111,111,111,111,111,111,111,111,111,111,111,111,111,111,111,111,111,111,111,111,111,111,111,111,111,111,111,111,45,79,111,79,111,79,111,79,111,79,111,79,111,79,111,79,111,79,111,79,111,79,111,79,111,79,111,79,111,79,111,79,111,79,111,79,111,79,111,79,111,79,111,79,111,79,111,79,111,79,45,111,111,111,111,111,111,111,111,111,111,111,111,111,111,111,111,111,111,111,111,111,111,111,111,111,111,111,111,111,111,111,100,111,111,111,111,111,111,111,111,111,111,111,111,111,111,111,111,111,111,111,111,111,98,0,0,0,0,0,0,0,10,11,0,0,0,10,11,0,0,0,0,28,112,0,0,0,122,123,124,0,0,122,123,124,0,0,0,0,0,10,11,0,0,0,0,0,0,0,0,0,0,0,0,0,0,0,0,0,0,0,0,31,36,35,39,27,30,30,27,40,35,39,194,23,23,23,23,23,23,23,193,40,39,194,23,23,23,23,193,40,44,72,76,79,79,79,79,79,79,66,34,0,0,79,0,0,0,0,0,0,0,0,0,0,0,7,0,0,0,0,0,0,0,0,0,0,0,0,0,0,0,0,0,32,0,32,0,32,0,0,0,0,0,0,0,0,0,0,0,0,0,0,0,0,0,27,0,0,0,0,0,0,0,27,32,0,0,0,0,28,32,0,0,31,32,29,0,0,0,30,0,0,0,0,0,31,32,29,0,0,0,0,0,0,30,0,28,47,0,161,162,0,0,0,0,161,47,47,162,0,0,0,161,47,47,162,161,47,47,162,0,0,161,162,0,0,0,0,0,0,0,0,0,0,0,0,0,31,112,0,0,0,0,0,0,0,0,0,0,0,0,0,0,0,0,0,0,0,0,0,0,0,0,0,0,0,36,47,47,47,47,47,47,47,47,47,47
0,0,0,0,0,0,0,0,0,0,0,109,79,79,109,0,0,104,110,110,103,0,0,0,109,79,109,0,0,0,0,0,0,0,0,0,0,0,109,79,109,0,0,0,0,0,0,0,0,0,0,0,0,0,0,0,0,0,0,0,0,0,0,0,0,0,0,0,104,103,0,30,0,30,30,30,30,0,0,0,0,0,0,0,0,0,0,0,0,0,0,0,0,4,119,120,121,0,0,0,0,0,0,0,0,0,0,96,0,96,0,96,0,0,0,0,0,0,0,0,0,0,47,16,16,178,47,79,177,177,178,47,79,47,79,47,176,47,177,176,47,180,187,185,189,184,47,0,0,47,79,47,177,188,189,179,179,179,179,179,179,179,0,0,0,0,0,0,0,0,193,40,44,79,79,79,79,79,79,43,39,194,0,0,193,40,44,43,35,35,39,0,0,79,79,0,0,0,0,31,114,29,0,79,0,0,0,0,0,31,109,29,0,0,0,0,79,0,0,0,31,109,29,0,109,0,79,0,109,0,0,0,100,111,111,111,99,99,103,194,0,0,0,0,79,0,0,0,0,0,193,104,108,111,111,111,111,107,103,194,13,13,13,13,193,104,108,111,111,107,99,99,99,99,99,96,31,109,30,30,30,0,115,110,110,113,0,30,30,30,30,0,30,30,30,30,0,115,110,110,113,0,0,0,0,0,0,0,0,0,0,0,0,7,0,0,0,0,0,0,0,0,0,0,0,0,0,0,0,52,0,0,0,0,0,0,0,0,0,0,0,0,0,17,0,0,0,0,0,0,0,36,47,47,47,47,47,47,47,43,44,47,47,47,47,47,47,47,47,43,44,47,47,47,47,47,47,47,43,44,47,47,47,47,47,47,47,47,111,47,47,47,47,47,47,47,47,47,47,47,47,47,47,47,47,47,47,47,47,47,47,47,47,47,47,47,47,47,47,47,47,47,47,47,47,47,47,34,0,0,0,0,0,0,0,8,9,122,123,124,8,9,0,0,0,0,0,100,98,0,116,117,118,0,0,0,0,0,0,0,0,0,0,0,0,0,0,0,0,0,0,0,0,0,0,0,0,0,0,0,0,0,109,0,0,0,79,79,79,0,79,79,79,0,79,79,79,166,47,47,146,44,72,76,75,67,67,67,67,67,67,67,67,67,76,79,79,75,67,67,67,67,67,67,67,71,43,147,13,13,13,146,44,72,76,75,71,43,44,72,76,75,71,43,44,72,76,75,71,43,44,72,76,75,71,34,111,111,111,111,111,111,111,111,111,111,111,111,111,111,111,111,111,111,111,111,111,111,111,111,111,111,111,111,111,111,111,111,111,111,111,111,111,111,111,111,111,45,111,79,111,79,144,145,111,79,111,79,111,79,144,145,144,145,144,145,144,145,144,145,111,79,111,79,111,79,111,79,111,79,111,79,111,79,144,145,111,79,111,79,111,79,144,145,111,79,144,147,13,13,13,13,13,156,13,13,10,11,13,13,13,13,13,13,13,116,117,118,13,13,13,13,13,8,9,116,117,118,13,100,111,111,111,111,111,111,111,111,111,111,111,111,111,111,111,111,111,111,111,111,111,98,0,0,0,0,0,0,0,0,0,0,0,0,0,0,0,0,0,0,28,114,0,0,0,0,0,0,0,52,0,0,0,0,0,0,0,0,0,0,0,0,0,0,0,0,0,0,0,0,0,0,0,0,0,0,96,0,96,0,31,50,27,30,0,8,9,0,30,193,194,0,0,0,0,0,0,0,0,0,193,194,0,0,0,0,0,0,193,40,44,72,79,67,67,67,67,67,71,34,0,0,79,0,0,0,0,0,0,0,0,0,0,0,16,0,8,9,0,0,0,0,0,0,0,0,0,0,0,0,0,0,79,0,79,0,79,0,0,0,0,0,0,0,0,0,0,0,0,0,0,0,0,0,0,0,0,0,0,0,0,0,0,27,32,0,0,0,0,0,0,0,0,30,0,0,0,0,0,0,0,0,18,0,0,30,0,0,0,0,0,0,0,0,0,0,0,0,160,163,0,0,0,0,160,44,43,163,0,0,0,160,44,43,163,160,44,43,163,0,0,160,163,0,0,0,0,0,0,0,0,0,0,0,0,0,31,109,0,0,0,0,0,0,0,0,0,0,0,0,0,0,0,0,0,0,0,0,0,0,0,0,0,0,0,36,47,47,47,47,47,47,47,47,47,47
0,0,0,0,0,0,0,0,0,0,0,104,110,110,103,0,0,30,30,30,30,0,0,0,109,79,109,0,0,0,0,0,52,0,0,0,0,0,109,79,109,0,0,0,0,0,0,0,0,0,0,0,0,0,0,0,52,0,0,0,0,0,0,0,0,0,0,0,0,0,0,0,0,0,52,0,0,0,0,0,0,0,0,0,0,0,0,0,0,0,0,0,0,0,122,123,124,0,0,0,0,0,0,0,0,0,0,54,0,54,0,54,0,0,0,0,0,0,0,0,0,0,47,177,16,79,47,79,47,185,177,47,79,47,79,47,79,47,0,0,47,79,191,191,190,79,47,0,0,47,79,47,79,191,190,47,0,0,47,79,47,0,0,0,0,0,0,0,0,0,0,193,40,44,43,35,35,35,35,39,194,0,0,0,0,193,40,39,194,0,0,0,0,79,79,0,0,0,52,0,30,0,0,79,0,0,0,0,0,31,114,29,0,0,0,0,79,0,0,0,31,109,29,0,114,0,79,0,114,0,0,0,104,99,99,103,194,0,0,0,0,0,0,0,24,0,0,0,0,0,0,193,104,108,111,111,107,103,194,0,0,79,79,0,0,193,104,108,107,103,194,13,13,13,193,96,31,109,0,0,96,0,30,30,30,30,0,0,0,0,52,0,0,0,0,0,0,30,30,30,30,0,0,0,0,0,0,0,0,0,0,0,0,0,0,0,0,7,0,0,0,53,0,0,0,0,52,0,0,0,0,0,0,0,0,0,0,0,0,0,0,0,0,96,0,0,0,0,0,0,0,146,35,35,35,35,35,35,35,147,146,35,35,35,35,35,35,35,35,147,146,35,35,35,35,35,35,35,147,146,35,35,35,35,35,35,35,35,111,47,47,47,43,35,35,35,35,35,35,35,35,35,35,35,35,35,35,35,35,35,35,35,35,35,35,35,35,35,35,35,35,35,35,35,44,47,47,34,0,0,0,0,0,31,112,10,11,0,0,0,10,11,0,0,0,0,0,100,98,0,119,120,121,0,0,116,117,118,0,0,0,0,0,0,0,0,0,0,0,0,0,101,97,97,97,102,0,0,0,0,0,0,109,0,0,0,79,79,79,0,79,79,79,148,79,79,79,47,47,47,0,146,44,72,71,43,35,35,35,35,35,35,35,44,72,76,75,71,43,35,35,35,35,35,35,35,147,0,0,0,0,0,146,44,72,71,43,147,146,44,72,71,43,147,146,44,72,71,43,147,146,44,72,71,43,147,13,10,11,13,13,13,10,11,13,96,13,122,123,124,13,13,13,13,7,119,120,121,13,13,13,10,11,13,119,120,121,13,13,13,7,119,120,121,13,13,13,146,145,111,79,144,147,146,145,111,79,111,79,144,147,146,147,146,147,146,147,146,147,146,145,111,79,111,79,111,79,111,79,111,79,111,79,144,147,146,145,111,79,111,79,144,147,146,145,144,147,0,0,0,0,0,0,157,116,117,118,47,47,47,47,47,47,47,47,119,120,121,47,116,117,118,47,10,11,119,120,121,47,100,111,111,111,111,111,111,111,111,111,111,111,111,111,111,111,111,111,111,111,111,111,98,0,0,0,0,0,96,0,0,0,0,52,0,0,0,0,0,52,0,0,0,0,0,0,0,0,0,0,0,0,0,28,112,0,0,0,0,0,0,0,0,0,0,0,0,0,0,0,0,0,0,0,64,0,0,47,96,47,0,0,30,0,0,0,10,11,0,0,0,0,0,0,0,0,0,0,0,0,0,0,0,0,0,0,0,0,0,0,193,40,44,82,43,35,35,35,35,35,39,0,31,48,0,0,0,0,0,0,0,52,0,0,0,0,0,10,11,8,9,0,0,0,0,0,0,0,0,0,0,0,0,79,0,79,0,79,0,0,0,0,52,0,0,0,0,0,0,0,0,0,0,0,0,0,0,0,17,0,0,0,0,0,0,27,0,0,0,0,0,0,0,0,0,0,0,0,0,0,0,0,31,32,29,0,0,0,0,0,0,18,0,0,0,0,0,0,0,0,0,0,156,159,0,0,161,162,0,0,156,159,0,161,162,0,0,161,162,0,156,159,0,0,156,159,0,0,0,0,0,0,0,0,53,0,0,31,114,0,0,0,0,0,0,0,0,0,0,0,0,0,0,0,0,0,0,0,0,0,0,0,0,0,0,0,36,47,47,47,47,47,47,47,47,47,47
0,0,0,0,0,0,0,0,0,0,0,30,30,30,30,0,0,0,0,0,0,0,0,0,104,110,103,0,0,0,0,0,0,0,0,0,0,0,104,110,103,0,0,0,0,0,0,0,17,0,0,0,0,0,0,0,0,0,0,0,0,0,0,0,0,0,0,0,0,0,0,0,0,0,0,0,0,0,0,0,0,0,0,0,0,0,0,0,0,52,0,0,0,52,0,0,0,0,0,0,0,0,0,0,0,0,0,0,0,0,0,0,0,0,0,0,0,0,0,0,0,0,47,79,27,79,47,79,47,0,0,47,79,47,79,47,79,47,0,0,47,79,47,79,47,79,47,0,0,47,79,47,79,47,79,47,0,0,47,79,47,0,0,0,0,0,0,0,0,0,0,0,193,40,39,194,23,23,193,194,0,0,0,0,0,0,193,194,0,0,0,0,0,79,79,0,0,0,0,0,0,0,52,79,0,0,52,0,0,0,30,0,0,0,52,0,79,0,0,0,0,55,0,0,0,0,79,0,30,0,0,0,0,0,0,0,0,0,0,0,0,0,0,195,112,196,0,0,0,0,0,0,193,104,99,99,103,194,0,0,0,79,79,0,0,0,193,104,103,194,0,0,79,0,0,0,31,114,0,0,0,0,0,0,0,52,0,0,0,0,0,0,0,0,0,0,0,0,0,0,0,0,0,0,0,0,0,0,0,0,7,0,0,0,0,0,0,0,0,0,96,96,0,0,0,0,0,0,0,0,0,0,0,0,0,0,0,0,0,0,52,0,0,0,0,0,0,0,0,0,0,0,192,192,192,192,192,192,192,0,0,177,16,16,184,47,79,16,79,0,0,177,16,16,16,16,176,79,0,0,0,30,27,27,27,16,16,16,111,47,43,154,155,0,0,0,0,0,0,0,193,104,108,111,111,111,111,111,111,111,111,111,107,103,194,192,192,192,192,195,79,47,116,117,152,153,44,34,0,0,0,0,0,31,109,0,0,0,52,0,0,0,0,0,0,0,0,104,103,0,122,123,124,0,0,119,120,121,0,0,0,0,0,0,0,0,0,0,0,0,101,105,111,111,111,106,102,0,0,0,0,0,109,0,0,0,79,79,79,0,79,79,79,164,47,47,47,47,47,47,0,0,146,44,43,147,30,30,30,30,30,30,30,146,44,72,71,43,147,0,0,0,0,0,0,0,0,0,0,0,0,0,0,146,44,43,147,0,0,146,44,43,147,0,0,146,44,43,147,0,0,146,44,43,147,0,0,0,0,0,0,96,0,0,0,0,0,0,0,0,7,0,0,0,0,122,123,124,0,0,0,0,0,7,122,123,124,0,0,0,0,122,123,124,0,0,0,0,146,145,144,147,0,0,146,145,111,79,144,147,0,47,47,0,0,0,0,47,47,0,146,145,111,79,111,79,111,79,111,79,111,79,144,147,0,0,146,145,111,79,144,147,0,0,146,147,0,0,0,0,0,0,156,41,119,120,121,47,47,47,47,47,47,47,47,122,123,124,127,119,120,121,47,47,47,122,123,124,47,104,99,99,99,99,99,99,99,99,99,99,99,99,99,99,99,99,99,99,99,99,99,103,0,0,0,64,0,27,0,0,0,0,0,0,0,0,0,0,0,0,0,0,0,0,0,0,0,0,0,0,0,0,28,114,0,0,0,96,0,52,0,0,0,0,0,0,0,64,0,0,96,0,0,47,0,0,47,30,47,0,0,0,0,0,0,0,0,0,0,0,0,0,0,0,0,0,195,196,0,0,0,0,0,0,195,196,0,0,0,0,193,40,35,39,27,30,0,0,0,0,0,31,50,0,0,0,0,0,0,0,0,0,0,0,0,0,0,0,10,11,32,32,32,0,0,0,0,0,0,0,0,0,79,0,79,0,79,0,0,0,0,0,0,0,0,0,0,0,0,0,0,0,0,0,0,0,17,32,0,0,0,0,0,0,0,0,0,0,0,0,0,0,0,0,0,18,0,0,0,0,0,0,30,0,0,0,0,0,0,31,32,29,0,0,0,0,0,0,0,0,0,157,158,0,0,160,163,0,0,157,158,0,160,163,0,0,160,163,0,157,158,0,0,157,158,0,0,0,0,0,0,0,101,102,116,117,118,0,0,0,0,0,0,0,0,0,0,0,0,0,0,0,0,0,0,0,0,0,0,0,0,0,0,0,0,36,47,47,47,47,47,47,47,47,47,47
0,0,0,0,0,0,0,0,0,0,0,0,0,0,0,0,0,0,52,0,0,0,0,0,30,30,30,0,0,0,0,0,0,0,0,0,0,0,30,30,30,0,0,0,0,0,0,0,96,0,0,52,0,0,0,0,0,0,0,0,0,0,0,0,0,0,0,0,52,0,0,0,0,0,0,0,0,0,0,0,0,0,0,0,0,0,0,0,0,0,0,0,0,0,0,0,0,0,0,0,0,0,0,0,0,0,53,0,53,0,53,0,0,0,0,0,0,0,0,0,0,0,47,79,47,79,47,79,47,0,0,47,79,179,183,182,79,47,0,0,47,79,47,79,47,79,179,179,178,179,184,178,79,47,79,47,0,0,47,79,47,0,0,0,0,8,9,0,0,0,0,0,0,23,23,0,0,0,0,0,0,0,0,0,0,0,0,0,0,0,0,0,0,79,79,0,0,0,0,0,0,0,0,79,0,0,0,0,0,0,0,0,0,0,0,0,79,0,0,0,0,0,0,0,0,0,79,0,0,0,0,0,0,0,0,0,0,0,0,0,0,0,195,101,111,102,196,0,0,0,0,0,0,23,23,23,23,0,0,0,0,195,196,0,0,0,0,193,194,0,0,0,79,0,0,0,0,0,0,0,0,0,0,0,0,0,0,0,0,0,0,0,0,0,0,0,0,0,0,0,115,110,110,113,0,0,0,0,0,0,0,0,0,0,96,0,0,0,0,0,0,0,0,0,7,0,0,0,0,0,0,0,0,0,0,0,0,0,0,0,0,0,0,0,0,0,0,0,0,0,0,0,79,47,79,47,79,47,79,0,0,79,177,184,47,47,79,16,79,0,0,79,177,27,27,176,47,79,0,0,0,47,79,47,79,30,27,16,111,154,155,0,0,0,0,18,18,0,0,0,0,193,104,108,111,111,111,111,111,111,111,107,103,194,0,0,0,0,195,101,79,47,119,120,121,47,152,153,0,0,0,0,0,31,114,0,0,0,0,0,0,0,0,0,0,0,0,0,0,0,0,0,0,0,96,122,123,124,0,0,0,0,0,0,0,0,0,0,0,0,100,111,99,111,99,111,98,0,0,0,0,0,109,0,0,0,79,79,79,148,79,79,79,47,47,47,47,47,47,47,0,0,0,146,147,0,0,0,0,79,79,0,0,0,146,44,43,147,0,0,0,0,0,0,0,0,0,0,144,145,0,0,0,0,146,147,0,0,0,0,146,147,0,0,0,0,146,147,0,0,0,0,146,147,0,0,0,0,7,0,0,0,0,0,0,0,0,0,0,0,0,0,0,0,0,0,0,0,0,0,0,0,0,0,0,0,96,96,0,0,0,0,0,0,0,0,0,0,0,146,147,0,0,0,0,146,145,144,147,0,0,47,47,0,0,0,0,47,47,0,0,146,145,144,145,144,145,144,145,144,145,144,147,0,0,0,0,146,145,144,147,0,0,0,0,0,0,0,0,0,0,0,157,47,122,123,124,47,47,47,47,47,47,47,47,47,47,47,4,122,123,124,47,47,47,47,47,47,47,47,47,47,47,47,47,47,47,47,47,47,47,47,47,47,47,47,47,47,47,47,0,0,0,0,0,0,0,0,0,0,0,0,0,0,0,0,0,0,0,0,0,0,0,0,0,0,0,0,0,0,0,0,0,0,0,64,0,27,0,0,0,0,0,0,0,0,0,47,0,0,47,0,0,47,0,0,47,0,47,0,0,0,0,0,0,0,0,0,0,0,0,0,0,0,0,195,37,38,196,0,0,0,0,195,37,38,196,0,0,0,0,193,194,30,0,0,0,0,0,0,0,0,0,0,0,0,52,0,0,0,0,0,0,0,0,0,52,0,0,0,0,0,79,0,0,0,0,0,0,0,0,0,32,0,32,0,32,0,0,0,0,0,0,0,0,0,0,0,0,0,0,0,0,0,0,17,32,0,0,0,0,0,0,0,0,0,17,0,28,32,0,0,0,0,31,32,29,0,0,0,0,0,0,0,0,0,0,0,0,0,30,0,0,0,0,28,47,0,0,0,156,41,42,159,0,0,0,0,156,41,42,159,0,0,156,159,0,0,156,41,42,159,156,41,34,0,0,53,53,0,0,0,100,98,119,120,121,0,0,0,0,0,0,0,0,0,0,0,0,0,0,0,0,0,0,0,0,0,0,0,0,0,0,0,0,36,47,47,47,47,47,47,47,47,47,47
0,0,0,0,0,0,0,0,0,0,0,0,0,52,0,0,0,0,0,0,0,0,0,0,0,0,0,0,0,0,0,0,0,0,0,0,0,0,0,0,0,0,0,0,96,0,0,0,0,0,0,0,0,28,16,0,0,0,0,0,0,0,0,0,0,0,0,0,0,0,0,0,0,0,0,0,0,0,0,0,0,0,0,0,0,0,0,0,0,0,0,0,0,0,0,0,0,0,52,0,0,0,0,0,52,0,96,0,96,0,96,0,0,0,0,0,0,0,0,0,0,0,47,79,47,79,174,79,47,0,0,47,79,176,79,47,79,47,179,176,179,178,47,79,47,181,186,183,180,16,79,16,79,175,175,187,189,189,189,188,187,180,37,33,33,33,33,38,196,0,0,0,0,0,0,0,0,0,0,0,0,0,195,196,0,0,0,0,0,0,195,48,0,0,79,0,0,18,0,0,0,0,0,79,17,0,0,0,0,0,0,0,52,0,0,0,79,0,0,52,0,0,0,0,0,0,112,0,0,197,0,0,0,0,101,97,102,0,0,0,0,195,101,105,111,106,102,196,0,0,0,0,0,79,0,0,0,0,0,0,195,101,102,196,0,0,0,79,79,0,0,0,12,0,0,0,0,0,0,52,0,0,0,52,0,0,0,52,0,0,0,0,0,0,0,0,0,0,0,0,54,54,54,54,0,0,0,52,0,0,0,0,0,0,0,0,0,96,0,0,0,0,0,0,0,0,0,0,0,0,0,52,0,0,0,0,0,0,0,0,0,0,0,0,0,0,0,0,0,0,0,0,79,47,79,47,79,47,79,0,0,79,47,79,47,47,79,16,79,0,0,79,47,79,47,79,47,79,0,0,0,47,79,47,79,47,79,30,111,0,0,0,0,0,195,101,102,196,0,0,0,0,193,104,108,111,111,111,111,111,107,103,194,0,0,0,0,195,101,105,79,47,122,123,124,47,79,47,0,0,0,0,0,0,0,0,0,0,0,0,0,0,0,0,0,0,0,0,0,0,0,96,0,0,0,0,0,0,0,96,0,0,0,0,0,0,0,0,0,0,104,98,52,109,52,100,103,0,0,0,0,0,114,0,0,0,79,79,79,164,79,79,79,47,47,47,47,47,47,47,0,0,0,0,0,0,0,0,0,79,79,0,0,0,0,146,147,0,0,0,0,0,0,0,0,0,0,144,41,42,145,0,0,0,0,0,0,0,0,0,0,0,0,144,145,0,0,0,0,144,145,0,0,0,0,0,0,0,0,0,0,0,0,0,0,0,0,0,0,0,0,0,0,7,0,0,0,0,0,0,96,0,0,0,0,0,0,0,0,0,0,0,0,0,0,0,0,0,0,0,0,0,0,0,0,0,146,147,0,0,0,47,47,0,0,0,0,47,47,0,0,0,146,147,146,147,146,147,146,147,146,147,0,0,0,0,0,0,146,147,0,0,0,0,0,0,0,0,0,0,0,156,41,47,47,47,47,47,47,47,116,117,118,47,47,47,47,47,47,47,125,116,117,118,47,47,47,47,47,47,47,47,47,47,47,47,47,47,47,47,47,47,47,47,47,47,47,47,47,47,0,0,0,0,0,0,0,0,52,0,0,0,0,0,0,0,64,8,9,0,52,0,0,0,0,0,0,52,0,0,52,0,0,0,0,0,0,0,0,0,0,0,0,0,0,0,0,47,0,0,47,0,0,47,0,0,80,0,47,0,0,18,0,0,0,0,0,0,0,0,0,8,9,0,195,37,41,42,38,196,0,0,195,37,41,42,38,196,0,0,0,0,0,0,0,0,0,0,0,0,0,0,0,0,0,0,0,0,0,0,0,0,53,0,0,0,0,0,0,0,0,0,79,0,0,0,0,0,0,0,0,0,54,0,54,0,54,0,0,0,0,0,0,0,116,117,118,0,0,0,0,0,0,0,17,32,0,0,0,0,0,0,0,0,0,17,32,0,28,32,0,0,0,0,0,30,0,0,0,18,0,0,0,0,0,0,0,18,0,0,0,0,0,18,0,28,47,0,0,0,157,47,47,158,0,0,0,0,157,47,47,158,0,0,157,158,0,0,157,47,47,158,157,47,34,0,101,102,0,0,0,0,100,98,122,123,124,0,0,0,0,0,0,0,0,0,0,52,0,0,195,159,0,0,0,0,0,0,0,0,0,0,0,0,0,36,47,47,47,47,47,47,47,47,47,47
0,0,0,0,0,0,0,0,0,0,0,0,0,0,0,0,0,0,0,0,0,0,0,0,0,0,0,0,0,0,52,0,0,0,0,0,0,101,102,0,0,0,0,0,0,0,16,0,0,0,0,0,0,28,16,0,0,0,0,0,0,0,0,0,0,0,0,17,0,0,0,0,0,0,0,0,0,0,0,0,0,0,0,0,0,0,0,0,0,0,0,0,0,0,0,0,0,0,0,0,0,0,0,0,0,0,0,0,0,0,0,0,0,0,0,0,0,0,0,0,0,0,47,79,47,187,16,79,47,188,179,47,178,47,79,148,149,16,179,188,16,177,186,172,180,176,180,177,189,47,79,47,79,180,184,16,0,0,47,178,176,0,36,79,79,79,79,42,38,196,0,0,0,0,0,0,195,196,0,0,0,195,37,38,196,0,0,0,0,195,37,34,0,101,97,102,31,112,29,0,52,0,0,31,112,29,0,0,52,0,0,0,0,0,0,0,79,0,53,0,0,0,112,0,0,0,109,0,0,112,0,0,0,0,100,111,98,196,0,0,195,101,105,111,111,111,106,102,196,0,0,0,0,79,0,0,0,0,0,195,101,105,106,102,196,0,0,79,79,0,0,195,112,196,0,0,0,0,0,0,0,0,0,0,0,0,0,0,0,0,0,0,0,0,0,0,52,0,0,0,0,0,0,0,0,0,0,0,0,0,0,96,0,0,0,0,0,0,0,0,7,0,0,0,0,0,0,0,0,0,0,0,0,0,0,0,0,0,0,0,0,52,0,0,0,0,0,0,0,0,0,0,79,47,79,47,79,47,79,179,178,79,47,79,47,47,187,16,79,0,0,79,47,79,47,79,47,79,189,189,0,47,79,47,79,47,79,79,111,0,0,0,0,195,101,105,106,102,196,0,0,0,0,193,104,108,111,111,111,107,103,194,0,0,0,0,195,101,105,111,79,47,79,47,79,47,79,47,0,0,0,0,0,0,0,0,0,53,0,0,0,0,0,0,0,0,0,0,0,0,0,0,0,0,0,0,0,96,0,27,0,0,8,9,0,0,0,0,0,0,0,104,97,111,97,103,0,0,0,0,0,0,0,0,0,148,79,79,79,47,47,18,47,47,47,47,47,47,47,47,0,0,0,0,0,0,0,0,0,79,79,0,0,0,0,0,0,0,0,0,18,18,18,18,18,18,144,41,69,70,42,145,0,0,0,0,0,0,144,145,0,0,144,41,42,145,0,0,144,41,42,145,0,0,0,0,0,0,0,0,0,0,0,96,0,0,0,0,96,0,0,0,0,7,0,0,0,96,0,0,0,0,0,0,0,0,0,0,0,0,0,0,0,0,0,0,0,0,0,0,0,0,144,145,0,0,47,47,0,0,144,145,144,145,144,145,144,145,144,145,0,0,47,47,0,0,0,0,0,0,47,47,0,0,144,145,0,0,47,47,0,0,144,145,0,0,0,0,0,0,0,157,47,47,47,47,47,47,47,47,119,120,121,47,8,9,47,47,47,47,47,119,120,121,47,47,47,47,47,47,47,47,47,47,47,47,47,47,47,47,47,47,47,47,47,47,47,47,47,47,0,0,0,0,53,0,0,0,0,0,0,0,0,0,0,0,0,10,11,0,0,0,0,0,0,0,0,0,0,0,0,0,0,0,0,0,0,0,0,0,0,0,0,0,0,0,0,47,0,0,47,0,0,112,0,0,77,0,112,0,31,48,17,18,0,0,0,0,18,195,196,10,11,195,37,41,69,70,42,38,196,195,37,41,69,70,42,38,196,0,0,0,0,0,0,18,17,37,33,38,0,0,0,0,0,0,0,0,0,0,0,51,49,8,9,0,0,0,0,0,0,0,32,0,0,0,0,0,0,0,0,53,0,53,0,53,0,53,0,0,0,116,117,118,119,120,121,0,0,0,0,0,0,17,32,0,0,0,0,0,0,0,0,0,17,32,0,0,0,32,0,0,18,0,0,0,0,0,31,32,29,0,0,0,0,0,31,32,29,0,0,0,31,32,29,0,32,0,0,156,41,47,47,42,159,0,0,156,41,47,47,42,159,156,41,42,159,156,41,47,47,42,41,47,34,0,100,98,0,0,0,0,100,98,0,0,0,0,0,0,0,0,0,0,0,0,0,0,0,31,115,158,0,0,0,0,0,0,0,0,0,0,0,0,0,36,47,47,47,47,47,47,47,47,47,47
0,0,0,0,0,0,0,0,0,0,0,0,0,0,0,0,52,0,0,0,0,0,0,0,0,0,0,0,0,0,0,0,0,0,52,0,0,100,98,0,0,52,0,0,0,0,0,0,0,0,0,0,0,28,16,0,0,0,0,0,0,0,0,17,0,112,0,96,0,0,0,0,0,0,0,0,0,0,0,0,0,0,0,0,0,0,0,0,0,0,0,0,0,0,0,0,0,0,0,0,0,0,0,0,0,0,0,0,0,0,0,0,0,101,110,102,0,0,0,0,0,0,47,79,16,16,16,178,47,179,182,177,173,173,16,16,16,47,179,182,16,16,16,79,16,16,16,180,176,47,16,47,79,47,16,16,0,0,47,79,47,0,36,79,79,79,79,79,42,33,33,33,33,33,33,33,33,33,33,33,33,33,41,42,38,196,0,0,195,37,41,34,12,100,111,98,12,109,12,12,12,12,12,12,109,12,12,12,12,12,12,12,12,12,12,12,101,97,102,12,12,12,109,12,12,12,109,12,12,109,12,12,12,12,100,111,106,102,196,195,101,105,111,111,111,111,111,106,102,196,12,12,12,12,12,12,12,12,195,101,105,111,111,106,102,196,12,12,12,12,195,101,105,97,97,96,0,0,0,0,0,0,0,0,0,0,0,0,0,18,18,0,0,53,0,0,0,0,0,0,53,53,53,0,53,0,0,18,18,18,18,0,0,0,7,0,0,0,0,0,0,0,0,0,0,0,0,0,0,0,0,0,0,0,0,0,0,0,0,0,0,0,0,0,0,0,52,0,0,0,0,0,79,47,79,47,79,47,79,16,176,79,47,79,47,47,185,16,79,0,0,79,47,79,47,79,47,79,188,187,0,47,79,47,79,47,79,79,111,0,0,0,195,101,105,111,111,106,102,196,0,0,0,0,193,104,99,99,99,103,194,0,0,0,0,195,101,105,111,111,79,47,79,47,79,47,79,47,0,0,0,53,0,0,0,0,0,96,0,0,0,0,0,17,0,0,0,0,0,0,0,96,8,9,0,0,0,0,0,0,0,96,10,11,0,0,0,0,0,0,0,30,104,99,103,30,0,0,0,0,0,0,0,148,149,164,47,47,47,47,47,16,47,47,18,47,47,16,47,47,0,0,0,0,0,0,0,144,33,33,33,33,145,0,0,0,0,0,0,144,33,33,33,33,33,33,41,69,73,74,70,42,145,0,0,0,0,144,41,42,145,144,41,69,70,42,145,144,41,69,70,42,145,0,0,0,0,0,0,0,0,0,0,0,0,0,7,0,0,0,0,96,0,7,0,0,0,0,0,0,0,7,0,0,0,7,0,0,0,0,53,0,0,0,0,0,0,0,0,0,0,144,147,146,145,0,47,47,0,144,147,146,147,146,147,146,147,146,147,146,145,0,47,47,0,0,0,0,0,0,47,47,0,0,111,79,0,0,47,47,0,144,147,146,145,0,0,0,0,0,0,47,47,47,47,47,47,47,47,47,122,123,124,47,10,11,47,47,47,47,47,122,123,124,47,47,47,47,47,47,47,47,47,47,47,47,47,47,47,47,47,47,47,47,47,47,47,47,47,47,0,0,0,0,96,0,0,0,0,0,52,0,0,101,102,0,0,0,0,0,0,0,0,69,70,0,0,0,0,0,0,0,0,0,53,0,0,52,0,0,0,0,0,0,0,0,0,47,0,0,80,0,0,109,0,0,77,0,109,0,31,36,33,38,17,18,18,17,37,33,38,196,195,37,41,69,73,74,70,42,33,33,41,69,73,74,70,42,38,196,0,0,0,18,17,37,33,41,80,34,0,51,49,0,116,117,118,0,0,0,0,0,79,10,11,0,0,0,0,0,0,0,79,0,51,49,116,117,118,0,0,32,0,32,0,32,0,32,116,117,118,119,120,121,122,123,124,0,0,0,0,0,0,32,12,12,12,12,12,12,12,116,117,118,32,12,12,12,12,32,12,15,32,14,12,116,117,118,12,20,12,12,12,8,9,12,12,20,12,12,12,12,12,20,12,12,32,12,12,157,47,47,47,47,158,12,12,157,47,47,47,47,158,157,47,47,158,157,47,47,47,47,47,47,34,0,100,98,0,0,0,0,100,98,0,0,0,0,0,0,0,0,0,52,0,0,0,0,0,195,52,100,145,205,197,205,197,144,0,0,0,0,0,0,0,36,47,47,47,47,47,47,47,47,47,47
0,0,0,0,0,0,0,0,0,0,0,0,0,0,0,0,0,0,0,0,0,0,0,0,101,110,102,0,0,0,0,0,0,0,0,0,0,100,98,0,0,0,0,0,0,0,0,0,0,52,0,0,0,0,0,0,0,0,101,110,110,102,0,96,0,109,0,0,0,0,0,0,0,0,0,0,0,0,0,0,0,0,0,0,0,0,0,0,0,0,0,0,0,0,0,52,0,0,0,0,0,52,0,0,0,0,0,0,0,0,0,0,0,109,79,104,110,110,110,110,196,144,33,33,33,33,33,33,33,145,144,33,33,33,33,33,33,33,145,144,33,33,33,33,33,33,33,145,144,33,33,33,33,33,33,33,145,144,33,33,33,33,36,79,79,79,79,79,79,79,79,79,79,79,79,79,79,79,79,79,79,79,79,79,42,38,196,195,37,41,79,34,97,97,97,97,97,97,97,97,97,97,97,97,97,97,97,97,97,97,97,97,97,97,97,97,97,97,97,97,97,97,97,97,97,97,97,97,97,97,97,97,97,97,105,111,111,106,97,97,105,111,111,111,111,111,111,111,106,97,97,97,97,97,97,97,97,97,97,105,111,111,111,111,106,97,97,97,97,97,97,105,111,111,111,96,0,96,0,18,18,169,168,18,18,18,18,0,0,101,102,0,101,102,0,18,18,0,0,101,110,110,110,110,102,0,0,101,110,110,102,0,0,0,0,0,0,0,0,0,0,0,0,0,0,0,0,0,0,0,0,0,0,0,0,0,0,0,0,0,0,0,0,0,0,0,0,0,0,0,0,0,79,47,79,47,79,47,79,177,186,79,47,79,47,47,79,7,79,0,0,79,47,174,170,79,47,79,181,182,0,47,79,47,79,47,79,18,111,0,0,195,101,105,111,111,111,111,106,102,196,0,0,0,0,30,30,30,30,30,0,0,0,0,195,101,105,111,111,111,79,47,116,117,118,47,144,38,0,101,110,102,0,0,0,0,0,0,0,0,115,113,0,96,17,0,53,0,8,9,0,0,10,11,0,0,0,0,0,0,0,0,0,0,0,0,0,0,0,0,0,0,30,30,30,0,0,0,0,0,0,0,37,164,166,47,47,47,47,18,47,79,47,47,16,47,47,79,47,47,0,0,0,0,0,0,144,41,69,65,65,70,42,145,0,0,0,0,144,41,69,65,65,65,65,65,65,73,79,79,74,70,42,145,0,0,144,41,69,70,42,41,69,73,74,70,42,41,69,73,74,70,42,33,33,33,33,33,38,0,0,7,0,0,0,0,0,0,116,117,118,0,0,7,0,0,0,0,0,0,0,0,0,0,0,0,0,0,0,96,96,0,0,0,0,0,0,0,0,0,144,147,79,111,146,145,47,47,144,147,79,111,79,111,79,111,79,111,79,111,146,145,47,47,0,0,0,0,0,0,47,47,144,111,79,111,79,145,47,47,144,147,79,111,146,145,0,0,0,0,47,47,47,47,47,116,117,118,47,47,47,47,116,117,118,47,47,47,47,47,47,47,47,47,47,47,116,117,118,101,97,97,97,97,97,97,97,97,97,97,97,97,97,97,97,97,97,97,97,97,97,102,0,0,0,0,0,0,0,0,0,0,31,100,98,0,0,0,0,0,0,0,0,68,66,0,0,0,0,0,0,52,0,0,96,0,0,0,0,17,0,0,0,53,0,0,0,112,0,0,77,0,0,109,0,0,77,0,109,0,31,36,80,42,33,33,33,33,41,80,42,33,33,41,69,73,79,79,74,65,65,65,65,73,79,79,74,70,42,38,196,18,17,37,33,41,69,65,66,34,0,0,79,0,119,120,121,0,0,0,0,0,79,0,0,0,0,51,49,116,117,118,79,0,0,79,119,120,121,0,0,79,0,79,0,79,0,79,119,120,121,122,123,124,0,0,8,9,0,0,0,0,0,32,97,97,97,97,97,97,97,97,97,97,97,97,97,97,97,32,97,97,97,97,97,97,97,97,97,97,97,97,97,97,97,97,97,97,97,97,97,97,97,97,97,97,32,97,97,36,47,47,47,47,34,97,97,36,47,47,47,47,42,41,47,47,42,41,47,47,47,47,47,47,34,12,100,98,116,117,118,12,100,98,12,12,12,12,12,116,117,118,12,12,12,116,117,118,195,100,97,111,111,97,97,97,97,98,0,0,0,0,0,0,0,36,47,47,47,47,47,47,47,47,47,47
0,0,0,0,0,0,0,0,0,0,0,0,53,0,0,0,0,17,0,0,52,0,0,0,109,79,109,0,0,0,0,0,0,0,0,0,0,100,98,0,0,0,0,0,0,0,0,0,0,0,0,0,0,0,0,0,0,0,109,79,79,109,0,0,0,109,0,0,0,0,0,0,0,0,0,0,0,0,0,0,0,0,0,0,0,0,0,0,0,0,0,0,0,0,0,0,0,0,0,0,0,0,0,0,0,0,0,0,0,0,0,0,0,109,79,79,79,79,79,79,109,41,47,47,47,47,47,47,47,42,41,47,47,47,47,47,47,47,42,41,47,47,47,47,47,47,47,42,41,47,47,47,47,47,47,47,42,41,47,47,47,47,36,79,79,79,79,79,79,79,79,79,79,79,79,79,79,79,79,79,79,79,79,79,79,42,33,33,41,79,79,34,111,111,111,111,111,111,111,111,111,111,111,111,111,111,111,111,111,111,111,111,111,111,111,111,111,111,111,111,111,111,111,111,111,111,111,111,111,111,111,111,111,111,111,111,111,111,111,111,111,111,111,111,111,111,111,111,111,111,111,111,111,111,111,111,111,111,111,111,111,111,111,111,111,111,111,111,111,111,111,111,111,111,111,96,0,0,0,101,102,0,0,101,110,110,102,0,0,100,98,0,100,98,0,101,102,0,0,109,79,79,79,79,109,0,0,109,79,79,109,0,0,0,18,18,18,18,0,0,0,18,18,18,18,0,0,0,0,0,0,0,0,18,18,18,18,0,0,0,0,0,0,0,0,0,0,0,0,0,0,0,79,47,79,47,79,47,79,189,189,79,179,186,47,47,79,7,79,0,0,79,174,187,16,170,47,79,189,184,0,47,79,47,79,18,17,16,111,18,195,101,105,111,111,111,111,111,111,106,102,196,0,0,0,0,0,0,0,0,0,0,0,197,111,111,111,111,111,111,79,47,119,120,121,144,41,34,0,109,79,109,0,101,102,0,0,0,0,0,0,0,0,0,96,0,96,0,10,11,0,0,0,0,0,0,0,0,0,52,0,0,0,0,0,0,0,0,0,0,0,0,0,0,0,0,0,0,0,0,0,0,36,47,47,47,18,47,47,16,47,79,47,47,79,47,47,79,47,47,37,33,145,0,0,144,41,69,73,79,79,74,70,42,145,0,0,144,41,69,73,79,79,79,79,79,79,79,79,79,79,74,70,42,145,144,41,69,73,74,65,65,73,79,79,74,65,65,73,79,79,74,65,65,65,65,65,70,34,12,12,12,12,12,7,12,8,9,119,120,121,12,12,7,12,12,96,12,116,117,118,12,12,96,12,116,117,118,12,12,12,12,12,12,12,12,12,12,12,144,147,79,111,79,111,146,145,144,147,79,111,79,111,79,111,79,111,79,111,79,111,146,145,144,145,144,145,144,145,144,145,144,147,79,111,79,111,146,145,144,147,79,111,79,111,146,145,0,0,47,47,47,47,47,47,119,120,121,8,9,47,47,119,120,121,47,47,116,117,118,47,47,47,47,47,47,119,120,121,100,111,111,111,111,111,111,111,111,111,111,111,111,111,111,111,111,111,111,111,111,111,98,0,0,0,0,0,0,0,0,0,0,0,100,98,0,0,0,0,0,0,0,0,68,66,0,0,0,0,0,0,0,0,0,0,0,0,0,0,64,0,101,110,102,0,0,0,109,0,0,77,0,0,109,0,0,77,0,109,0,31,36,68,65,65,65,65,65,65,79,65,65,65,65,73,79,79,79,79,79,79,79,79,79,79,79,79,74,70,42,33,33,33,41,69,65,73,79,66,34,0,0,79,0,122,123,124,0,0,0,0,0,79,0,0,0,0,0,79,119,120,121,79,0,0,79,122,123,124,0,0,79,0,79,0,79,0,79,122,123,124,0,0,0,0,0,10,11,0,0,0,0,0,32,111,111,111,111,111,111,111,111,111,111,111,111,111,111,111,32,111,111,111,111,111,111,111,111,111,111,111,111,111,111,111,111,111,111,111,111,111,111,111,111,111,111,32,111,111,36,47,47,47,47,34,111,111,36,47,47,47,47,47,47,47,47,47,47,47,47,47,47,47,47,34,97,100,98,97,97,97,97,100,98,97,97,97,97,97,97,97,97,97,97,97,97,97,97,97,111,111,111,111,111,111,111,111,98,0,0,0,0,0,0,0,36,47,47,47,47,47,47,47,47,47,47
0,0,0,0,0,0,0,0,0,0,0,0,112,0,0,0,0,96,0,0,0,0,0,0,109,79,109,0,0,0,0,0,0,0,0,0,0,100,98,0,0,0,0,0,0,0,0,0,0,0,0,0,0,0,0,0,0,0,109,79,79,109,0,0,0,109,0,0,0,0,0,0,0,0,0,0,0,0,0,0,0,0,0,0,0,0,0,0,0,0,0,0,0,0,0,0,0,0,0,0,0,0,0,0,0,0,0,0,0,0,0,0,0,109,79,79,79,79,79,79,109,47,47,47,47,47,47,47,47,47,47,47,47,47,47,47,47,47,47,47,47,47,47,47,47,47,47,47,47,47,47,47,47,47,47,47,47,47,47,47,47,47,36,79,79,79,79,79,79,79,79,79,79,79,79,79,79,79,79,79,79,79,79,79,79,79,79,79,79,79,79,34,111,111,111,111,111,111,111,111,111,111,111,111,111,111,111,111,111,111,111,111,111,111,111,111,111,111,111,111,111,111,111,111,111,111,111,111,111,111,111,111,111,111,111,111,111,111,111,111,111,111,111,111,111,111,111,111,111,111,111,111,111,111,111,111,111,111,111,111,111,111,111,111,111,111,111,111,111,111,111,111,111,111,111,96,0,0,0,100,98,0,0,109,79,79,109,0,0,100,98,0,100,98,0,100,98,0,0,109,79,79,79,79,109,0,0,109,79,79,109,0,0,0,101,110,110,102,0,0,0,101,110,110,102,0,0,0,0,0,0,0,0,101,110,110,102,0,0,0,0,0,0,0,0,0,0,0,0,0,0,0,175,175,175,175,175,175,175,180,184,179,16,16,186,47,79,7,79,0,0,174,187,16,16,16,170,79,189,176,0,18,17,17,17,16,16,16,111,97,97,105,111,111,111,111,111,111,111,111,106,102,196,175,175,175,175,175,175,175,175,175,197,111,111,111,111,111,111,111,79,47,122,123,144,41,47,34,0,109,79,109,0,100,98,0,0,0,0,0,0,0,0,0,0,0,0,0,0,0,0,0,0,0,116,117,118,0,0,0,0,0,0,0,0,0,0,0,0,0,0,0,0,0,0,0,0,0,0,112,0,0,36,47,47,47,16,47,47,79,47,79,47,47,79,47,47,79,47,47,36,80,42,145,144,41,69,73,79,79,79,79,74,70,42,145,144,41,69,73,79,79,79,79,79,79,79,79,79,79,79,79,74,70,42,41,69,73,79,79,79,79,79,79,79,79,79,79,79,79,79,79,79,79,79,79,79,66,34,111,111,111,111,111,111,111,111,111,111,111,111,111,111,111,111,111,111,111,111,111,111,111,111,111,111,111,111,111,111,111,111,111,111,111,111,111,111,111,111,45,79,111,79,111,79,111,146,147,79,111,79,111,79,111,79,111,79,111,79,111,79,111,146,147,146,147,146,147,146,147,146,147,79,111,79,111,79,111,146,147,79,111,79,111,79,111,146,145,12,12,12,12,12,12,12,122,123,124,10,11,12,12,122,123,124,12,12,119,120,121,8,9,12,12,8,9,122,123,124,100,111,111,111,111,111,111,111,111,111,111,111,111,111,111,111,111,111,111,111,111,111,98,0,0,0,116,117,118,0,0,0,0,31,100,98,0,116,117,118,0,0,0,0,68,66,0,0,0,116,117,118,0,0,0,0,116,117,118,0,0,0,109,79,109,0,0,0,109,0,0,77,0,0,109,0,0,77,0,109,0,31,36,68,79,79,79,79,79,79,79,79,79,79,79,79,79,79,79,79,79,79,79,79,79,79,79,79,79,74,65,65,65,65,65,73,79,79,79,66,34,12,12,79,12,12,12,12,12,12,12,12,12,79,12,12,12,12,12,79,122,123,124,79,12,12,79,12,12,12,12,12,79,12,79,12,79,12,79,12,12,12,12,12,12,12,12,12,12,12,12,12,12,12,32,111,111,111,111,111,111,111,111,111,111,111,111,111,111,111,32,111,111,111,111,111,111,111,111,111,111,111,111,111,111,111,111,111,111,111,111,111,111,111,111,111,111,32,111,111,36,47,47,47,47,34,111,111,36,47,47,47,47,47,47,47,47,47,47,47,47,47,47,47,47,34,111,100,98,111,111,111,111,100,98,111,111,111,111,111,111,111,111,111,111,111,111,111,111,111,111,111,111,111,111,111,111,111,98,0,0,0,0,0,0,0,36,47,47,47,47,47,47,47,47,47,47
0,0,0,0,0,0,0,0,0,0,0,116,109,116,117,118,12,12,12,12,12,12,12,12,109,79,109,12,116,117,118,12,12,12,12,12,12,100,98,12,12,12,12,116,117,118,12,12,12,12,12,12,12,12,12,12,12,12,109,79,79,109,12,12,12,109,12,12,12,12,116,117,118,12,12,12,12,12,12,116,117,118,12,12,12,12,12,12,12,12,116,117,118,12,12,12,12,12,12,116,117,118,12,12,12,12,12,12,116,117,118,12,12,109,79,79,79,79,79,79,109,47,47,47,47,47,47,47,47,47,47,47,47,47,47,47,47,47,47,47,47,47,47,47,47,47,47,47,47,47,47,47,47,47,47,47,47,47,47,47,47,47,36,79,79,79,79,79,79,79,79,79,79,79,79,79,79,79,79,79,79,79,79,79,79,79,79,79,79,79,79,34,111,111,111,111,111,111,111,111,111,111,111,111,111,111,111,111,111,111,111,111,111,111,111,111,111,111,111,111,111,111,111,111,111,111,111,111,111,111,111,111,111,111,111,111,111,111,111,111,111,111,111,111,111,111,111,111,111,111,111,111,111,111,111,111,111,111,111,111,111,111,111,111,111,111,111,111,111,111,111,111,111,111,111,96,12,12,12,100,98,12,12,109,79,79,109,12,12,100,98,12,100,98,12,100,98,12,12,109,79,79,79,79,109,12,12,109,79,79,109,12,12,12,109,79,79,109,12,12,12,109,79,79,109,12,12,12,12,12,12,12,12,109,79,79,109,12,12,12,12,12,12,12,12,12,12,12,12,12,12,144,33,33,33,33,33,33,33,145,144,33,33,33,33,33,33,33,33,145,144,33,33,33,33,33,33,33,145,144,33,33,33,33,33,33,33,33,111,33,33,33,33,33,33,33,33,33,33,33,33,33,33,33,33,33,33,33,33,33,33,33,33,33,33,33,33,33,33,33,33,33,33,33,41,47,47,34,12,109,79,109,12,100,98,12,12,12,12,12,12,12,12,12,12,12,12,12,12,12,12,12,12,12,119,120,121,12,12,12,12,12,12,12,12,12,12,0,0,0,0,0,17,17,17,0,0,17,17,109,12,12,36,47,47,47,47,18,18,18,18,18,47,47,18,18,18,79,47,47,36,68,70,42,41,69,73,79,79,79,79,79,79,74,70,42,41,69,73,79,79,79,79,79,79,79,79,79,79,79,79,79,79,74,65,65,73,79,79,79,79,79,79,79,79,79,79,79,79,79,79,79,79,79,79,79,79,66,34,111,111,111,111,111,111,111,111,111,111,111,111,111,111,111,111,111,111,111,111,111,111,111,111,111,111,111,111,111,111,111,111,111,111,111,111,111,111,111,111,45,111,79,111,79,111,79,111,79,111,79,111,79,111,79,111,79,111,79,111,79,111,79,111,79,111,79,111,79,111,79,111,79,111,79,111,79,111,79,111,79,111,79,111,79,111,79,111,45,111,111,111,111,111,111,111,111,111,111,111,111,111,111,111,111,111,111,111,111,111,111,111,111,111,111,111,111,111,111,111,100,111,111,111,111,111,111,111,111,111,111,111,111,111,111,111,111,111,111,111,111,111,98,12,12,12,119,120,121,12,12,12,12,12,100,98,12,119,120,121,12,12,12,12,68,66,12,12,12,119,120,121,12,12,12,12,119,120,121,12,12,12,109,79,109,12,12,12,109,12,12,77,12,12,109,12,12,77,12,109,12,12,36,68,79,79,79,79,79,79,79,79,79,79,79,79,79,79,79,79,79,79,79,79,79,79,79,79,79,79,79,79,79,79,79,79,79,79,79,66,34,97,97,97,97,97,97,97,97,97,97,97,97,97,97,97,97,97,97,97,97,97,97,97,97,97,97,97,97,97,97,97,97,97,97,97,97,97,97,97,97,97,97,97,97,97,97,97,97,97,97,97,97,97,32,111,111,111,111,111,111,111,111,111,111,111,111,111,111,111,32,111,111,111,111,111,111,111,111,111,111,111,111,111,111,111,111,111,111,111,111,111,111,111,111,111,111,32,111,111,36,47,47,47,47,34,111,111,36,47,47,47,47,47,47,47,47,47,47,47,47,47,47,47,47,34,111,100,98,111,111,111,111,100,98,111,111,111,111,111,111,111,111,111,111,111,111,111,111,111,111,111,111,111,111,111,111,111,98,0,0,0,0,0,0,0,36,47,47,47,47,47,47,47,47,47,47
