0,0,0,0,0,0,0,0,0,0,0,0,0,0,0,0,0,0,0,0,0,0,0,0,0,0,0,0,0,0,0,0,0,0,0,0,0,0,0,0,0,0,0,0,0,0,0,0,0,0,0,0,0,0,0,0,0,0,0,0,0,0,0,0,0,0,0,0,0,0,0,0,0,0,0,0,0,0,0,0,0,0,0,0,0,36,47,34,0,0,0,0,0,0,0,0,0,0,0,0,0,0,0,0,0,0,0,0,0,0,0,0,36,47,47,34,0,0,0,0,0,0,0,0,0,0,0,0,0,0,0,36,47,47,47,47,47,47,47,47,47,47,47,47,47,47,47,47,34,0,0,0,0,0,36,47,47,47,47,47,47,47,47,47,47,47,47,47,47,47,34,111,111,111,111,111,111,111,45,111,111,111,111,111,111,111,111,111,111,111,111,111,111,45,111,111,111,111,111,111,111,111,111,111,36,47,34,111,111,111,36,47,47,47,47,34,111,111,36,47,47,47,47,34,111,111,36,47,47,47,47,34,111,111,36,47,47,47,47,34,111,45,111,45,111,45,111,45,111,45,111,36,47,47,47,47,34,111,36,47,47,47,47,47,47,34,111,111,111,111,111,111,36,47,47,47,47,47,47,47,47,47,47,47,47,47,47,47,47,47,47,47,47,47,47,47,47,47,47,47,47,47,47,47,47,47,47,34,111,111,111,111,111,111,36,47,47,47,47,47,47,47,47,47,47,47,47,36,47,47,47,47,47,47,34,47,0,0,0,36,47,34,47,0,47,36,34,47,0,45,0,0,47,45,0,0,45,0,0,0,0,0,0,0,0,47,45,47,0,0,36,47,47,47,34,0,0,0,0,0,0,0,0,0,0,0,0,0,0,0,0,0,0,0,0,0,0,0,0,0,0,0,0,0,0,0,0,0,0,0,0,0,0,0,0,0,0,0,0,0,0,0,0,0,0,0,0,0,0,0,0,0,0,0,0,0,0,0,0,0,0,0,0,0,0,0,0,0,0,0,0,0,0,0,0,0,0,0,0,0,0,0,0,0,0,0,0,0,0,0,0,0,0,0,0,0,0,0,0,0,0,0,0,0,0,0,0,0,0,0,0,0,0,0,64,0,0,0,0,0,0,0,0,32,0,0,0,0,0,0,0,0,0,64,0,0,0,0,0,0,0,0,0,0,0,0,0,0,0,0,0,0,0,0,0,0,0,0,0,0,0,0,0,0,0,0,0,0,0,0,0,0,0,0,0,0,0,0,0,0,0,0,0,0,0,0,0,0,0,0,36,47,47,47,47,47,47,47,47,47,47,47,47,47,34,47,47,47,47,47,47,47,47,47,47,47,47,47,47,47,47,47,47,36,47,47,34,47,47,47,47,47,47,47,47,47,47,47,47,47,47,47,47,47,47,47,47,47,47,47,47,47,47,47,47,47,47,36,47,47,47,47,34,47,47,47,47,47,36,47,47,47,34,79,79,79,51,46,46,46,46,46,145,146,46,46,147,144,147,144,147,78,78,78,78,78,78,146,145,146,145,146,46,46,147,144,147,144,147,78,78,78,78,78,78,146,145,146,145,146,46,46,49,79,79,79,51,46,46,49,111,111,111,83,78,78,81,79,79,79,51,46,46,49,111,111,111,51,46,46,49,79,79,79,51,46,46,49,0,0,0,0,0,0,0,0,0,0,0,0,0,0,0,0,0,0,0,0,0,0,0,0,0,0,0,0,0,0,0,0,0,0,0,0,0,0,0,0,0,0,0,0,0,0,0,0,0,0,0,0,0,0,0,0,0,0,0,0,0,0,0,0,0,0,0,0,0,0,0,0,0,0,0,0,0,0,0,0,0,0,0,0,0,0,0,0,0,109,109,0,0,0,0,0,109,0,0,0,0,0,0,0,0,0,0,0,0,0,0,0,0,0,0,0,0,0,0,0,0,0,0,0,0,0,0,0,0,0,0,0,45,47,47,47,47,47,47,47,47,47,47,47,47,47,47,47,47,47,47,47,47,47,47,47,47,47,47,47,47,47,47,47,47,47,47,47,47,47,47,47,47,47,45,111,111,111,111,111,111,111,111,111,111,45,47,47,45,111,111,111,111,111,111,111,111,111,45,47,47,45,111,111,111,111,111,111,111,111,111,45,47,47,47,47,47,47,45,111,111,111,111,111,111,111,111,111,45,47,47,45,111,111,111,111,111,111,111,45,111,111,111,111,36,47,47,47,47,47,47,47,47,47,34,111,111,111,111,111,36,47,34,111,111,111,111,111,111,36,47,47,47,47,47,34,36,47,47,47,47,47,34,0,0,47,0,0,0,0,0,0,0,77,0,0,0,0,77,0,0,0,0,0,0,0,0,47,0,0,0,0,77,0,0,0,0,0,68,66,0,0,0,0,0,0,0,0,0,68,66,0,0,0,0,0,0,36,47,47,47,47,47,47,47,47,47,47,47,47
0,0,0,0,0,0,0,0,0,0,0,0,0,0,0,0,0,0,0,0,0,0,0,0,0,0,0,0,0,0,0,0,0,0,0,0,0,0,0,0,0,0,0,0,0,0,0,0,0,0,0,0,0,0,0,0,0,0,0,0,0,0,0,0,0,0,0,0,0,0,0,0,0,0,0,0,0,0,0,0,0,0,0,0,0,36,47,34,0,0,0,0,0,0,0,0,0,0,0,0,0,0,0,0,0,0,0,0,0,0,0,0,36,47,47,34,0,0,0,0,0,0,0,0,0,0,0,0,0,0,0,36,47,47,47,47,47,47,47,47,47,47,47,47,47,47,47,47,34,0,0,0,0,0,36,47,47,47,47,47,47,47,47,47,47,47,47,47,47,47,34,111,111,111,111,111,111,111,45,111,111,111,111,111,111,111,111,111,111,111,111,111,111,45,111,111,111,111,111,111,111,111,111,111,36,47,34,111,111,111,36,47,47,47,47,34,111,111,36,47,47,47,47,34,111,111,36,47,47,47,47,34,111,111,36,47,47,47,47,34,111,45,111,45,111,45,111,45,111,45,111,36,47,47,47,47,34,111,36,47,47,47,47,47,47,34,111,111,111,111,111,111,36,47,47,47,47,47,47,47,47,47,47,47,47,47,47,47,47,47,47,47,47,47,47,47,47,47,47,47,47,47,47,47,47,47,47,34,111,111,111,111,111,111,36,47,47,47,47,47,47,47,47,47,47,47,47,36,47,47,47,47,47,47,34,0,0,0,47,36,47,34,0,0,0,36,34,0,0,45,47,0,0,45,0,47,45,47,0,0,0,0,0,0,0,0,45,0,0,47,36,47,47,47,34,47,0,0,0,0,0,0,0,0,0,0,0,0,0,0,0,0,0,0,0,0,0,0,0,0,0,0,0,0,0,0,0,0,0,0,0,0,0,0,0,0,0,0,0,0,0,0,0,0,0,0,0,0,0,0,0,0,0,0,0,0,0,0,0,0,0,0,0,0,0,0,0,0,0,0,0,0,0,0,0,0,0,0,0,0,0,0,0,0,0,0,0,0,0,0,0,0,0,0,0,0,0,0,0,0,0,0,0,0,0,0,0,0,0,0,0,0,0,0,32,0,0,0,0,0,0,0,0,64,0,0,0,0,0,0,0,0,0,32,0,0,0,0,0,0,0,0,0,0,0,0,0,0,0,0,0,0,0,0,0,0,0,0,0,0,0,0,0,0,0,0,0,0,0,0,0,0,0,0,0,0,0,0,0,0,0,0,0,0,0,0,0,0,0,0,36,47,47,47,47,47,47,47,47,47,47,47,47,47,34,47,47,47,47,47,47,47,47,47,47,47,47,47,47,47,47,47,47,36,47,47,34,47,47,47,47,47,47,47,47,47,47,47,47,47,47,47,47,47,47,47,47,47,47,47,47,47,47,47,47,47,47,36,47,47,47,47,34,47,47,47,47,47,36,47,47,47,34,79,79,79,83,78,78,78,78,78,146,145,78,78,144,147,144,147,144,46,46,46,46,46,46,145,146,145,146,145,78,78,144,147,144,147,144,46,46,46,46,46,46,145,146,145,146,145,78,78,81,79,79,79,83,78,78,81,111,111,111,51,46,46,49,79,79,79,83,78,78,81,111,111,111,83,78,78,81,79,79,79,83,78,78,81,0,0,0,0,0,0,0,0,0,0,0,0,0,0,0,0,0,0,0,0,0,0,0,0,0,0,0,0,0,0,0,0,0,0,0,0,0,0,0,0,0,0,0,0,0,0,0,0,0,0,0,0,0,0,0,0,0,0,0,0,0,0,0,0,0,0,0,0,0,0,0,0,0,0,0,0,0,0,0,0,0,0,0,0,0,0,0,0,0,109,109,0,0,0,0,0,109,0,0,0,0,0,0,0,0,0,0,0,0,0,0,0,0,0,0,0,0,0,0,0,0,0,0,0,0,0,0,0,0,0,0,0,45,47,47,47,47,47,47,47,47,47,47,47,47,47,47,47,47,47,47,47,47,47,47,47,47,47,47,47,47,47,47,47,47,47,47,47,47,47,47,47,47,47,45,111,111,111,111,111,111,111,111,111,111,45,47,47,45,111,111,111,111,111,111,111,111,111,45,47,47,45,111,111,111,111,111,111,111,111,111,45,47,47,47,47,47,47,45,111,111,111,111,111,111,111,111,111,45,47,47,45,111,111,111,111,111,111,111,45,111,111,111,111,36,47,47,47,47,47,47,47,47,47,34,111,111,111,111,111,36,47,34,111,111,111,111,111,111,36,47,47,47,47,47,34,36,47,47,47,47,47,34,0,0,47,0,0,0,0,0,0,0,77,0,0,0,0,77,0,0,0,0,0,0,0,0,47,0,0,0,0,77,0,0,0,0,0,68,66,0,0,0,0,0,0,0,0,0,68,66,0,0,0,0,0,0,36,47,47,47,47,47,47,47,47,47,47,47,47
0,0,0,0,0,0,0,0,0,0,0,0,0,0,0,0,0,0,0,0,0,0,0,0,0,0,0,0,0,0,0,0,0,0,0,0,0,0,0,0,0,0,0,0,0,0,0,0,0,0,0,0,0,0,0,0,0,0,0,0,0,0,0,0,0,0,0,0,0,0,0,0,0,0,0,0,0,0,0,0,0,0,0,0,0,36,47,34,0,0,0,0,0,0,0,0,0,0,0,0,0,0,0,0,0,0,0,0,0,0,0,0,36,47,47,34,0,0,0,0,0,0,0,0,0,0,0,0,0,0,0,36,47,47,47,47,47,47,47,47,47,47,47,47,47,47,47,47,34,0,0,0,0,0,36,47,47,47,47,47,47,47,47,47,47,47,47,47,47,47,34,111,111,111,111,111,111,111,45,111,111,111,111,111,111,111,111,111,111,111,111,111,111,45,111,111,111,111,111,111,111,111,111,111,36,47,34,111,111,111,36,47,47,47,47,34,111,111,36,47,47,47,47,34,111,111,36,47,47,47,47,34,111,111,36,47,47,47,47,34,111,45,111,45,111,45,111,45,111,45,111,36,47,47,47,47,34,111,36,47,47,47,47,47,47,34,111,111,111,111,111,111,36,47,47,47,47,47,47,47,47,47,47,47,47,47,47,47,47,47,47,47,47,47,47,47,47,47,47,47,47,47,47,47,47,47,47,34,111,111,111,111,111,111,36,47,47,47,47,47,47,47,47,47,47,47,47,36,47,47,47,47,47,47,34,47,0,0,0,36,47,34,47,0,47,36,34,47,0,45,0,0,47,45,0,0,45,0,0,0,0,0,0,0,0,47,45,47,0,0,36,47,47,47,34,0,0,0,0,0,0,0,0,0,0,0,0,0,0,0,0,0,0,0,0,0,0,0,0,0,0,0,0,0,0,0,0,0,0,0,0,0,0,0,0,0,0,0,0,0,0,0,0,0,0,0,0,0,0,0,0,0,0,0,0,0,0,0,0,0,0,0,0,0,0,0,0,0,0,0,0,0,0,0,0,0,0,0,0,0,0,0,0,0,0,0,0,0,0,0,0,0,0,0,0,0,0,0,0,0,0,0,0,0,0,0,0,0,0,0,0,0,0,0,64,0,0,0,0,0,0,0,0,32,0,0,0,0,0,0,0,0,0,64,0,0,0,0,0,0,0,0,0,0,0,0,0,0,0,0,0,0,0,0,0,0,0,0,0,0,0,0,0,0,0,0,0,0,0,0,0,0,0,0,0,0,0,0,0,0,0,0,0,0,0,0,0,0,0,0,36,47,47,47,47,47,47,47,47,47,47,47,47,47,34,47,47,47,47,47,47,47,47,47,47,47,47,47,47,47,47,47,47,36,47,47,34,47,47,47,47,47,47,47,47,47,47,47,47,47,47,47,47,47,47,47,47,47,47,47,47,47,47,47,47,47,47,36,47,47,47,47,34,47,47,47,47,47,36,47,47,47,34,79,79,79,51,46,46,46,46,46,145,146,46,46,147,144,147,144,147,78,78,78,78,78,78,146,145,146,145,146,46,46,147,144,147,144,147,78,78,78,78,78,78,146,145,146,145,146,46,46,49,79,79,79,51,46,46,49,111,111,111,83,78,78,81,79,79,79,51,46,46,49,111,111,111,51,46,46,49,79,79,79,51,46,46,49,0,0,0,0,0,0,0,0,0,0,0,0,0,0,0,0,0,0,0,0,0,0,0,0,0,0,0,0,0,0,0,0,0,0,0,0,0,0,0,0,0,0,0,0,0,0,0,0,0,0,0,0,0,0,0,0,0,0,0,0,0,0,0,0,0,0,0,0,0,0,0,0,0,0,0,0,0,0,0,0,0,0,0,0,0,0,0,0,0,109,109,0,0,0,0,0,109,0,0,0,0,0,0,0,0,0,0,0,0,0,0,0,0,0,0,0,0,0,0,0,0,0,0,0,0,0,0,0,0,0,0,0,45,47,47,47,47,47,47,47,47,47,47,47,47,47,47,47,47,47,47,47,47,47,47,47,47,47,47,47,47,47,47,47,47,47,47,47,47,47,47,47,47,47,45,111,111,111,111,111,111,111,111,111,111,45,47,47,45,111,111,111,111,111,111,111,111,111,45,47,47,45,111,111,111,111,111,111,111,111,111,45,47,47,47,47,47,47,45,111,111,111,111,111,111,111,111,111,45,47,47,45,111,111,111,111,111,111,111,45,111,111,111,111,36,47,47,47,47,47,47,47,47,47,34,111,111,111,111,111,36,47,34,111,111,111,111,111,111,36,47,47,47,47,47,34,36,47,47,47,47,47,34,0,0,47,0,0,0,0,0,0,0,77,0,0,0,0,77,0,0,0,0,0,0,0,0,47,0,0,0,0,77,0,0,0,0,0,68,66,0,0,0,0,0,0,0,0,0,68,66,0,0,0,0,0,0,36,47,47,47,47,47,47,47,47,47,47,47,47
0,0,0,0,0,0,0,0,0,0,0,0,0,0,0,0,0,0,0,0,0,0,0,0,0,0,0,0,0,0,0,0,0,0,0,0,0,0,0,0,0,0,0,0,0,0,0,0,0,0,0,0,0,0,0,0,0,0,0,0,0,0,0,0,0,0,0,0,0,0,0,0,0,0,0,0,0,0,0,0,0,0,0,0,0,36,47,34,0,0,0,0,0,0,0,0,0,0,0,0,0,0,0,0,0,0,0,0,0,0,0,0,36,47,47,34,0,0,0,0,0,0,0,0,0,0,0,0,0,0,0,36,47,47,47,47,47,47,47,47,47,47,47,47,47,47,47,47,34,0,0,0,0,0,36,47,47,47,47,47,47,47,47,47,47,47,47,47,47,47,34,111,111,111,111,111,111,111,45,111,111,111,111,111,111,111,111,111,111,111,111,111,111,45,111,111,111,111,111,111,111,111,111,111,36,47,34,111,111,111,36,47,47,47,47,34,111,111,36,47,47,47,47,34,111,111,36,47,47,47,47,34,111,111,36,47,47,47,47,34,111,45,111,45,111,45,111,45,111,45,111,36,47,47,47,47,34,111,36,47,47,47,47,47,47,34,111,111,111,111,111,111,36,47,47,47,47,47,47,47,47,47,47,47,47,47,47,47,47,47,47,47,47,47,47,47,47,47,47,47,47,47,47,47,47,47,47,34,111,111,111,111,111,111,36,47,47,47,47,47,47,47,47,47,47,47,47,36,47,47,47,47,47,47,34,0,0,0,47,36,47,34,0,0,0,36,34,0,0,45,47,0,0,45,0,47,45,47,0,0,0,0,0,0,0,0,45,0,0,47,36,47,47,47,34,47,0,0,0,0,0,0,0,0,0,0,0,0,0,0,0,0,0,0,0,0,0,0,0,0,0,0,0,0,0,0,0,0,0,0,0,0,0,0,0,0,0,0,0,0,0,0,0,0,0,0,0,0,0,0,0,0,0,0,0,0,0,0,0,0,0,0,0,0,0,0,0,0,0,0,0,0,0,0,0,0,0,0,0,0,0,0,0,0,0,0,0,0,0,0,0,0,0,0,0,0,0,0,0,0,0,0,0,0,0,0,0,0,0,0,0,0,0,0,32,0,0,0,0,0,0,0,0,64,0,0,0,0,0,0,0,0,0,32,0,0,0,0,0,0,0,0,0,0,0,0,0,0,0,0,0,0,0,0,0,0,0,0,0,0,0,0,0,0,0,0,0,0,0,0,0,0,0,0,0,0,0,0,0,0,0,0,0,0,0,0,0,0,0,0,36,47,47,47,47,47,47,47,47,47,47,47,47,47,34,47,47,47,47,47,47,47,47,47,47,47,47,47,47,47,47,47,47,36,47,47,34,47,47,47,47,47,47,47,47,47,47,47,47,47,47,47,47,47,47,47,47,47,47,47,47,47,47,47,47,47,47,36,47,47,47,47,34,47,47,47,47,47,36,47,47,47,34,79,79,79,83,78,78,78,78,78,146,145,78,78,144,147,144,147,144,46,46,46,46,46,46,145,146,145,146,145,78,78,144,147,144,147,144,46,46,46,46,46,46,145,146,145,146,145,78,78,81,79,79,79,83,78,78,81,111,111,111,51,46,46,49,79,79,79,83,78,78,81,111,111,111,83,78,78,81,79,79,79,83,78,78,81,0,0,0,0,0,0,0,0,0,0,0,0,0,0,0,0,0,0,0,0,0,0,0,0,0,0,0,0,0,0,0,0,0,0,0,0,0,0,0,0,0,0,0,0,0,0,0,0,0,0,0,0,0,0,0,0,0,0,0,0,0,0,0,0,0,0,0,0,0,0,0,0,0,0,0,0,0,0,0,0,0,0,0,0,0,0,0,0,0,109,109,0,0,0,0,0,109,0,0,0,0,0,0,0,0,0,0,0,0,0,0,0,0,0,0,0,0,0,0,0,0,0,0,0,0,0,0,0,0,0,0,0,45,47,47,47,47,47,47,47,47,47,47,47,47,47,47,47,47,47,47,47,47,47,47,47,47,47,47,47,47,47,47,47,47,47,47,47,47,47,47,47,47,47,45,111,111,111,111,111,111,111,111,111,111,45,47,47,45,111,111,111,111,111,111,111,111,111,45,47,47,45,111,111,111,111,111,111,111,111,111,45,47,47,47,47,47,47,45,111,111,111,111,111,111,111,111,111,45,47,47,45,111,111,111,111,111,111,111,45,111,111,111,111,36,47,47,47,47,47,47,47,47,47,34,111,111,111,111,111,36,47,34,111,111,111,111,111,111,36,47,47,47,47,47,34,36,47,47,47,47,47,34,0,0,47,0,0,0,0,0,0,0,77,0,0,0,0,77,0,0,0,0,0,0,0,0,47,0,0,0,0,77,0,0,0,0,0,68,66,0,0,0,0,0,0,0,0,0,68,66,0,0,0,0,0,0,36,47,47,47,47,47,47,47,47,47,47,47,47
0,0,0,0,0,0,0,0,0,0,0,0,0,0,0,0,0,0,0,0,0,0,0,0,0,0,0,0,0,0,0,0,0,0,0,0,0,0,0,0,0,0,0,0,0,0,0,0,0,0,0,0,0,0,0,0,0,0,0,0,0,0,0,0,0,0,0,0,0,0,0,0,0,0,0,0,0,0,0,0,0,0,0,0,0,36,47,34,0,0,0,0,0,0,0,0,0,0,0,0,0,0,0,0,0,0,0,0,0,0,0,0,36,47,47,34,0,0,0,0,0,0,0,0,0,0,0,0,0,0,0,36,47,47,47,47,47,47,47,47,47,47,47,47,47,47,47,47,34,0,0,0,0,0,36,47,47,47,47,47,47,47,47,47,47,47,47,47,47,47,34,111,111,111,111,111,111,111,45,47,47,47,23,23,23,23,23,23,23,23,23,23,23,50,23,23,23,23,23,23,23,23,23,23,36,47,34,111,111,111,36,47,47,47,47,34,111,111,36,47,47,47,47,34,111,111,36,47,47,47,47,34,111,111,36,47,47,47,47,34,111,45,111,45,111,45,111,45,111,45,111,36,47,47,47,47,34,111,36,47,47,47,47,47,47,34,111,111,111,111,111,111,36,47,47,47,47,47,47,47,47,47,47,47,47,47,47,47,47,47,47,47,47,47,47,47,47,47,47,47,47,47,47,47,47,47,47,34,111,111,111,111,111,111,36,47,47,47,47,47,47,47,47,47,47,47,47,36,47,47,47,47,47,47,34,47,0,0,0,36,47,34,47,0,47,36,34,47,0,45,0,0,47,45,0,0,45,0,0,0,0,0,0,0,0,47,45,47,0,0,36,47,47,47,34,0,0,0,0,0,0,0,0,0,0,0,0,0,0,0,0,0,0,0,0,0,0,0,0,0,0,0,0,0,0,0,0,0,0,0,0,0,0,0,0,0,0,0,0,0,0,0,0,0,0,0,0,0,0,0,0,0,0,0,0,0,0,0,0,0,0,0,0,0,0,0,0,0,0,0,0,0,0,0,0,0,0,0,0,0,0,0,0,0,0,0,0,0,0,0,0,0,0,0,0,0,0,0,0,0,0,0,0,0,0,0,0,0,0,0,0,0,0,0,64,0,0,0,0,0,0,0,0,32,0,0,0,0,0,0,0,0,0,64,0,0,0,0,0,0,0,0,0,0,0,0,0,0,0,0,0,0,0,0,0,0,0,0,0,0,0,0,0,0,0,0,0,0,0,0,0,0,0,0,0,0,0,0,0,0,0,0,0,0,0,0,0,0,0,0,36,47,47,47,47,47,47,47,47,47,47,47,47,47,34,47,47,47,47,47,47,47,47,47,47,47,47,47,47,47,47,47,47,36,47,47,34,47,47,47,47,47,47,47,47,47,47,47,47,47,47,47,47,47,47,47,47,47,47,47,47,47,47,47,47,47,47,36,47,47,47,47,34,47,47,47,47,47,36,47,47,47,34,79,79,79,51,46,46,46,46,46,145,146,46,46,147,144,147,144,147,78,78,78,78,78,78,146,145,146,145,146,46,46,147,144,147,144,147,78,78,78,78,78,78,146,145,146,145,146,46,46,49,79,79,79,51,46,46,49,111,111,111,83,78,78,81,79,79,79,51,46,46,49,111,111,111,51,46,46,49,79,79,79,51,46,46,49,0,0,0,0,0,0,0,0,0,0,0,0,0,0,0,0,0,0,0,0,0,0,0,0,0,0,0,0,0,0,0,0,0,0,0,0,0,0,0,0,0,0,0,0,0,0,0,0,0,0,0,0,0,0,0,0,0,0,0,0,0,0,0,0,0,0,0,0,0,0,0,0,0,0,0,0,0,0,0,0,0,0,0,0,0,0,0,0,0,109,109,0,0,0,0,0,109,0,0,0,0,0,0,0,0,0,0,0,0,0,0,0,0,0,0,0,0,0,0,0,0,0,0,0,0,0,0,0,0,0,0,0,45,47,47,47,47,47,47,47,47,47,47,47,47,47,47,47,47,47,47,47,47,47,47,47,47,47,47,47,47,47,47,47,47,47,47,47,47,47,47,47,47,47,45,111,111,111,111,111,111,111,111,111,111,45,47,47,45,111,111,111,111,111,111,111,111,111,45,47,47,45,111,111,111,111,111,111,111,111,111,45,47,47,47,47,47,47,45,111,111,111,111,111,111,111,111,111,45,47,47,45,111,111,111,111,111,111,111,45,111,111,111,111,36,47,47,47,47,47,47,47,47,47,34,111,111,111,111,111,36,47,34,111,111,111,111,111,111,36,47,47,47,47,47,34,36,47,47,47,47,47,34,0,0,47,0,0,0,0,0,0,0,77,0,0,0,0,77,0,0,0,0,0,0,0,0,47,0,0,0,0,77,0,0,0,0,0,68,66,0,0,0,0,0,0,0,0,0,68,66,0,0,0,0,0,0,36,47,47,47,47,47,47,47,47,47,47,47,47
0,0,0,0,0,0,0,0,0,0,0,0,0,0,0,0,0,0,0,0,0,0,0,0,0,0,0,0,0,0,0,0,0,0,0,0,0,0,0,0,0,0,0,0,0,0,0,0,0,0,0,0,0,0,0,0,0,0,0,0,0,0,0,0,0,0,0,0,0,0,0,0,0,0,0,0,0,0,0,0,0,0,0,0,0,36,47,34,0,0,0,0,0,0,0,0,0,0,0,0,0,0,0,0,0,0,0,0,0,0,0,0,36,47,47,34,0,0,0,0,0,0,0,0,0,0,0,0,0,0,0,36,47,47,47,47,47,47,47,47,47,47,47,47,47,47,47,47,34,0,0,0,0,0,36,47,47,47,47,47,47,47,47,47,47,47,47,47,47,47,34,111,111,111,111,111,111,111,45,47,47,47,0,0,0,0,0,0,0,0,0,0,0,54,0,0,0,0,0,0,0,0,0,0,36,47,34,111,111,111,36,47,47,47,47,34,111,111,36,47,47,47,47,34,111,111,36,47,47,47,47,34,111,111,36,47,47,47,47,34,111,45,111,45,111,45,111,45,111,45,111,36,47,47,47,47,34,111,36,47,47,47,47,47,47,34,111,111,111,111,111,111,36,47,47,47,47,47,47,47,47,47,47,47,47,47,47,47,47,47,47,47,47,47,47,47,47,47,47,47,47,47,47,47,47,47,47,34,111,111,111,111,111,111,36,47,47,47,47,47,47,47,47,47,47,47,47,36,47,47,47,47,47,47,34,0,0,0,47,36,47,34,0,0,0,36,34,0,0,45,47,0,0,45,0,47,45,47,0,0,0,0,0,0,0,0,45,0,0,47,36,47,47,47,34,47,0,0,0,0,0,0,0,0,0,0,0,0,0,0,0,0,0,0,0,0,0,0,0,0,0,0,0,0,0,0,0,0,0,0,0,0,0,0,0,0,0,0,0,0,0,0,0,0,0,0,0,0,0,0,0,0,0,0,0,0,0,0,0,0,0,0,0,0,0,0,0,0,0,0,0,0,0,0,0,0,0,0,0,0,0,0,0,0,0,0,0,0,0,0,0,0,0,0,0,0,0,0,0,0,0,0,0,0,0,0,0,0,0,0,0,0,0,0,32,0,0,0,0,0,0,0,0,64,0,0,0,0,0,0,0,0,0,32,0,0,0,0,0,0,0,0,0,0,0,0,0,0,0,0,0,0,0,0,0,0,0,0,0,0,0,0,0,0,0,0,0,0,0,0,0,0,0,0,0,0,0,0,0,0,0,0,0,0,0,0,0,0,0,0,36,47,47,47,47,47,47,47,47,47,47,47,47,47,34,47,47,47,47,47,47,47,47,47,47,47,47,47,47,47,47,47,47,36,47,47,34,47,47,47,47,47,47,47,47,47,47,47,47,47,47,47,47,47,47,47,47,47,47,47,47,47,47,47,47,47,47,36,47,47,47,47,34,47,47,47,47,47,36,47,47,47,34,79,79,79,83,78,78,78,78,78,146,145,78,78,144,147,144,147,144,46,46,46,46,46,46,145,146,145,146,145,78,78,144,147,144,147,144,46,46,46,46,46,46,145,146,145,146,145,78,78,81,79,79,79,83,78,78,81,111,111,111,51,46,46,49,79,79,79,83,78,78,81,111,111,111,83,78,78,81,79,79,79,83,78,78,81,0,0,0,0,0,0,0,0,0,0,0,0,0,0,0,0,0,0,0,0,0,0,0,0,0,0,0,0,0,0,0,0,0,0,0,0,0,0,0,0,0,0,0,0,0,0,0,0,0,0,0,0,0,0,0,0,0,0,0,0,0,0,0,0,0,0,0,0,0,0,0,0,0,0,0,0,0,0,0,0,0,0,0,0,0,0,0,0,0,109,109,0,0,0,0,0,109,0,0,0,0,0,0,0,0,0,0,0,0,0,0,0,0,0,0,0,0,0,0,0,0,0,0,0,0,0,0,0,0,0,0,0,45,47,47,47,47,47,47,47,47,47,47,47,47,47,47,47,47,47,47,47,47,47,47,47,47,47,47,47,47,47,47,47,47,47,47,47,47,47,47,47,47,47,45,111,111,111,111,111,111,111,111,111,111,45,47,47,45,111,111,111,111,111,111,111,111,111,45,47,47,45,111,111,111,111,111,111,111,111,111,45,47,47,47,47,47,47,45,111,111,111,111,111,111,111,111,111,45,47,47,45,111,111,111,111,111,111,111,45,111,111,111,111,36,47,47,47,47,47,47,47,47,47,34,111,111,111,111,111,36,47,34,111,111,111,111,111,111,36,47,47,47,47,47,34,36,47,47,47,47,47,34,0,0,47,0,0,0,0,0,0,0,77,0,0,0,0,77,0,0,0,0,0,0,0,0,47,0,0,0,0,77,0,0,0,0,0,68,66,0,0,0,0,0,0,0,0,0,68,66,0,0,0,0,0,0,36,47,47,47,47,47,47,47,47,47,47,47,47
0,0,0,0,0,0,0,0,0,0,0,0,0,0,0,0,0,0,0,0,0,0,0,0,0,0,0,0,0,0,0,0,0,0,0,0,0,0,0,0,0,0,0,0,0,0,0,0,0,0,0,0,0,0,0,0,0,0,0,0,0,0,0,0,0,0,0,0,0,0,0,0,0,0,0,0,0,0,0,0,0,0,0,0,0,36,47,34,0,0,0,0,0,0,0,0,0,0,0,0,0,0,0,0,0,0,0,0,0,0,0,0,36,47,47,34,0,0,0,0,0,0,0,0,0,0,0,0,0,0,0,36,47,47,47,47,47,47,47,47,47,47,47,47,47,47,47,47,34,0,0,0,0,0,36,47,47,47,47,47,47,47,47,47,47,47,47,47,47,47,34,111,111,111,111,111,111,111,45,47,47,47,0,0,0,0,0,0,0,0,0,0,0,0,0,0,0,0,0,0,0,0,0,0,36,47,34,111,111,111,36,47,47,47,47,34,111,111,36,47,47,47,47,34,111,111,36,47,47,47,47,34,111,111,36,47,47,47,47,34,111,45,111,45,111,45,111,45,111,45,111,36,47,47,47,47,34,111,36,47,47,47,47,47,47,34,111,111,111,111,111,111,36,47,47,47,47,47,47,47,47,47,47,47,47,47,47,47,47,47,47,47,47,47,47,47,47,47,47,47,47,47,47,47,47,47,47,34,111,111,111,111,111,111,36,47,47,47,47,47,47,47,47,47,47,47,47,36,47,47,47,47,47,47,34,47,0,0,0,36,47,34,47,0,47,36,34,47,0,45,0,0,47,45,0,0,45,0,0,0,0,0,0,0,0,47,45,47,0,0,36,47,47,47,34,0,0,0,0,0,0,0,0,0,0,0,0,0,0,0,0,0,0,0,0,0,0,0,0,0,0,0,0,0,0,0,0,0,0,0,0,0,0,0,0,0,0,0,0,0,0,0,0,0,0,0,0,0,0,0,0,0,0,0,0,0,0,0,0,0,0,0,0,0,0,0,0,0,0,0,0,0,0,0,0,0,0,0,0,0,0,0,0,0,0,0,0,8,9,0,0,8,9,0,0,0,0,0,0,0,0,0,0,0,0,0,0,0,0,0,0,0,0,0,64,0,0,0,0,0,0,0,0,32,0,0,0,0,0,0,0,0,0,64,0,0,0,0,0,0,0,0,0,0,0,0,0,0,0,0,0,0,0,0,0,0,0,0,0,0,0,0,0,0,0,0,0,0,0,0,0,0,0,0,0,0,0,0,0,0,0,0,0,0,0,0,0,0,0,0,36,47,47,47,47,47,47,47,47,47,47,47,47,47,34,47,47,47,47,47,47,47,47,47,47,47,47,47,47,47,47,47,47,36,47,47,34,47,47,47,47,47,47,47,47,47,47,47,47,47,47,47,47,47,47,47,47,47,47,47,47,47,47,47,47,47,47,36,47,47,47,47,34,47,47,47,47,47,36,47,47,47,34,79,79,79,51,46,46,46,46,46,145,146,46,46,147,144,147,144,147,78,78,78,78,78,78,146,145,146,145,146,46,46,147,144,147,144,147,78,78,78,78,78,78,146,145,146,145,146,46,46,49,79,79,79,51,46,46,49,111,111,111,83,78,78,81,79,79,79,51,46,46,49,111,111,111,51,46,46,49,79,79,79,51,46,46,49,0,0,0,0,0,0,0,0,0,0,0,0,0,0,0,0,0,0,0,0,0,0,0,0,0,0,0,0,0,0,0,0,0,0,0,0,0,0,0,0,0,0,0,0,0,0,0,0,0,0,0,0,0,0,0,0,0,0,0,0,0,0,0,0,0,0,0,0,0,0,0,0,0,0,0,0,0,0,0,0,0,0,0,0,0,0,0,0,0,109,109,0,0,0,0,0,109,0,0,0,0,0,0,0,0,0,0,0,0,0,0,0,0,0,0,0,0,0,0,0,0,0,0,0,0,0,0,0,0,0,0,0,45,47,47,47,47,47,47,47,47,47,47,47,47,47,47,47,47,47,47,47,47,47,47,47,47,47,47,47,47,47,47,47,47,47,47,47,47,47,47,47,47,47,45,111,111,111,111,111,111,111,111,111,111,45,47,47,45,111,111,111,111,111,111,111,111,111,45,47,47,45,111,111,111,111,111,111,111,111,111,45,47,47,47,47,47,47,45,111,111,111,111,111,111,111,111,111,45,47,47,45,111,111,111,111,111,111,111,45,111,111,111,111,36,47,47,47,47,47,47,47,47,47,34,111,111,111,111,111,36,47,34,111,111,111,111,111,111,36,47,47,47,47,47,34,36,47,47,47,47,47,34,0,0,47,0,0,0,0,0,0,0,77,0,0,0,0,77,0,0,0,0,0,0,0,0,47,0,0,0,0,77,0,0,0,0,0,68,66,0,0,0,0,0,0,0,0,0,68,66,0,0,0,0,0,0,36,47,47,47,47,47,47,47,47,47,47,47,47
0,0,0,0,0,0,0,0,0,0,0,0,0,0,0,0,0,0,0,0,0,0,0,0,0,0,0,0,0,0,0,0,0,0,0,0,0,0,0,0,0,0,0,0,0,0,0,0,0,0,0,0,0,0,0,0,0,0,0,0,0,0,0,0,0,0,0,0,0,0,0,0,0,0,0,0,0,0,0,0,0,0,0,0,0,36,47,34,0,0,0,0,0,0,0,0,0,0,0,0,0,0,0,0,0,0,0,0,0,0,0,0,36,47,47,34,0,0,0,0,0,0,0,0,0,0,0,0,0,0,0,36,47,47,47,47,47,47,47,47,47,47,47,47,47,47,47,47,34,0,0,0,0,0,36,47,47,47,47,47,47,47,47,47,47,47,47,47,47,47,34,111,111,111,111,111,111,111,45,47,47,0,0,0,0,0,0,0,0,0,0,0,0,0,0,0,0,0,0,0,0,0,0,0,36,47,34,111,111,111,36,47,47,47,47,34,111,111,36,47,47,47,47,34,111,111,36,47,47,47,47,34,111,111,36,47,47,47,47,34,111,45,111,45,111,45,111,45,111,45,111,36,35,44,43,35,34,111,36,47,47,47,47,47,47,34,111,111,111,111,111,111,36,47,47,47,47,47,47,47,47,47,47,47,47,47,47,47,47,47,47,47,47,47,47,47,47,47,47,47,47,47,47,47,47,47,47,34,111,111,111,111,111,111,36,47,47,47,47,47,47,47,47,47,47,47,47,36,47,47,47,47,47,47,34,0,0,0,47,36,47,34,0,0,0,36,34,0,0,45,47,0,0,45,0,47,45,47,0,0,0,0,0,0,0,0,45,0,0,47,36,47,47,47,34,47,0,0,0,0,0,0,0,0,0,0,0,0,0,0,0,0,0,0,0,0,0,0,0,0,0,0,0,0,0,0,0,0,0,0,0,0,0,0,0,0,0,0,0,0,0,0,0,0,0,0,0,0,79,0,0,0,0,0,0,0,0,0,0,0,0,0,0,0,0,0,0,0,0,0,0,0,0,0,0,0,0,0,0,0,0,0,0,0,0,0,0,10,11,8,9,10,11,0,8,9,0,0,0,0,0,0,0,0,0,0,0,0,0,0,0,0,0,0,32,0,0,0,0,0,0,0,0,64,0,0,0,0,0,0,0,0,0,32,0,0,0,0,0,0,0,0,0,0,0,0,0,0,0,0,0,0,0,0,0,0,0,0,0,0,0,0,0,0,0,0,0,0,0,0,0,0,0,0,0,0,0,0,0,0,0,0,0,0,0,0,0,0,0,0,36,47,47,47,47,47,47,47,47,47,47,47,47,47,34,47,47,47,47,47,47,47,47,47,47,47,47,47,47,47,47,47,47,36,47,47,34,47,47,47,47,47,47,47,47,47,47,47,47,47,47,47,47,47,47,47,47,47,47,47,47,47,47,47,47,47,47,36,47,47,47,47,34,47,47,47,47,47,36,47,47,47,34,79,79,79,83,78,78,78,78,78,146,145,78,78,144,147,144,147,144,46,46,46,46,46,46,145,146,145,146,145,78,78,144,147,144,147,144,46,46,46,46,46,46,145,146,145,146,145,78,78,81,79,79,79,83,78,78,81,111,111,111,51,46,46,49,79,79,79,83,78,78,81,111,111,111,83,78,78,81,79,79,79,83,78,78,81,0,0,0,0,0,0,0,0,0,0,0,0,0,0,0,0,0,0,0,0,0,0,0,0,0,0,0,0,0,0,0,0,0,0,0,0,0,0,0,0,0,0,0,0,0,0,0,0,0,0,0,0,0,0,0,0,0,0,0,0,0,0,0,0,0,0,0,0,0,0,0,0,0,0,0,0,0,0,0,0,0,0,0,0,0,0,0,0,0,109,109,0,0,0,0,0,109,0,0,0,0,0,0,0,0,0,0,0,0,0,0,0,0,0,0,0,0,0,0,0,0,0,0,0,0,0,0,0,0,0,0,0,45,47,47,47,47,47,47,47,47,47,47,47,47,47,47,47,47,47,47,47,47,47,47,47,47,47,47,47,47,47,47,47,47,47,47,47,47,47,47,47,47,47,45,111,111,111,111,111,111,111,111,111,111,45,47,47,45,111,111,111,111,111,111,111,111,111,45,47,47,45,111,111,111,111,111,111,111,111,111,45,47,47,47,47,47,47,45,111,111,111,111,111,111,111,111,111,45,47,47,45,111,111,111,111,111,111,111,45,111,111,111,111,36,47,47,47,47,47,47,47,47,47,34,111,111,111,111,111,36,47,34,111,111,111,111,111,111,36,47,47,47,47,47,34,36,47,47,47,47,47,34,0,0,47,0,0,0,0,0,0,0,77,0,0,0,0,77,0,0,0,0,0,0,0,0,47,0,0,0,0,77,0,0,0,0,0,68,66,0,0,0,0,0,0,0,0,0,68,66,0,0,0,0,0,0,36,47,47,47,47,47,47,47,47,47,47,47,47
0,0,0,0,0,0,0,0,0,0,0,0,0,0,0,0,0,0,0,0,0,0,0,0,0,0,0,0,0,0,0,0,0,0,0,0,0,0,0,0,0,0,0,0,0,0,0,0,0,0,0,0,0,0,0,0,0,0,0,0,0,0,0,0,0,0,0,0,0,0,0,0,0,0,0,0,0,0,0,0,0,0,0,0,0,36,47,34,0,0,0,0,0,0,0,0,0,0,0,0,0,0,0,0,0,0,0,0,0,0,0,0,36,47,47,34,0,0,0,0,0,0,0,0,0,0,0,0,0,0,0,36,47,47,47,47,47,47,47,47,47,47,47,47,47,47,47,47,34,0,0,0,0,0,36,47,47,47,47,47,47,47,47,47,47,47,47,47,47,47,34,111,111,111,111,111,111,111,45,47,47,0,0,0,0,0,0,0,0,0,0,0,0,0,0,0,0,0,0,0,0,0,0,0,36,47,34,93,93,93,36,47,47,47,47,34,93,93,36,47,47,47,47,34,93,93,36,47,47,47,47,34,93,93,36,47,47,47,47,34,93,45,93,45,93,45,93,45,93,45,93,45,52,36,34,52,45,93,36,47,47,47,47,47,47,34,111,111,111,111,111,111,36,47,47,47,47,47,47,47,47,47,47,47,47,166,167,47,47,47,47,47,47,166,167,47,47,47,47,47,47,47,47,47,47,47,47,34,111,111,111,111,111,111,36,47,47,47,47,47,47,166,167,47,47,47,47,36,47,47,47,47,47,47,34,47,0,0,0,36,47,34,47,0,47,36,34,47,0,45,0,0,47,45,0,0,45,0,0,0,0,0,0,0,0,47,45,47,0,0,36,47,47,47,34,0,0,0,0,0,0,0,0,0,0,0,0,0,0,0,0,0,0,0,0,0,0,0,0,0,0,0,0,0,0,0,0,0,0,0,0,0,0,0,0,0,0,0,0,0,0,0,0,0,0,0,0,79,79,79,0,0,0,0,0,0,0,0,0,0,0,0,0,0,0,0,0,0,0,0,0,0,0,0,0,0,0,0,0,0,0,0,0,0,0,0,0,0,0,10,11,0,8,9,10,11,0,0,0,0,0,0,0,0,0,0,0,0,0,0,0,0,0,0,64,0,0,0,0,0,0,0,0,32,0,0,0,0,0,0,0,0,0,64,0,0,0,0,0,0,0,0,0,0,0,0,0,0,0,0,0,0,0,0,0,0,0,0,0,0,0,0,0,0,0,0,0,0,0,0,0,0,0,0,0,0,0,0,0,0,0,0,0,0,0,0,0,0,0,0,36,47,47,47,47,47,47,47,47,47,47,47,47,47,34,47,47,47,47,47,47,47,47,47,47,47,47,47,47,47,47,47,47,36,47,47,34,47,47,47,47,47,47,47,47,47,47,47,47,47,47,47,47,47,47,47,47,47,47,47,47,47,47,47,47,47,47,36,47,47,47,47,34,47,47,47,47,47,36,47,47,47,34,79,79,79,51,46,46,46,46,46,145,146,46,46,147,144,147,144,147,78,78,78,78,78,78,146,145,146,145,146,46,46,147,144,147,144,147,78,78,78,78,78,78,146,145,146,145,146,46,46,49,79,79,79,51,46,46,49,111,111,111,83,78,78,81,79,79,79,51,46,46,49,111,111,111,51,46,46,49,79,79,79,51,46,46,49,0,0,0,0,0,0,0,0,0,0,0,0,0,0,0,0,0,0,0,0,0,0,0,0,0,0,0,0,0,0,0,0,0,0,0,0,0,0,0,0,0,0,0,0,0,0,0,0,0,0,0,0,0,0,0,0,0,0,0,0,0,0,0,0,0,0,0,0,0,0,0,0,0,0,0,0,0,0,0,0,0,0,0,0,0,0,0,0,0,109,109,0,0,0,0,0,109,0,0,0,0,0,0,0,0,0,0,0,0,0,0,0,0,0,0,0,0,0,0,0,0,0,0,0,0,0,0,0,0,0,0,0,45,47,47,47,47,47,47,47,47,47,47,47,47,47,47,47,47,47,47,47,47,47,47,47,47,47,47,47,47,47,47,47,47,47,47,47,47,47,47,47,47,47,45,111,111,111,111,111,111,111,111,111,111,45,47,47,45,111,111,111,111,111,111,111,111,111,45,47,47,45,111,111,111,111,111,111,111,111,111,45,47,47,47,47,47,47,45,111,111,111,111,111,111,111,111,111,45,47,47,45,111,111,111,111,111,111,111,45,111,111,111,111,36,47,47,47,47,47,47,47,47,47,34,111,111,111,111,111,36,47,34,111,111,111,111,111,111,36,47,47,47,47,47,34,36,47,47,47,47,47,34,0,0,47,0,0,0,0,0,0,0,77,0,0,0,0,77,0,0,0,0,0,0,0,0,47,0,0,0,0,77,0,0,0,0,0,68,66,0,0,0,0,0,0,0,0,0,68,66,0,0,0,0,0,0,36,47,47,47,47,47,47,47,47,47,47,47,47
0,0,0,0,0,0,0,0,0,0,0,0,0,0,0,0,0,0,0,0,0,0,0,0,0,0,0,0,0,0,0,0,0,0,0,0,0,0,0,0,0,0,0,0,0,0,0,0,0,0,0,0,0,0,0,0,0,0,0,0,0,0,0,0,0,0,0,0,0,0,0,0,0,0,0,0,0,0,0,0,0,0,0,0,0,36,47,34,0,0,0,0,0,0,0,0,0,0,0,0,0,0,0,0,0,0,0,0,0,0,0,0,36,47,47,34,0,0,0,0,0,0,0,0,0,0,0,0,0,0,0,36,47,47,47,47,47,47,47,47,47,47,47,47,47,47,47,47,34,0,0,0,0,0,36,47,47,47,47,47,47,47,47,47,47,47,47,47,47,47,34,111,111,111,111,111,111,111,45,47,0,0,0,0,0,0,0,0,0,0,0,0,0,0,0,0,0,0,0,0,0,0,0,0,36,47,34,79,79,0,36,47,166,35,35,39,0,0,36,47,47,47,47,34,0,0,36,47,47,47,47,34,0,0,36,47,166,35,35,39,0,50,0,50,0,50,0,50,0,50,0,40,46,35,35,46,39,0,36,47,47,47,47,47,47,34,13,13,13,13,13,13,146,167,47,47,47,47,47,47,47,47,47,47,166,147,146,167,47,47,47,47,166,147,146,167,47,47,47,47,47,47,47,47,47,47,166,147,13,13,13,13,13,13,146,167,47,47,47,47,166,147,146,167,47,47,47,36,47,47,47,47,47,47,34,0,0,0,47,36,47,34,0,0,0,36,34,0,0,45,47,0,0,45,0,47,45,47,0,0,0,0,0,0,0,0,45,0,0,47,36,47,47,47,34,47,0,0,0,0,0,0,0,0,0,0,0,0,0,0,0,0,0,0,0,0,0,0,0,0,0,0,0,0,0,0,0,0,0,0,0,0,0,0,0,0,0,0,0,0,0,0,0,0,0,0,0,0,161,159,177,179,0,0,0,0,0,0,178,0,0,0,0,0,0,0,0,0,0,0,0,0,0,0,0,0,0,0,0,179,176,176,179,0,178,0,0,0,0,0,0,0,10,11,0,0,0,0,0,0,0,0,0,0,0,0,0,0,0,0,0,0,0,0,32,0,111,0,0,0,111,0,0,64,0,0,0,0,0,0,0,0,0,32,0,0,0,0,0,0,0,0,0,0,0,0,0,0,0,0,0,0,0,0,0,0,0,0,0,0,0,0,0,0,0,0,0,0,0,0,0,0,0,0,0,0,0,0,0,0,0,0,0,0,0,0,0,0,0,0,40,44,47,47,47,47,47,47,47,47,47,47,47,43,39,47,47,47,47,47,47,47,47,47,47,47,47,47,47,47,47,47,47,36,47,47,34,47,47,47,47,47,47,47,47,47,47,47,47,47,47,47,47,47,47,47,47,47,47,47,47,47,47,47,47,47,47,36,47,47,47,47,34,47,47,47,47,47,36,47,47,47,34,79,79,79,83,78,78,78,78,78,146,145,78,78,144,147,144,147,144,46,46,46,46,46,46,145,146,145,146,145,78,78,144,147,144,147,144,46,46,46,46,46,46,145,146,145,146,145,78,78,81,79,79,79,83,78,78,81,111,111,111,51,46,46,49,79,79,79,83,78,78,81,111,111,111,83,78,78,81,79,79,79,83,78,78,81,0,0,0,0,0,0,0,0,0,0,0,0,0,0,0,0,0,0,0,0,0,0,0,0,0,0,0,0,0,0,0,0,0,0,0,0,0,0,0,0,0,0,0,0,0,0,0,0,0,0,0,0,0,0,0,0,0,0,0,0,0,0,0,0,0,0,0,0,0,0,0,0,0,0,0,0,0,0,0,0,0,0,0,0,0,0,0,0,0,109,109,0,0,0,0,0,109,0,0,0,0,0,0,0,0,0,0,0,0,0,0,0,0,0,0,0,0,0,0,0,0,0,0,0,0,0,0,0,0,0,0,0,45,47,47,47,47,47,47,47,47,47,47,47,47,47,47,47,47,47,47,47,47,47,47,47,47,47,47,47,47,47,47,47,47,47,47,47,47,47,47,47,47,47,45,111,111,111,111,111,111,111,111,111,111,45,47,47,45,111,111,111,111,111,111,111,111,111,45,47,47,45,111,111,111,111,111,111,111,111,111,45,47,47,47,47,47,47,45,111,111,111,111,111,111,111,111,111,45,47,47,45,111,111,111,111,111,111,111,45,111,111,111,111,36,47,47,47,47,47,47,47,47,47,34,111,111,111,111,111,36,47,34,111,111,111,111,111,111,36,47,47,47,47,47,34,36,47,47,47,47,47,34,0,0,47,0,0,0,0,0,0,0,77,0,0,0,0,77,0,0,0,0,0,0,0,0,47,0,0,0,0,77,0,0,0,0,0,68,66,0,0,0,0,0,0,0,0,0,68,66,0,0,0,0,0,0,36,47,47,47,47,47,47,47,47,47,47,47,47
0,0,0,0,0,0,0,0,0,0,0,0,0,0,0,0,0,0,0,0,0,0,0,0,0,0,0,0,0,0,0,0,0,0,0,0,0,0,0,0,0,0,0,0,0,0,0,0,0,0,0,0,0,0,0,0,0,0,0,0,0,0,0,0,0,0,0,0,0,0,0,0,0,0,0,0,0,0,0,0,0,0,0,0,0,36,47,34,0,0,0,0,0,0,0,0,0,0,0,0,0,0,0,0,0,0,0,0,0,0,0,0,36,47,47,34,0,0,0,0,0,0,0,0,0,0,0,0,0,0,0,36,47,47,47,47,47,47,47,47,47,47,47,47,47,47,47,47,34,0,0,0,0,0,36,47,47,47,47,47,47,47,47,47,47,47,47,47,47,47,34,111,111,111,111,111,111,111,45,47,0,0,0,0,0,0,0,0,0,0,0,0,0,0,0,0,0,0,0,0,0,0,0,0,36,47,34,0,0,0,40,35,147,0,0,0,79,79,40,35,35,167,47,34,0,0,36,35,44,43,35,34,0,0,36,166,147,0,0,0,0,30,0,0,0,30,0,0,0,30,0,192,192,192,192,192,192,0,36,47,47,47,47,166,35,39,0,0,0,0,0,0,0,146,167,47,47,47,47,47,47,47,47,166,147,0,0,146,167,47,47,166,147,0,0,146,167,47,47,47,47,47,47,47,47,166,147,0,0,0,0,0,0,0,0,146,167,47,47,166,147,0,0,146,167,166,35,40,35,35,44,47,47,47,34,47,0,0,0,40,44,34,47,0,47,36,34,47,0,45,0,0,47,45,0,0,45,0,0,0,0,0,0,0,0,47,45,47,0,0,40,35,35,35,39,0,0,0,0,0,0,0,0,0,0,0,0,0,0,0,0,0,0,0,0,0,0,0,0,0,0,0,0,0,0,0,0,0,0,0,0,0,0,0,0,0,0,0,0,0,0,0,0,0,0,0,0,0,160,158,0,0,178,177,0,186,177,177,179,0,179,177,179,0,176,177,179,179,0,0,178,179,188,0,176,176,177,179,186,16,187,189,178,178,0,0,0,0,0,0,52,0,0,0,0,0,0,0,0,0,0,0,0,0,0,0,0,0,0,0,0,0,0,0,64,0,111,111,0,111,111,0,0,32,0,0,0,0,0,0,0,0,0,64,116,117,118,0,0,0,0,0,0,0,0,0,0,0,0,0,0,0,0,0,0,0,0,0,0,0,0,0,0,0,0,0,0,0,0,0,0,0,0,0,0,0,0,0,0,0,0,0,0,0,0,0,0,0,0,0,93,40,44,47,47,47,47,47,47,47,47,47,43,39,47,47,47,47,47,47,47,47,47,47,47,47,47,47,47,47,47,47,47,36,47,47,34,47,47,47,47,47,47,47,47,47,47,47,47,47,47,47,47,47,47,47,47,47,47,47,47,47,47,47,47,47,47,36,47,47,47,47,34,47,47,47,47,47,36,47,47,47,34,79,79,79,51,46,46,46,46,46,145,146,46,46,147,144,147,144,147,78,78,78,78,78,78,146,145,146,145,146,46,46,147,144,147,144,147,78,78,78,78,78,78,146,145,146,145,146,46,46,49,79,79,79,51,46,46,49,111,111,111,83,78,78,81,79,79,79,51,46,46,49,111,111,111,51,46,46,49,79,79,79,51,46,46,49,0,0,0,0,0,0,0,0,0,0,0,0,0,0,0,0,0,0,0,0,0,0,0,0,0,0,0,0,0,0,0,0,0,0,0,0,0,0,0,0,0,0,0,0,0,0,0,0,0,0,0,0,0,0,0,0,0,0,0,0,0,0,0,0,0,0,0,0,0,0,0,0,0,0,0,0,0,0,0,0,0,0,0,0,0,0,0,0,0,109,109,0,0,0,0,0,109,0,0,0,0,0,0,0,0,0,0,0,0,0,0,0,0,0,0,0,0,0,0,0,0,0,0,0,0,0,0,0,0,0,0,0,45,47,47,47,47,47,47,47,47,47,47,47,47,47,47,47,47,47,47,47,47,47,47,47,47,47,47,47,47,47,47,47,47,47,47,47,47,47,47,47,47,47,45,111,111,111,111,111,111,111,111,111,111,45,47,47,45,111,111,111,111,111,111,111,111,111,45,47,47,45,111,111,111,111,111,111,111,111,111,45,47,47,47,47,47,47,45,111,111,111,111,111,111,111,111,111,45,47,47,45,111,111,111,111,111,111,111,45,111,111,111,111,36,47,47,47,47,47,47,47,47,47,34,111,111,111,111,111,36,47,34,111,111,111,111,111,111,36,47,47,47,47,47,34,36,47,47,47,47,47,34,0,0,47,0,0,0,0,0,0,0,77,0,0,0,0,77,0,0,0,0,0,0,0,0,47,0,0,0,0,77,0,0,0,0,0,68,66,0,0,0,0,0,0,0,0,0,68,66,0,0,0,0,0,0,36,47,47,47,47,47,47,47,47,47,47,47,47
0,0,0,0,0,0,0,0,0,0,0,0,0,0,0,0,0,0,0,0,0,0,0,0,0,0,0,0,0,0,0,0,0,0,0,0,0,0,0,0,0,0,0,0,0,0,0,0,0,0,0,0,0,0,0,0,0,0,0,0,0,0,0,0,0,0,0,0,0,0,0,0,0,0,0,0,0,0,0,0,0,0,0,0,0,36,47,34,0,0,0,0,0,0,0,0,0,0,0,0,0,0,0,0,0,0,0,0,0,0,0,0,36,47,47,34,0,0,0,0,0,0,0,0,0,0,0,0,0,0,0,36,47,47,47,47,47,47,47,47,47,47,47,47,47,47,47,47,34,0,0,0,0,0,36,47,47,47,47,47,47,47,47,47,47,47,47,47,47,47,34,23,23,11,10,23,23,23,50,0,0,0,0,0,0,0,0,0,52,0,0,0,0,0,0,0,0,0,0,0,0,0,0,0,40,35,39,0,0,0,0,0,0,47,0,0,0,0,0,0,0,152,153,39,0,0,45,52,36,34,52,45,0,0,36,147,0,0,0,0,0,0,0,0,0,0,0,0,0,0,0,0,0,0,0,0,0,0,36,47,47,47,166,147,0,0,0,0,0,0,0,0,0,0,146,167,47,47,47,47,47,47,166,147,0,0,0,0,146,167,166,147,0,0,0,0,146,167,47,47,47,47,47,47,166,147,0,0,0,0,0,0,0,0,0,0,146,167,166,147,0,0,0,0,146,147,93,0,0,0,40,35,44,47,34,0,0,0,0,0,40,39,0,0,0,40,39,0,0,45,47,0,0,50,0,47,45,47,0,0,0,0,0,0,0,0,50,0,0,0,93,116,123,121,93,0,0,0,0,0,0,0,0,0,0,0,0,0,0,0,0,0,0,0,0,0,0,0,0,0,0,0,0,0,0,0,0,0,0,0,0,0,0,0,0,0,0,0,0,0,0,0,0,0,0,0,0,0,0,146,150,151,178,176,187,0,16,16,16,16,16,16,16,16,16,16,16,16,16,16,16,16,16,16,16,16,16,16,16,16,16,16,186,79,79,0,0,0,0,0,0,0,0,0,0,0,0,0,0,0,0,0,0,0,0,0,0,0,0,0,0,0,0,0,32,0,0,0,0,0,0,0,0,0,0,0,0,0,0,0,0,0,0,32,119,120,121,116,117,118,0,0,0,0,0,0,0,0,0,0,0,0,0,0,0,0,0,0,0,0,0,0,0,0,0,0,0,0,0,0,0,0,0,0,0,0,0,0,0,0,0,0,0,0,0,0,0,0,0,0,0,93,40,44,47,47,47,47,47,47,47,43,39,35,35,35,35,35,35,35,35,35,35,35,35,35,35,35,35,35,35,35,35,36,47,47,34,35,35,35,35,35,35,35,35,35,35,35,35,35,35,35,35,35,35,35,35,35,35,35,35,35,35,35,35,35,35,36,47,47,47,43,39,35,35,35,35,35,40,44,47,47,34,79,79,79,83,78,78,78,78,78,146,145,78,78,144,147,144,147,144,46,46,46,46,46,46,145,146,145,146,145,78,78,144,147,144,147,144,46,46,46,46,46,46,145,146,145,146,145,78,78,81,79,79,79,83,78,78,81,111,111,111,51,46,46,49,79,79,79,83,78,78,81,111,111,111,83,78,78,81,79,79,79,83,78,78,81,0,0,0,0,0,0,0,0,0,0,0,0,0,0,0,0,0,0,0,0,0,0,0,0,0,0,0,0,0,0,0,0,0,0,0,0,0,0,0,0,0,0,0,0,0,0,0,0,0,0,0,0,0,0,0,0,0,0,0,0,0,0,0,0,0,0,0,0,0,0,0,0,0,0,0,0,0,0,0,0,0,0,0,0,0,0,0,0,0,109,109,0,0,0,0,0,109,0,0,0,0,0,0,0,0,0,0,0,0,0,17,0,0,0,0,0,0,0,0,0,0,0,0,0,0,0,0,0,0,0,0,0,146,38,47,47,47,47,47,47,47,47,47,47,47,47,47,47,47,47,47,47,47,47,47,47,47,47,47,47,47,47,47,47,47,47,47,47,47,47,47,47,47,47,45,111,111,111,111,111,111,111,111,111,111,45,47,47,45,111,111,111,111,111,111,111,111,111,45,47,47,45,111,111,111,111,111,111,111,111,111,45,47,47,47,47,47,47,45,111,111,111,111,111,111,111,111,111,45,47,47,45,111,111,111,111,111,111,111,45,111,111,111,111,36,47,47,47,47,47,47,47,47,47,34,111,111,111,111,111,36,47,34,111,111,111,111,111,111,36,47,47,47,47,47,34,36,47,47,47,47,47,34,0,0,47,0,0,0,0,0,0,0,77,0,0,0,0,77,0,0,0,0,0,0,0,0,47,0,0,0,0,77,0,0,0,0,0,68,66,0,0,0,0,0,0,0,0,0,68,66,0,0,0,0,0,0,36,47,47,47,47,47,47,47,47,47,47,47,47
0,0,0,0,0,0,0,0,0,0,0,0,0,0,0,0,0,0,0,0,0,0,0,0,0,0,0,0,0,0,0,0,0,0,0,0,0,0,0,0,0,0,0,0,0,0,0,0,0,0,0,0,0,0,0,0,0,0,0,0,0,0,0,0,0,0,0,0,0,0,0,0,0,0,0,0,0,0,0,0,0,0,0,0,0,36,47,34,0,0,0,0,0,0,0,0,0,0,0,0,0,0,0,0,0,0,0,0,0,0,0,0,36,47,47,34,0,0,0,0,0,0,0,0,0,0,0,0,0,0,0,36,47,47,47,47,47,47,47,47,47,47,47,47,47,47,47,47,34,0,0,0,0,0,36,47,47,47,47,47,47,47,166,35,35,35,35,35,35,35,39,0,0,0,0,0,0,0,198,0,0,0,0,0,0,0,0,0,0,0,0,0,0,0,0,0,0,0,0,0,0,0,0,0,0,0,0,0,0,0,0,0,47,47,47,0,0,0,0,0,0,0,0,0,79,79,40,46,35,35,46,39,0,0,147,0,0,47,47,0,0,0,0,18,0,0,0,18,0,0,0,206,0,0,0,0,0,0,40,35,35,35,147,0,0,0,0,0,0,0,0,0,0,0,0,146,35,35,35,35,35,35,147,0,0,0,0,0,0,146,147,0,0,0,0,0,0,146,35,35,35,35,35,35,147,0,0,0,92,205,0,0,0,92,0,0,0,146,147,0,0,0,0,0,0,0,0,0,0,0,0,0,40,44,34,47,0,0,0,0,0,0,0,0,0,0,0,0,0,50,0,0,0,0,0,0,50,0,0,0,0,0,0,0,0,0,54,0,0,0,0,0,116,125,0,0,0,0,0,0,0,0,0,0,0,0,0,0,0,0,0,0,0,0,0,0,0,0,0,0,79,0,0,0,0,0,0,0,0,0,0,0,0,0,0,79,79,0,0,0,0,0,0,0,0,0,0,0,0,0,36,153,35,35,35,35,35,35,35,35,35,35,35,35,35,35,35,35,35,35,35,35,35,35,35,35,35,35,35,35,35,35,35,34,0,0,0,0,0,0,0,0,0,0,0,0,0,0,0,0,0,0,0,0,0,0,0,0,0,0,0,0,0,0,0,0,111,0,0,0,111,0,0,0,0,0,0,0,0,0,0,0,0,0,122,123,124,119,120,121,0,0,0,0,0,0,0,0,0,0,0,0,0,0,0,0,0,0,0,0,0,0,0,0,0,0,0,0,0,0,0,0,0,0,0,0,0,0,0,0,0,0,0,0,0,0,0,0,0,0,0,0,93,40,44,47,47,47,47,47,43,39,93,93,93,93,93,93,93,93,93,93,93,93,93,93,93,93,93,93,93,93,93,36,47,47,34,93,93,93,93,93,93,93,93,93,93,93,93,93,93,93,93,93,93,93,93,93,93,93,93,93,93,93,93,93,59,36,47,47,43,39,93,93,93,93,93,93,125,40,44,47,34,79,79,79,51,46,46,46,46,46,145,146,46,46,147,144,147,144,147,125,9,10,93,8,125,146,145,146,145,146,46,46,147,144,147,144,147,79,79,79,79,79,79,146,145,146,145,146,46,46,49,79,79,79,51,46,46,49,93,11,93,83,78,78,81,79,79,79,51,46,46,49,93,10,93,51,46,46,49,79,79,79,51,46,46,49,0,0,0,0,0,0,0,0,0,0,0,0,0,0,0,0,0,0,0,0,0,0,0,0,0,0,0,0,0,0,0,0,195,196,0,0,0,0,0,0,0,0,0,0,0,0,0,0,0,0,0,0,0,0,0,0,0,0,0,0,0,0,0,0,0,0,0,0,0,0,0,0,0,0,0,0,0,0,0,0,0,0,0,0,0,0,0,0,0,109,109,0,0,0,0,0,109,0,0,0,0,0,0,0,0,0,0,0,0,28,16,26,0,0,0,0,0,0,0,0,0,0,0,0,0,0,0,0,0,0,0,0,0,146,38,47,47,47,47,47,47,47,47,47,47,47,47,47,47,47,47,47,47,47,47,47,47,47,47,47,47,47,47,47,47,47,47,47,47,47,47,47,47,47,45,111,111,111,111,111,111,111,111,111,111,45,47,47,45,111,111,111,111,111,111,111,111,111,45,47,47,45,111,111,111,111,111,111,111,111,111,45,47,47,47,47,47,47,45,111,111,111,111,111,111,111,111,111,45,47,47,45,111,111,111,111,111,111,111,45,111,111,111,111,36,47,47,47,47,47,47,47,47,47,34,111,111,111,111,111,36,47,34,111,111,111,111,111,111,36,47,47,47,47,47,34,36,47,47,47,47,47,34,0,0,47,0,0,0,0,0,0,0,77,0,0,0,0,77,0,0,0,0,0,0,0,0,47,0,0,0,0,77,0,0,0,0,0,68,66,0,0,0,0,0,0,0,0,0,68,66,0,0,0,0,0,0,36,47,47,47,47,47,47,47,47,47,47,47,47
0,0,0,0,0,0,0,0,0,0,0,0,0,0,0,0,0,0,0,0,0,0,0,0,0,0,0,0,0,0,0,0,0,0,0,0,0,0,0,0,0,0,0,0,0,0,0,0,0,0,0,0,0,0,0,0,0,0,0,0,0,0,0,0,0,0,0,0,0,0,0,0,0,0,0,0,0,0,0,0,0,0,0,0,0,36,47,34,0,0,0,0,0,0,0,0,0,0,0,0,0,0,0,0,0,0,0,0,0,0,0,0,36,47,47,34,0,0,0,0,0,0,0,0,0,79,79,0,0,0,0,36,47,47,47,47,47,47,47,47,47,47,47,47,47,47,47,47,34,0,0,0,0,0,36,47,47,47,47,47,47,166,147,47,0,0,0,0,0,0,0,0,0,0,0,0,0,0,0,0,0,0,0,0,0,0,0,0,0,0,0,0,0,52,0,0,0,0,0,0,0,0,0,0,0,0,0,0,0,0,0,47,47,144,33,38,0,0,206,0,0,0,0,0,0,0,192,192,192,192,192,192,0,0,0,0,47,144,33,38,0,48,0,48,0,48,0,48,0,48,0,37,145,0,0,0,0,0,0,0,0,0,0,0,0,206,0,0,0,0,0,144,145,0,0,0,93,210,210,0,209,93,0,0,0,144,145,0,0,0,0,0,0,144,145,0,0,0,93,210,0,209,0,93,0,0,0,144,33,33,33,33,33,33,145,0,0,0,0,0,0,144,145,0,0,0,0,0,0,0,0,0,0,40,39,0,0,0,0,0,0,0,0,0,0,0,0,0,0,0,0,0,0,0,0,0,0,0,52,0,0,0,0,0,0,0,0,0,0,0,0,52,0,0,0,0,0,0,0,0,0,0,0,0,0,0,0,0,0,0,0,0,0,0,0,0,0,0,0,79,0,0,0,0,0,0,0,0,111,0,111,0,0,79,0,0,0,0,0,111,0,111,0,0,0,0,0,0,0,0,50,0,0,0,210,210,0,210,0,0,0,0,27,27,27,27,0,0,0,210,210,0,0,27,27,27,27,47,47,47,0,0,0,50,0,0,0,0,0,0,0,0,0,0,0,0,0,0,0,0,0,0,0,0,0,0,0,0,0,0,0,0,0,0,0,0,0,111,111,111,0,0,0,0,0,0,0,0,0,0,0,0,0,0,0,0,0,122,123,124,0,0,0,0,0,0,0,0,0,0,0,0,0,0,0,0,0,0,0,0,0,0,0,0,0,0,0,0,0,0,0,0,0,0,0,0,0,0,0,0,0,0,0,0,0,0,0,0,0,0,0,0,0,93,40,44,47,47,47,43,39,93,47,0,0,0,47,47,47,0,0,0,79,0,0,0,47,47,0,0,0,0,94,36,47,47,34,0,47,0,0,0,79,79,0,0,0,0,0,79,79,0,0,0,0,47,0,0,0,0,0,0,0,0,0,59,37,41,47,43,39,93,47,47,47,0,0,0,0,93,40,44,34,23,23,23,83,78,78,78,78,78,146,145,78,78,144,147,144,147,0,10,0,0,0,0,11,0,146,145,146,145,78,78,144,147,144,147,23,23,23,23,23,23,23,23,146,145,146,145,78,78,81,23,23,23,83,78,78,81,0,0,0,51,46,46,49,23,23,23,83,78,78,81,0,0,0,83,78,78,81,23,23,23,83,78,78,81,0,0,0,0,0,0,0,0,0,0,0,0,0,0,0,0,0,0,0,0,0,0,0,0,0,0,0,0,0,0,0,0,193,194,0,0,0,0,0,0,0,0,0,0,0,0,0,0,99,0,99,0,0,0,0,0,0,0,0,0,0,0,0,0,0,0,0,0,0,0,0,0,0,0,0,0,0,0,0,0,0,0,0,0,0,0,0,0,0,109,109,0,0,0,0,0,109,0,0,0,0,0,0,0,0,0,0,0,192,0,27,0,192,0,0,0,0,0,0,0,0,0,0,0,0,0,0,0,0,0,0,0,0,0,146,38,47,47,47,47,47,47,47,47,37,38,47,47,47,47,47,47,47,47,47,47,47,47,47,47,47,47,47,47,47,47,47,47,47,47,47,47,47,47,45,111,111,111,111,111,111,111,111,111,111,45,47,47,45,111,111,111,111,111,111,111,111,111,45,47,47,45,111,111,111,111,111,111,111,111,111,45,47,47,47,47,47,47,45,111,111,111,111,111,111,111,111,111,45,47,47,45,111,111,111,111,111,111,111,45,111,111,111,111,36,47,47,47,47,47,47,47,47,47,34,111,111,111,111,111,36,47,34,111,111,111,111,111,111,36,47,47,47,47,47,34,36,47,47,47,47,47,34,0,0,47,0,0,0,0,0,0,0,77,0,0,0,0,77,0,0,0,0,0,0,0,0,80,0,0,0,0,77,0,0,0,0,0,68,66,0,0,0,0,0,0,0,0,0,68,66,0,0,0,0,0,0,36,47,47,47,47,47,47,47,47,47,47,47,47
0,0,0,0,0,0,0,0,0,0,0,0,0,0,0,0,0,0,0,0,0,0,0,0,0,0,0,0,0,0,0,0,0,0,0,0,0,0,0,0,0,0,0,0,0,0,0,0,0,0,0,0,0,0,0,0,0,0,0,0,0,0,0,0,0,0,0,0,0,0,0,0,0,0,0,0,0,0,0,0,0,0,0,0,0,36,47,34,0,0,0,0,0,0,0,0,0,0,0,0,0,0,0,0,0,0,0,0,0,0,0,0,36,47,47,34,0,0,0,0,0,0,0,0,0,0,0,0,0,0,0,40,35,35,35,35,35,35,35,35,35,35,35,35,35,35,35,35,39,0,0,0,0,0,40,35,35,35,35,35,35,147,47,0,0,0,0,0,0,0,0,0,0,0,0,0,0,0,0,0,0,0,0,0,51,46,49,0,0,0,0,0,0,0,0,0,0,0,0,0,0,0,0,0,205,206,0,0,0,0,206,47,144,164,47,34,0,0,37,33,145,0,0,0,0,0,0,0,0,0,0,0,0,0,0,47,144,164,47,34,0,45,0,45,0,45,0,45,0,45,0,36,165,145,0,0,0,0,0,0,0,0,0,0,144,38,0,0,0,0,144,164,165,145,0,0,0,0,0,0,0,0,0,0,144,164,165,145,0,0,0,0,144,164,165,145,0,0,0,0,0,0,0,0,0,0,144,164,47,47,47,47,47,47,165,145,0,0,0,0,144,164,165,145,0,0,144,51,38,0,0,0,0,0,0,0,0,0,0,0,0,0,0,0,0,0,0,0,0,0,0,0,0,0,0,0,0,0,0,0,0,0,0,0,0,0,0,0,0,0,0,0,0,0,0,0,0,0,0,0,0,0,0,0,0,0,0,0,0,0,0,0,0,0,0,0,0,0,0,0,0,0,0,0,0,0,0,0,111,0,111,0,0,0,0,0,0,0,0,111,0,111,0,0,0,0,0,0,0,0,27,0,0,0,0,0,0,0,0,0,0,0,0,0,0,0,0,111,0,0,0,111,0,0,0,0,0,0,0,0,0,0,0,30,0,0,0,0,0,0,0,0,0,0,0,0,0,0,0,52,0,0,0,0,0,0,0,0,0,0,0,0,0,0,0,0,0,0,0,0,0,0,0,32,0,0,0,0,0,0,0,0,0,0,0,0,0,0,0,0,0,0,0,0,0,0,0,0,0,0,0,0,0,0,0,0,0,0,0,0,0,0,0,0,0,0,0,0,0,0,0,0,0,0,0,0,0,0,0,0,0,0,0,0,0,0,0,0,0,0,0,0,0,0,93,40,44,47,43,39,93,0,0,79,79,0,0,0,0,0,0,0,0,0,0,0,0,0,0,79,79,47,94,36,47,47,34,0,47,0,79,0,0,0,0,0,0,0,0,0,0,0,0,0,0,206,0,0,0,0,0,0,0,0,0,51,47,47,43,39,93,47,47,0,0,0,0,0,0,0,93,40,39,0,0,0,51,46,46,46,46,46,145,146,46,46,147,144,147,0,0,0,0,0,0,0,0,0,0,146,145,146,46,46,147,144,147,0,0,0,0,0,0,0,0,0,0,146,145,146,46,46,49,0,0,0,146,46,46,147,0,0,0,83,78,78,81,0,0,0,146,46,46,147,0,0,0,51,46,46,49,0,0,0,146,46,46,147,0,0,0,0,0,0,0,0,0,0,0,0,0,0,0,0,0,0,0,0,0,0,0,0,0,0,0,0,0,0,0,0,0,0,0,0,0,0,0,0,0,0,0,0,0,0,0,0,54,0,54,0,0,0,0,0,0,0,0,0,0,0,0,0,0,0,0,0,0,0,0,0,0,0,0,0,0,0,0,0,0,0,0,0,0,0,0,0,0,109,109,0,0,0,0,0,109,0,0,0,0,0,0,0,0,0,0,0,0,0,0,0,0,0,0,0,0,0,0,0,0,0,0,0,0,0,0,0,0,0,0,0,0,0,0,146,38,47,47,47,47,47,47,37,147,146,38,47,47,47,47,47,47,37,46,46,46,46,46,46,46,38,47,47,47,47,47,47,47,47,47,47,47,37,147,13,116,117,118,13,13,13,13,13,13,45,47,47,45,8,9,13,13,13,13,116,117,118,45,47,47,45,111,111,111,111,111,111,111,111,111,45,47,47,47,47,47,47,45,111,111,111,111,111,111,111,111,111,45,47,47,45,111,111,111,111,111,111,111,45,111,111,111,111,36,47,47,47,47,47,47,47,47,43,39,111,111,111,111,111,36,47,34,111,111,111,111,111,111,36,47,47,47,47,47,34,36,47,47,47,47,47,34,0,0,80,0,0,0,0,0,0,0,77,0,0,0,0,77,0,0,0,0,0,0,0,0,77,0,0,0,0,77,0,0,0,0,47,68,66,47,0,0,0,0,0,0,0,0,68,66,0,0,0,0,0,0,36,47,47,47,47,47,47,47,47,47,47,47,47
0,0,0,0,0,0,0,0,0,0,0,0,0,0,0,0,0,0,0,0,0,0,0,0,0,0,0,0,0,0,0,0,0,0,0,0,0,0,0,0,0,0,0,0,0,0,0,0,0,0,0,0,0,0,0,0,0,0,0,0,0,0,0,0,0,0,0,0,0,0,0,0,0,0,0,0,0,0,0,0,0,0,0,0,0,36,47,34,0,0,0,0,0,0,0,0,0,0,0,0,0,0,0,0,0,0,0,0,0,0,0,0,36,47,47,34,0,0,0,0,0,79,79,0,0,0,0,0,0,0,0,47,47,47,47,47,47,47,47,47,47,47,47,47,47,47,47,47,47,0,0,0,0,0,47,47,47,47,47,47,47,47,47,0,0,0,0,0,0,0,0,0,0,0,0,52,0,0,0,0,0,0,0,0,47,47,47,0,0,0,0,0,0,0,0,0,0,0,0,0,0,0,0,0,37,33,38,0,0,0,37,33,164,47,47,34,12,12,36,47,165,145,0,0,0,0,0,0,0,0,0,0,0,0,47,144,164,47,47,34,0,45,0,45,0,45,0,45,0,45,0,36,47,165,145,0,0,0,0,0,0,0,0,144,164,34,0,0,0,144,164,47,47,165,145,0,0,0,0,0,0,0,0,144,164,47,47,165,145,0,0,144,164,47,47,165,145,0,0,0,0,0,0,0,0,144,164,47,47,47,47,47,47,47,47,165,145,0,0,144,164,47,47,165,145,144,164,36,40,38,0,0,0,0,0,0,0,0,0,0,0,52,0,0,0,37,38,0,0,0,0,0,0,48,0,0,0,0,0,0,0,0,0,0,0,53,0,0,0,0,0,0,0,0,0,0,0,52,0,0,0,0,0,0,0,0,0,0,0,0,0,0,0,79,0,0,0,0,0,0,0,0,0,0,0,0,0,0,0,0,0,0,0,0,0,0,0,0,0,0,0,0,0,0,0,0,79,79,0,0,0,0,0,0,0,0,0,0,0,0,0,0,0,0,0,0,0,111,111,0,111,111,0,0,0,0,0,0,0,0,0,0,0,0,0,0,0,0,0,0,0,0,0,0,0,0,0,122,125,0,0,0,0,0,0,52,0,0,0,207,207,0,0,8,64,0,207,0,0,0,207,0,8,64,0,207,207,0,0,0,0,0,8,64,0,0,0,0,0,0,0,0,0,0,0,0,0,0,0,0,0,0,0,0,0,0,0,0,0,0,0,0,0,0,0,0,0,0,0,0,0,0,0,0,0,0,0,0,0,0,0,0,0,0,0,0,0,0,0,0,0,0,0,0,0,93,40,47,39,93,0,79,0,0,0,0,0,0,0,0,0,92,0,0,0,0,0,0,0,0,0,47,94,36,47,47,34,0,0,0,0,0,0,0,0,0,0,0,0,0,0,0,0,148,149,38,47,0,0,0,0,0,0,0,0,93,40,47,39,9,0,0,0,0,0,0,0,0,0,0,0,93,93,0,0,0,0,0,0,0,0,0,146,145,78,78,144,147,0,0,0,0,0,0,0,0,0,0,0,0,146,145,78,78,144,147,0,0,0,0,0,0,0,0,0,0,0,0,146,145,78,78,81,0,0,0,0,0,0,0,0,0,0,51,46,46,49,0,0,0,0,0,0,0,0,0,0,83,78,78,81,0,0,0,0,0,0,0,0,0,0,0,0,0,0,0,0,0,0,0,0,0,0,0,0,0,0,0,0,0,0,0,0,0,0,0,0,0,0,112,0,0,0,0,0,0,0,0,17,0,52,0,0,0,0,0,0,0,0,0,0,0,0,0,0,0,0,0,0,0,0,0,0,0,0,0,0,0,0,0,0,0,0,0,0,0,0,0,0,0,0,0,0,0,0,0,0,109,109,0,0,0,0,0,109,0,0,0,0,0,0,0,0,0,0,0,0,0,52,0,0,0,0,0,0,0,0,0,0,0,0,0,0,0,0,0,0,0,0,0,0,0,0,0,146,38,47,47,47,47,37,147,47,47,146,38,47,47,47,47,37,147,0,0,0,47,0,0,0,146,38,47,47,47,47,47,47,47,47,47,37,147,0,0,119,120,121,0,0,0,0,0,0,45,47,47,45,10,11,0,0,0,0,119,120,121,45,47,47,45,111,111,111,111,111,111,111,111,111,45,47,47,47,47,47,47,45,111,111,111,111,111,111,111,111,111,45,47,47,45,111,111,111,111,111,111,111,45,93,93,93,93,40,44,47,47,47,47,47,43,35,39,93,93,93,93,93,93,36,47,34,93,93,93,93,93,93,36,47,47,47,47,47,34,36,47,47,47,47,47,34,0,0,77,0,0,0,0,0,0,0,77,0,0,0,0,77,0,0,0,0,0,0,0,0,77,0,0,0,0,77,0,0,0,0,47,68,66,47,0,0,0,0,0,0,0,47,68,66,0,0,0,0,0,0,36,47,47,47,47,47,47,47,47,47,47,47,47
0,0,0,0,0,0,0,0,0,0,0,0,0,0,0,0,0,0,0,0,0,0,0,0,0,0,0,0,0,0,0,0,0,0,0,0,0,0,0,0,0,0,0,0,0,0,0,0,0,0,0,0,0,0,0,0,0,0,0,0,0,0,0,0,0,0,0,0,0,0,0,0,0,0,0,0,0,0,0,0,0,0,0,0,0,36,47,34,0,0,0,0,0,0,0,0,0,0,0,0,0,0,0,0,0,0,0,0,0,79,0,0,36,47,47,34,0,0,0,0,79,79,79,79,0,0,0,0,0,0,0,47,47,47,47,47,47,47,47,47,47,47,47,47,47,47,47,47,0,0,0,0,0,0,0,47,47,47,47,47,47,47,0,0,0,0,0,0,0,0,0,0,0,0,0,0,0,0,0,0,0,0,0,0,37,33,38,0,0,0,0,0,0,0,0,0,0,0,0,0,0,0,0,0,36,47,34,12,12,12,36,47,47,47,47,34,111,111,36,47,47,165,145,205,0,0,175,175,175,175,175,175,0,47,144,164,47,47,47,34,12,45,12,45,12,45,12,45,12,45,12,36,47,47,165,145,0,0,206,0,0,206,144,164,47,34,12,12,144,164,47,47,47,47,165,145,12,12,12,12,12,12,144,164,47,47,47,47,165,145,144,164,47,47,47,47,165,145,12,12,12,12,12,12,144,164,47,47,47,47,47,47,47,47,47,47,165,145,144,164,47,47,47,47,165,164,47,36,47,40,46,38,0,0,0,0,0,0,0,0,0,0,0,0,47,36,34,0,0,48,0,0,47,45,0,0,48,0,0,0,0,0,0,37,33,38,0,0,48,0,0,0,0,0,0,0,0,0,0,0,0,0,0,0,0,0,0,0,0,0,0,0,0,0,0,0,0,0,0,0,0,0,0,0,0,0,0,111,0,0,0,111,0,0,0,0,0,0,111,111,111,111,111,0,0,0,0,0,0,0,0,0,0,0,0,0,0,0,0,0,0,0,0,0,0,0,0,0,0,0,0,0,0,0,0,0,0,0,0,0,0,0,0,0,0,0,0,0,0,0,0,0,37,33,38,0,122,117,121,0,0,0,0,0,0,0,8,9,51,46,46,46,46,46,46,46,46,46,46,46,46,46,46,46,46,46,46,46,46,46,46,46,46,49,0,0,0,0,0,0,0,0,0,0,0,0,0,0,0,0,0,0,0,0,0,0,0,0,0,0,0,0,0,0,0,0,0,0,0,0,0,0,0,0,0,0,0,0,52,0,0,0,0,52,0,0,0,0,0,0,0,0,79,79,0,0,93,50,93,0,0,0,0,0,0,0,0,0,0,0,92,48,92,0,0,0,0,0,0,0,0,0,94,36,47,47,34,0,0,0,0,0,0,0,0,0,205,10,125,8,24,148,149,164,47,34,47,0,0,0,0,0,0,0,0,0,93,50,10,11,0,0,0,0,0,0,0,0,0,0,0,0,0,0,0,0,0,0,0,0,0,0,0,146,46,46,147,0,0,0,0,0,0,0,0,0,0,0,0,0,0,146,46,46,147,0,0,0,0,0,0,0,0,0,0,0,0,0,0,146,46,46,147,0,0,0,0,0,0,0,0,0,0,83,78,78,81,0,0,0,0,0,0,0,0,0,0,146,46,46,147,0,0,0,0,0,0,0,0,0,0,0,0,0,0,0,0,0,0,0,0,0,0,195,196,0,0,0,0,0,0,0,0,0,0,0,0,0,0,109,0,112,97,97,97,97,97,97,97,0,0,0,0,0,0,53,0,53,0,0,0,0,0,0,0,0,0,0,0,0,0,0,0,0,0,0,0,0,0,0,0,0,0,0,0,0,0,0,0,0,0,0,0,0,0,0,0,104,103,0,0,0,0,0,114,0,0,0,0,0,0,0,0,0,0,0,0,0,0,0,0,0,0,0,0,0,0,0,0,0,0,0,0,0,0,0,0,0,0,0,0,0,0,0,0,146,38,47,47,37,147,0,47,47,0,146,38,47,47,37,147,0,0,0,0,47,0,0,0,0,146,38,47,47,47,47,47,47,47,37,147,0,0,0,122,123,124,0,0,0,0,0,0,40,46,46,39,0,0,0,0,0,0,122,123,124,45,47,47,45,13,13,13,13,13,13,13,13,13,45,47,47,47,47,47,47,45,119,120,121,119,120,121,119,120,121,45,47,47,45,119,120,121,13,119,120,121,45,0,0,0,0,0,40,44,47,47,47,43,39,0,0,0,0,0,0,0,0,40,35,39,0,0,0,0,0,0,36,47,47,47,47,47,34,36,47,47,47,47,47,34,0,0,77,0,0,0,0,0,0,0,77,47,47,47,47,77,0,0,0,0,0,0,0,0,82,0,0,0,0,77,0,0,0,0,47,68,66,47,0,0,0,0,0,0,0,47,68,66,0,0,0,0,0,0,36,47,47,47,47,47,47,47,47,47,47,47,47
0,0,0,0,0,0,0,0,0,0,0,0,0,0,0,0,0,0,0,0,0,0,0,0,0,0,0,0,0,0,0,0,0,0,0,0,0,0,0,0,0,0,0,0,0,0,0,0,0,0,0,0,0,0,0,0,0,0,0,0,0,0,0,0,0,0,0,0,0,0,0,0,0,0,0,0,0,0,0,0,0,0,0,0,0,36,47,34,0,0,0,0,0,0,0,0,0,0,0,0,0,0,0,0,0,0,0,0,79,79,79,0,36,47,47,34,0,0,0,0,0,0,0,0,0,0,0,0,0,0,0,0,47,47,47,47,47,47,122,125,47,47,47,47,47,47,47,47,47,0,0,0,0,0,47,47,47,47,122,125,47,47,0,0,0,0,0,0,0,0,0,0,0,0,0,0,0,0,0,0,0,0,0,0,36,47,34,12,12,12,12,12,12,12,12,12,9,8,12,12,12,12,12,12,36,47,34,111,111,111,36,47,47,47,47,34,111,111,36,47,47,47,165,38,12,12,37,33,33,33,33,38,12,12,36,47,47,47,47,34,111,45,111,45,111,45,111,45,111,45,111,36,47,47,47,165,38,12,37,33,33,33,164,47,47,34,111,111,36,47,47,47,47,47,47,34,111,111,111,111,111,111,36,47,47,47,47,47,47,165,164,47,47,47,47,47,47,34,111,111,111,111,111,111,36,47,47,47,47,47,47,47,47,47,47,47,47,165,164,47,47,47,47,47,47,47,47,36,47,47,47,40,46,38,0,0,53,0,0,0,0,0,0,0,0,36,34,0,47,45,47,0,0,45,0,47,45,47,0,0,0,0,47,36,47,34,47,0,45,47,0,0,0,52,0,0,0,0,0,0,0,0,0,0,0,0,0,0,0,0,52,0,0,0,52,0,0,0,0,0,0,0,0,0,0,0,0,0,111,111,111,0,0,0,0,0,0,0,111,0,0,0,111,0,0,0,0,0,0,0,18,0,0,52,0,0,0,0,0,0,0,0,0,0,0,0,0,111,0,0,0,111,0,0,0,0,0,0,0,0,0,0,0,0,0,0,0,0,0,0,0,79,79,79,79,79,79,79,79,0,0,116,117,118,0,0,10,11,83,78,78,78,78,78,78,78,78,78,78,78,78,78,78,78,78,78,78,78,78,78,78,78,78,81,0,0,0,0,0,0,0,0,0,0,0,0,0,0,0,0,0,0,0,0,0,0,0,0,0,0,0,0,0,0,0,0,0,0,0,0,0,0,0,0,122,125,0,0,0,0,0,0,0,0,0,0,0,0,0,0,0,0,0,0,0,0,0,93,0,0,0,0,0,0,0,0,47,47,0,92,37,47,38,92,79,79,79,79,79,79,79,47,94,36,47,47,34,79,79,79,79,79,79,79,79,79,37,33,33,33,33,164,47,47,47,34,47,0,0,0,8,9,92,0,0,0,0,93,0,0,0,0,0,0,0,0,8,9,92,92,0,0,0,0,0,0,0,0,0,0,0,0,0,0,0,0,0,0,0,0,0,0,144,46,46,145,0,0,0,0,0,0,0,0,0,0,0,0,0,0,144,46,46,145,0,0,0,0,0,0,0,0,0,0,0,0,0,0,0,0,0,0,0,146,46,46,147,0,0,0,0,0,0,0,0,0,0,0,0,0,0,0,0,0,0,0,0,0,0,0,0,0,0,0,0,0,0,52,0,0,0,0,0,193,194,0,0,0,0,0,0,0,0,0,0,0,0,0,0,109,0,109,0,0,0,0,0,0,0,195,196,195,196,195,196,97,0,97,0,0,0,0,0,0,0,174,0,0,0,0,173,0,0,0,0,0,0,0,0,0,0,0,0,0,0,0,0,0,0,195,196,0,0,0,0,0,0,0,0,0,0,0,0,0,0,0,0,0,0,0,52,0,0,0,0,0,0,0,0,0,0,0,0,0,0,0,0,0,0,0,0,0,0,0,0,0,0,0,0,0,0,0,0,0,0,0,146,33,33,147,0,0,47,47,0,0,146,33,33,147,0,0,0,0,0,47,0,0,0,0,0,146,38,47,47,47,47,47,37,147,0,0,0,0,0,0,0,0,0,0,0,0,0,0,0,0,0,0,0,0,0,0,0,0,0,0,40,46,46,39,0,0,0,0,0,0,0,0,0,40,46,46,46,46,46,46,39,122,123,124,122,123,124,122,123,124,45,47,47,45,122,123,124,0,122,123,124,45,0,0,0,0,0,0,40,44,43,35,39,0,0,0,0,0,0,0,0,0,192,192,192,0,0,0,0,0,0,36,47,47,47,47,47,34,36,47,47,47,47,47,34,0,0,82,0,0,0,0,0,0,0,77,0,0,0,0,77,0,0,0,0,0,0,0,0,30,0,0,0,0,77,0,0,0,0,47,68,66,47,0,0,0,0,0,0,0,47,68,66,0,0,0,0,0,0,36,47,47,47,47,47,47,47,47,47,47,47,47
0,0,0,0,0,0,0,0,0,0,0,0,0,0,0,0,0,0,0,0,0,0,0,0,0,0,0,0,0,0,0,0,79,79,0,0,0,0,0,0,0,0,79,79,0,0,0,0,79,0,0,0,0,0,0,0,79,79,0,0,0,0,0,0,0,111,111,111,0,0,0,0,0,111,0,0,0,0,0,0,0,0,0,0,0,36,47,34,0,0,0,0,0,0,0,0,0,0,0,0,0,0,79,0,0,0,0,0,0,0,0,0,40,35,35,39,0,79,79,0,0,0,0,0,0,0,0,52,0,0,0,47,47,47,47,47,47,122,117,121,47,47,47,47,9,47,47,47,47,47,0,0,0,47,47,47,47,122,117,121,47,47,47,0,12,0,0,0,0,0,0,0,0,0,0,0,0,0,0,0,0,0,0,0,36,47,34,111,111,111,111,111,111,111,111,111,111,111,111,111,111,111,111,111,36,47,34,111,111,111,36,47,47,47,47,34,111,111,36,47,47,47,47,34,111,111,36,47,47,47,47,34,111,111,36,47,47,47,47,34,111,45,111,45,111,45,111,45,111,45,111,36,47,47,47,47,34,111,36,47,47,47,47,47,47,34,111,111,36,47,47,47,47,47,47,34,111,111,111,111,111,111,36,47,47,47,47,47,47,47,47,47,47,47,47,47,47,34,111,111,111,111,111,111,36,47,47,47,47,47,47,47,47,47,47,47,47,47,47,47,47,47,47,47,47,47,47,36,47,47,47,47,47,40,46,46,38,0,0,122,125,0,0,0,47,36,34,12,12,45,12,9,12,45,12,12,45,0,0,0,0,0,0,36,47,34,0,0,45,0,116,117,118,0,0,116,117,118,0,0,0,0,0,0,0,0,0,0,0,0,0,0,0,0,0,0,0,0,0,0,0,207,207,0,0,0,0,0,0,0,0,0,0,0,0,207,207,0,111,111,111,111,111,47,47,47,0,0,0,0,48,0,0,0,0,0,0,0,0,0,0,0,0,0,0,0,0,0,111,111,111,0,0,0,0,0,0,0,0,0,0,0,0,17,0,0,0,0,0,0,0,0,176,183,177,0,79,79,0,0,0,119,120,121,116,117,118,0,51,46,46,46,46,46,46,46,46,46,46,46,46,46,46,46,46,46,46,46,46,46,46,46,46,49,0,0,0,0,52,0,0,0,205,205,0,207,207,205,0,0,0,0,37,33,38,0,0,0,0,0,0,0,0,0,0,0,0,0,0,37,33,38,0,122,117,121,116,117,118,0,0,116,117,118,8,9,0,92,0,0,0,0,0,0,0,0,0,0,0,0,0,0,0,47,47,47,47,47,59,37,41,47,42,38,92,79,79,79,79,79,79,47,94,40,35,35,39,79,79,79,79,79,79,79,79,37,41,47,47,47,47,47,47,47,47,34,47,0,0,0,10,37,38,92,0,0,0,0,0,47,47,0,0,47,47,59,10,37,33,38,92,92,0,0,0,0,0,0,0,0,0,0,0,0,0,0,0,0,0,0,0,144,147,78,78,146,145,0,0,0,0,0,0,0,0,0,0,0,0,144,147,78,78,146,145,0,0,0,0,0,0,0,0,0,0,0,144,46,46,145,0,0,0,0,0,0,0,0,0,0,144,46,46,145,0,0,0,0,0,0,0,0,0,0,144,46,46,145,0,0,0,0,0,0,0,0,0,0,0,0,0,0,0,0,0,0,0,0,0,0,0,0,0,0,0,53,0,0,0,109,0,109,0,0,0,0,0,0,0,193,194,193,194,193,194,0,0,0,0,177,25,25,25,25,25,25,25,25,25,25,176,0,0,0,0,0,0,0,0,0,0,0,0,0,0,0,0,0,0,193,194,0,0,0,0,0,0,0,0,0,0,0,0,0,112,0,0,0,0,0,0,0,0,0,0,0,0,0,0,0,0,0,0,0,0,0,0,0,0,0,0,0,0,0,0,0,0,0,0,0,0,0,0,0,0,0,0,146,147,0,0,0,47,47,0,0,0,146,147,0,0,0,0,0,0,47,0,0,0,0,0,0,146,46,46,46,46,46,147,0,0,0,0,0,0,0,0,0,0,0,0,0,0,0,0,0,0,0,0,0,0,0,0,0,0,0,0,0,0,0,0,0,0,0,0,0,0,0,0,0,0,0,0,0,0,0,0,0,0,0,0,0,0,0,0,0,40,46,46,39,0,0,0,0,0,0,0,25,0,0,0,0,0,0,0,40,39,0,0,0,0,0,0,0,0,0,0,0,0,0,0,0,0,0,0,0,0,36,47,47,47,47,47,34,36,47,47,47,47,47,34,0,0,30,0,0,0,0,0,0,0,77,47,47,47,47,77,0,0,0,0,0,0,0,0,47,0,0,0,0,77,0,0,0,0,0,72,71,116,117,118,0,0,0,0,0,47,68,66,0,0,0,0,0,0,36,47,47,47,47,47,47,47,47,47,47,47,47
0,0,0,0,0,0,0,0,0,0,0,0,0,0,0,0,0,0,0,0,0,0,0,0,0,0,0,47,47,47,0,0,0,0,0,0,0,79,0,0,0,8,9,0,0,0,0,79,79,79,0,0,0,0,0,0,0,0,0,0,0,0,0,0,0,111,0,0,0,111,111,111,0,111,0,0,0,0,0,79,79,0,0,0,0,36,47,34,0,0,0,0,0,0,0,0,0,0,0,0,0,79,79,79,0,0,0,0,0,0,0,0,192,192,192,192,0,0,0,0,0,0,0,0,0,0,0,0,0,0,0,37,33,33,33,33,33,111,111,111,33,33,33,33,111,33,33,33,33,38,47,47,47,47,37,33,33,111,111,111,33,33,33,33,111,12,0,0,0,0,0,0,0,0,0,0,0,0,0,0,0,0,0,0,36,47,34,111,111,111,111,111,111,111,111,111,111,111,111,111,111,111,111,111,36,47,34,111,111,111,36,47,47,47,47,34,111,111,36,47,47,47,47,34,111,111,36,47,47,47,47,34,111,111,36,47,47,47,47,34,111,45,111,45,111,45,111,45,111,45,111,36,47,47,47,47,34,111,36,47,47,47,47,47,47,34,111,111,36,47,47,47,47,47,47,34,111,111,111,111,111,111,36,47,47,47,47,47,47,47,47,47,47,47,47,47,47,34,111,111,111,111,111,111,36,47,47,47,47,47,47,47,47,47,47,47,47,47,47,47,47,47,47,47,47,47,47,36,59,59,59,59,59,59,59,59,45,12,122,117,121,12,8,12,12,36,111,111,111,111,111,111,111,111,111,111,45,12,12,12,12,12,12,36,47,34,12,12,45,47,119,120,121,0,0,119,120,121,0,0,0,0,0,0,0,0,0,79,0,0,0,0,9,0,0,0,0,148,149,33,33,33,33,33,33,33,38,0,0,0,0,0,37,33,33,33,33,38,0,0,0,0,0,37,33,33,33,33,33,33,34,0,116,117,118,125,0,0,0,0,0,0,0,0,0,0,0,0,0,0,0,0,0,0,0,0,0,0,0,0,0,0,0,48,0,0,0,0,0,0,0,0,177,0,0,0,0,0,0,8,9,122,123,124,119,120,121,0,83,78,78,78,78,78,78,78,78,78,78,78,78,78,78,78,78,78,78,78,78,78,78,78,78,81,0,0,0,0,0,0,8,9,51,46,46,46,46,49,8,9,0,0,79,79,79,0,0,122,125,0,0,0,0,0,0,0,0,0,79,79,178,79,79,79,79,79,119,120,121,8,9,119,120,121,10,11,92,48,92,0,0,0,0,0,0,0,0,0,47,47,0,0,0,47,47,47,47,59,37,41,47,47,47,42,38,92,79,79,79,79,79,79,47,47,79,47,79,79,79,79,79,79,79,79,37,41,47,47,47,47,47,47,47,47,47,34,47,0,8,9,37,41,42,38,92,0,0,0,47,47,47,0,47,47,47,51,33,47,47,42,33,38,92,0,0,0,51,46,46,46,145,0,0,0,0,0,0,0,0,0,144,147,144,46,46,145,146,145,0,0,0,0,0,0,0,0,0,0,144,147,144,46,46,145,146,145,0,0,0,0,0,0,0,0,0,0,83,78,78,81,0,0,0,0,0,0,0,0,0,0,83,78,78,81,0,0,0,0,0,0,0,0,0,0,83,78,78,81,112,0,0,0,0,0,0,0,0,0,0,0,0,0,0,0,0,0,0,0,112,0,0,0,0,0,0,112,0,0,0,109,0,109,0,0,0,0,0,0,0,0,0,0,0,0,0,0,0,0,0,0,177,25,25,25,25,25,25,25,25,176,0,0,0,112,0,0,0,0,0,0,0,0,0,52,0,0,0,0,0,0,0,0,0,0,53,0,0,101,102,0,0,0,0,0,109,0,0,112,172,0,17,0,172,0,0,0,0,0,0,0,0,0,0,0,0,0,0,0,0,0,0,0,0,0,0,0,0,0,0,0,0,0,0,0,0,0,0,0,0,0,0,0,144,145,0,0,0,0,0,0,0,0,144,46,46,46,46,46,145,0,0,0,0,0,0,0,0,0,0,0,0,0,0,0,0,0,0,0,0,0,0,0,0,0,0,0,0,0,0,0,0,0,0,0,0,0,0,0,0,0,0,0,0,0,0,0,0,0,0,0,0,0,0,0,0,0,0,0,0,0,0,0,0,0,0,0,0,0,0,0,0,0,0,0,0,0,0,0,0,0,0,0,0,0,0,0,0,0,0,0,0,0,0,0,0,0,0,0,0,205,0,0,0,0,0,0,0,40,35,35,35,35,35,39,40,35,35,35,35,35,39,0,0,47,0,0,0,0,0,0,0,77,0,0,0,0,77,0,0,0,0,0,0,0,0,47,0,0,0,0,77,0,0,0,0,0,0,0,119,120,121,0,0,0,0,0,0,72,71,0,0,0,0,0,0,36,47,47,47,47,47,47,47,47,47,47,47,47
0,0,0,0,0,0,0,0,0,0,0,0,0,0,0,0,0,0,0,0,0,0,0,0,0,0,47,47,47,47,47,0,0,0,0,0,79,79,79,0,0,10,11,0,0,0,0,0,0,0,0,0,0,0,79,0,0,0,0,0,0,0,0,0,0,111,0,111,0,111,0,111,0,0,0,0,0,79,0,0,0,0,0,0,0,36,47,34,0,0,79,0,0,0,0,0,0,47,47,47,0,0,0,0,8,9,0,0,0,0,0,0,0,0,0,0,0,0,0,0,0,0,0,0,0,0,0,0,0,0,0,36,47,47,47,47,47,47,47,47,47,47,47,47,47,47,47,47,47,34,12,12,12,12,36,47,47,47,47,47,47,47,47,47,47,111,12,0,0,0,0,0,0,0,0,0,0,0,0,0,0,0,0,0,36,47,34,111,111,111,111,111,111,111,111,111,111,111,111,111,111,111,111,111,36,47,34,111,111,111,36,47,47,47,47,34,111,111,36,47,47,47,47,34,111,111,36,47,47,47,47,34,111,111,36,47,47,47,47,34,111,45,111,45,111,45,111,45,111,45,111,36,47,47,47,47,34,111,36,47,47,47,47,47,47,34,111,111,36,47,47,47,47,47,47,34,111,111,111,111,111,111,36,47,47,47,47,47,47,47,47,47,47,47,47,47,47,34,111,111,111,111,111,111,36,47,47,47,47,47,47,47,47,47,47,47,47,47,47,47,47,47,47,47,47,47,47,111,111,111,111,111,111,111,111,111,111,111,111,111,111,111,111,111,111,111,111,111,111,111,111,111,111,111,111,111,111,111,111,111,111,111,111,36,47,34,111,111,45,0,122,123,124,8,9,122,123,124,8,9,0,0,0,0,0,0,0,0,0,8,9,0,79,0,0,0,144,154,155,176,178,185,0,16,16,16,34,175,175,175,175,175,36,16,16,16,16,34,175,175,175,175,175,36,16,16,16,16,16,184,79,79,119,120,121,116,117,118,125,0,0,0,0,0,0,0,0,0,0,0,0,0,0,0,0,0,0,0,0,0,0,0,0,45,0,0,0,0,0,0,0,0,0,0,0,0,0,0,0,10,11,0,0,0,122,123,124,0,51,46,46,46,46,46,46,46,46,46,46,46,46,46,46,46,46,46,46,46,46,46,46,46,46,49,0,116,117,118,0,0,10,11,51,46,46,46,46,49,10,11,116,117,118,177,177,0,122,117,121,0,0,37,33,33,38,0,0,122,125,176,179,177,0,0,79,0,122,123,124,10,11,122,123,124,0,92,37,47,38,92,205,207,0,205,0,47,47,47,47,47,47,207,47,47,205,47,59,37,41,47,47,47,47,47,42,38,92,79,8,79,79,79,79,47,47,47,47,79,79,79,79,9,79,37,41,47,47,47,47,47,47,47,47,47,47,34,47,0,10,37,41,47,47,47,49,207,47,207,47,47,47,47,47,206,47,93,36,47,47,47,47,42,38,24,24,24,83,78,78,78,146,145,0,0,0,24,24,24,24,144,147,144,147,78,78,146,145,146,145,24,24,24,24,24,24,24,24,144,147,144,147,78,78,146,145,146,145,24,24,24,0,0,24,24,24,24,51,46,46,49,0,0,0,0,0,0,0,0,0,0,51,46,46,49,24,24,24,144,46,46,145,24,24,24,51,46,46,49,109,0,112,0,0,53,0,0,0,0,0,0,0,0,112,0,0,0,0,0,109,0,0,112,0,0,0,109,0,0,0,109,0,109,0,0,0,0,0,0,0,0,0,0,0,0,0,0,0,0,0,0,0,177,25,25,25,25,25,25,176,0,0,0,0,109,0,112,0,0,53,0,0,0,0,0,0,0,0,0,0,0,0,0,0,0,112,0,0,109,109,0,0,112,0,0,109,0,0,109,0,28,16,26,0,0,0,0,52,0,0,0,0,0,0,99,0,99,0,0,0,0,0,0,0,0,0,0,0,0,52,0,0,0,0,0,0,0,0,0,0,0,0,144,35,35,145,0,0,0,0,0,0,144,39,47,47,47,47,47,40,145,0,0,0,0,0,0,0,0,0,0,0,144,145,0,0,0,0,0,0,0,0,0,0,37,46,46,38,0,0,0,0,0,0,0,0,0,0,0,0,0,0,0,0,0,0,0,0,0,0,0,0,0,0,0,0,0,0,0,0,0,0,0,0,0,0,0,0,0,0,0,0,0,0,0,0,0,0,0,0,0,0,0,0,0,0,0,0,0,0,0,205,0,0,0,47,47,47,0,37,33,38,0,0,0,0,0,0,0,192,192,192,192,192,0,47,47,47,47,47,47,47,0,0,47,0,0,0,0,0,0,0,77,47,47,47,47,77,8,9,0,0,0,0,52,0,18,0,0,0,0,77,0,0,0,0,0,0,0,122,123,124,0,0,0,0,0,0,0,0,0,0,0,0,0,0,36,47,47,47,47,47,47,47,47,47,47,47,47
0,0,0,0,0,0,0,0,0,0,0,0,0,0,0,0,0,0,0,0,0,0,0,0,0,47,47,47,47,47,47,47,0,0,0,0,0,0,0,0,0,0,0,125,0,0,0,0,0,0,0,0,0,0,0,0,0,0,0,0,0,0,0,0,0,111,111,111,0,111,111,111,0,111,0,0,0,0,0,0,0,0,0,0,0,36,47,34,0,79,79,79,0,0,0,0,47,0,0,0,47,0,0,0,10,111,9,0,0,0,0,0,0,0,0,0,0,0,0,0,0,0,53,0,0,0,0,24,9,24,0,36,47,47,47,47,47,47,47,47,47,47,47,47,47,47,47,47,47,34,111,111,111,111,36,47,47,47,47,47,47,47,47,47,47,47,111,0,0,0,0,0,0,0,0,0,0,0,0,0,0,0,0,0,36,47,34,111,111,111,111,111,111,111,111,111,111,111,111,111,111,111,111,111,36,47,34,111,111,111,36,47,47,47,47,34,111,111,36,47,47,47,47,34,111,111,36,47,47,47,47,34,111,111,36,47,47,47,47,34,111,45,111,45,111,45,111,45,111,45,111,36,47,47,47,47,34,111,36,47,47,47,47,47,47,34,111,111,36,47,47,47,47,47,47,34,111,111,111,111,111,111,36,47,47,47,47,47,47,47,47,47,47,47,47,47,47,34,111,111,111,111,111,111,36,47,47,47,47,47,47,47,47,47,47,47,47,47,47,47,47,47,47,47,47,47,47,111,111,111,111,111,111,111,111,111,111,111,111,111,111,111,111,111,111,111,111,111,111,111,111,111,111,111,111,111,111,111,111,111,111,111,111,36,47,34,111,111,45,47,0,0,0,10,11,0,0,0,10,11,116,117,118,0,0,0,0,0,0,10,11,0,8,9,0,156,162,0,122,125,179,0,184,0,16,16,42,33,33,33,33,33,41,16,177,0,16,42,33,33,33,33,33,41,16,184,16,185,188,176,176,0,122,123,124,119,120,121,0,0,0,0,0,0,0,0,0,0,0,0,0,0,0,0,0,0,0,0,0,0,0,0,0,45,0,0,0,0,0,0,0,0,0,0,0,0,0,0,0,0,0,0,0,0,0,0,0,0,83,78,78,78,78,78,78,78,78,78,78,78,78,78,78,78,78,78,78,78,78,78,78,78,78,81,0,119,120,121,116,117,118,0,51,46,46,46,46,49,0,0,119,120,121,177,0,0,79,79,79,0,0,79,79,0,79,0,122,117,121,0,0,0,0,0,0,0,0,0,0,0,0,0,0,0,92,37,41,47,42,38,33,33,33,33,33,33,33,33,33,33,33,33,33,33,33,33,37,41,47,47,47,47,47,47,47,42,38,92,125,11,8,9,8,9,8,9,8,9,8,9,10,125,37,41,47,47,47,47,47,47,47,47,47,47,47,34,59,92,37,41,47,47,43,39,33,33,33,33,33,33,33,33,33,33,33,33,40,44,47,47,47,47,34,79,79,79,51,46,46,46,145,146,46,46,46,145,79,79,144,147,144,147,144,46,46,145,146,145,146,145,79,79,79,79,79,79,144,147,144,147,144,46,46,145,146,145,146,145,79,144,46,46,145,79,79,79,83,78,78,81,24,24,24,144,46,46,145,24,24,24,83,78,78,81,79,79,79,83,78,78,81,79,79,79,83,78,78,81,109,0,109,0,101,102,0,0,0,0,0,0,0,0,109,0,0,112,0,0,109,0,0,109,0,0,0,109,0,0,0,109,0,109,0,0,0,0,0,0,0,0,0,0,0,0,0,0,0,0,0,0,0,0,0,0,0,0,0,0,0,0,0,0,0,109,0,109,0,101,102,0,0,0,0,0,0,0,0,0,112,0,0,0,0,0,109,0,0,109,109,0,0,109,0,0,109,0,0,109,0,0,27,0,0,0,0,0,0,0,0,0,0,0,0,54,0,54,0,0,0,0,0,0,0,0,0,0,0,0,0,0,0,0,0,0,0,0,0,0,0,0,144,39,47,47,40,145,0,0,0,0,144,39,47,47,47,47,47,47,47,40,145,0,0,0,0,0,0,0,0,0,144,35,35,145,0,0,0,0,0,0,0,0,0,45,47,47,45,0,0,0,0,0,0,0,0,0,37,46,46,38,0,0,0,0,0,0,0,0,0,0,0,0,0,0,0,0,0,0,0,0,0,0,0,0,0,0,0,0,0,0,0,0,0,0,0,0,0,3,0,0,0,0,0,0,0,0,207,207,0,37,33,38,0,47,47,47,47,47,36,47,34,0,0,0,0,0,0,0,0,0,0,0,0,0,0,47,47,47,47,47,0,0,0,18,0,0,0,0,0,0,0,82,0,0,0,0,82,10,11,0,0,0,0,0,0,80,0,0,0,0,82,0,0,0,0,0,0,0,0,0,0,0,0,0,0,0,0,0,0,0,0,0,0,0,0,36,47,47,47,47,47,47,47,47,47,47,47,47
0,0,0,0,0,0,0,0,0,0,0,0,0,0,0,0,0,0,0,0,0,0,0,0,47,47,47,47,47,47,47,47,47,0,0,0,0,0,0,0,0,0,0,0,0,0,0,0,0,0,0,0,0,0,0,0,0,0,0,52,0,0,0,0,0,0,0,0,0,0,0,0,0,0,0,0,0,0,0,0,0,0,0,0,0,36,47,34,0,0,0,0,0,0,0,47,0,0,0,0,0,47,0,0,0,10,11,0,0,0,0,25,25,25,0,0,0,0,0,52,0,177,25,176,0,0,0,25,25,25,47,36,47,47,47,47,47,47,47,47,47,47,47,47,47,47,47,47,47,34,111,111,111,111,36,47,47,47,47,47,47,47,47,47,47,47,34,0,0,0,0,0,0,0,0,0,0,0,0,0,0,0,0,0,36,47,34,111,111,111,111,111,111,111,111,111,111,111,111,111,111,111,111,111,36,47,34,111,111,111,36,47,47,47,47,34,111,111,36,47,47,47,47,34,111,111,36,47,47,47,47,34,111,111,36,47,47,47,47,34,111,45,111,45,111,45,111,45,111,45,111,36,47,47,47,47,34,111,36,47,47,47,47,47,47,34,111,111,36,47,47,47,47,47,47,34,111,111,111,111,111,111,36,47,47,47,47,47,47,47,47,47,47,47,47,47,47,34,111,111,111,111,111,111,36,47,47,47,47,47,47,47,47,47,47,47,47,47,47,47,47,47,47,47,47,47,47,111,111,111,111,111,111,111,111,111,111,111,111,111,111,111,111,111,111,111,111,111,111,111,111,111,111,111,111,111,111,111,111,111,111,111,111,36,47,34,111,111,45,0,0,0,0,0,0,0,0,0,0,0,119,120,121,0,0,0,0,0,0,0,0,0,10,11,0,157,163,122,117,121,0,125,183,182,16,16,16,16,16,16,16,16,16,16,0,0,16,16,16,16,16,16,16,16,16,176,177,178,178,0,0,176,0,0,0,122,123,124,0,0,0,0,0,0,0,0,0,0,0,0,0,0,0,0,0,0,0,0,0,0,0,0,0,45,0,0,0,0,0,0,0,0,0,0,0,0,0,0,0,0,0,0,0,0,0,0,0,0,51,46,46,46,46,46,46,46,46,46,46,46,46,46,46,46,46,46,46,46,46,46,46,46,46,49,0,122,123,124,119,120,121,0,51,46,46,46,46,49,0,0,122,123,124,0,0,0,0,79,0,8,9,0,179,176,178,0,79,79,79,0,0,0,0,0,0,0,0,0,0,0,0,0,0,92,37,41,47,47,47,42,38,47,47,47,47,47,47,47,47,47,47,47,47,47,47,37,41,47,47,47,47,47,47,47,47,47,42,38,33,33,33,33,33,33,33,33,33,33,33,33,33,33,36,47,47,47,47,47,47,47,47,47,47,47,47,34,33,37,41,47,47,47,34,47,47,47,47,47,47,47,47,47,47,47,47,47,47,36,47,47,47,47,34,79,79,79,83,78,78,78,146,145,78,78,78,146,46,46,147,144,147,144,147,78,78,146,145,146,145,146,46,46,46,46,46,46,147,144,147,144,147,78,78,146,145,146,145,146,46,147,78,78,81,79,79,79,51,46,46,49,79,79,79,83,78,78,81,79,79,79,51,46,46,49,79,79,79,51,46,46,49,79,79,79,51,46,46,49,109,0,109,0,109,109,0,0,0,0,0,0,0,0,109,0,0,109,0,0,109,0,0,109,0,0,0,109,0,0,0,109,0,109,0,0,0,0,0,0,0,0,0,0,0,0,0,0,0,0,0,0,0,0,0,0,0,0,0,0,0,0,0,0,0,109,0,109,0,109,109,0,17,0,0,17,0,0,17,0,109,0,0,112,0,0,109,0,0,109,109,0,0,109,0,0,109,0,0,109,0,0,0,0,0,0,172,0,17,0,172,0,0,0,0,0,0,0,0,0,0,0,0,0,0,0,0,112,0,0,0,0,0,0,0,0,0,0,0,0,0,144,39,47,47,47,47,40,145,0,0,144,39,47,47,47,47,47,47,47,47,47,40,145,12,9,12,12,12,9,12,144,39,47,47,40,145,0,0,0,0,0,0,0,0,45,47,47,45,0,0,125,0,125,0,0,0,0,45,47,47,45,0,0,37,46,46,46,46,46,38,0,0,0,0,0,0,0,0,25,25,25,25,25,25,25,25,25,0,0,0,0,0,0,53,0,0,0,0,45,0,0,47,47,0,0,0,37,33,33,33,41,47,42,38,47,47,47,47,47,40,35,39,0,0,0,0,0,0,207,0,0,205,205,0,205,47,47,47,207,207,47,47,0,0,80,0,0,0,0,0,0,0,0,0,0,0,0,0,0,0,0,0,0,0,0,0,77,0,0,0,0,0,0,0,0,0,0,69,70,0,0,0,0,0,116,117,118,0,0,0,0,0,0,0,0,0,36,47,47,47,47,47,47,47,47,47,47,47,47
0,0,0,0,0,0,0,0,0,0,0,0,0,0,0,0,0,0,0,0,0,0,0,0,47,47,47,47,47,47,52,47,47,47,0,0,0,0,0,0,0,0,0,0,0,0,0,0,0,0,0,0,0,0,53,0,0,0,0,0,0,0,0,0,0,0,0,0,0,0,0,0,0,0,0,0,0,0,0,0,0,0,0,0,0,40,35,39,0,0,0,0,0,0,47,0,0,0,0,0,0,0,47,0,0,0,0,0,0,0,0,0,0,0,0,0,52,0,0,0,0,0,0,0,24,9,24,0,0,47,47,36,47,47,47,47,47,47,47,47,47,47,47,47,47,47,47,47,47,34,111,111,111,111,36,47,47,47,47,47,47,47,47,47,47,47,34,0,0,0,0,0,0,0,0,0,0,0,0,0,0,0,0,0,36,47,34,111,111,111,111,111,111,111,111,111,111,111,111,111,111,111,111,111,36,47,34,111,111,111,36,47,47,47,47,34,111,111,36,47,47,47,47,34,111,111,36,47,47,47,47,34,111,111,36,47,47,47,47,34,111,45,111,45,111,45,111,45,111,45,111,36,47,47,47,47,34,111,36,47,47,47,47,47,47,34,111,111,36,47,47,47,47,47,47,34,111,111,111,111,111,111,36,47,47,47,47,47,47,47,47,47,47,47,47,47,47,34,111,111,111,111,111,111,36,47,47,47,47,47,47,47,47,47,47,47,47,47,47,47,47,47,47,47,47,47,47,111,111,111,111,111,111,111,111,111,111,111,111,111,111,111,111,111,111,111,111,111,111,111,111,111,111,111,111,111,111,111,111,111,111,111,111,36,47,34,111,111,45,47,0,0,0,0,0,0,0,0,0,0,122,123,124,0,0,0,0,0,0,0,0,0,0,0,79,79,79,8,9,0,0,178,176,0,0,177,0,177,179,177,0,0,179,177,0,0,0,176,177,189,0,0,178,179,177,0,0,0,0,0,0,0,0,0,0,0,0,0,0,0,0,0,0,0,0,0,0,0,0,0,0,0,0,0,0,0,0,0,0,0,0,0,0,45,0,0,0,0,0,0,0,0,0,0,0,0,0,0,0,0,0,0,0,0,0,0,0,0,83,78,78,78,78,78,78,78,78,78,78,78,78,78,78,78,78,78,78,78,78,78,78,78,78,81,0,0,0,0,122,123,124,0,51,46,46,46,46,49,0,0,0,0,0,0,0,0,0,0,0,10,11,0,0,0,0,0,0,79,0,0,0,0,0,0,0,0,0,0,0,0,0,0,92,37,41,47,47,47,47,47,42,38,47,47,47,47,47,47,47,47,47,47,47,47,47,36,47,47,47,47,47,47,47,47,47,47,47,34,47,47,47,47,47,47,47,47,47,47,47,47,47,47,36,47,47,47,47,47,47,47,47,47,47,47,47,34,47,36,47,47,47,47,34,47,47,47,47,47,47,47,47,47,47,47,47,47,47,36,47,47,47,47,34,79,79,79,51,46,46,46,145,146,46,46,46,145,78,78,144,147,144,147,144,46,46,145,146,145,146,145,78,78,78,78,78,78,144,147,144,147,144,46,46,145,146,145,146,145,78,144,46,46,49,79,79,79,83,78,78,81,79,79,79,51,46,46,49,79,79,79,83,78,78,81,79,79,79,83,78,78,81,79,79,79,83,78,78,81,109,0,109,0,109,109,0,0,0,0,0,0,0,0,109,0,0,109,0,0,109,0,0,109,0,0,0,109,0,0,0,109,0,109,0,0,0,0,0,0,0,0,0,0,0,0,0,0,0,0,0,0,0,0,0,0,0,0,0,0,0,0,0,0,0,109,0,109,0,109,109,28,16,26,28,16,26,28,16,26,109,0,0,109,0,0,109,0,0,109,109,0,0,109,0,0,109,0,0,109,0,0,0,0,0,0,0,28,16,26,0,0,0,0,53,0,53,0,53,0,0,0,0,0,0,0,195,109,0,172,172,0,172,195,196,0,0,0,0,0,144,39,47,47,47,47,47,47,40,145,144,39,47,47,47,47,47,47,47,47,47,47,47,40,46,46,46,46,46,46,46,39,47,47,47,47,40,145,125,12,12,12,12,12,8,45,47,47,45,12,10,121,12,119,11,12,12,8,45,47,47,45,12,12,45,47,47,47,47,47,45,12,12,12,12,12,12,12,12,12,12,12,12,12,12,12,12,12,12,12,12,12,37,46,38,12,12,12,12,45,0,47,47,47,47,0,37,41,47,47,47,47,47,47,42,38,47,47,47,47,47,47,47,0,0,0,0,0,0,37,33,33,33,33,33,38,37,33,33,33,33,33,38,0,0,77,0,0,0,0,0,0,0,0,0,0,0,0,0,0,0,0,0,0,0,0,0,77,0,0,0,0,0,0,0,0,0,0,68,66,0,0,69,65,70,119,120,121,69,65,70,0,0,0,0,0,0,36,47,47,47,47,47,47,47,47,47,47,47,47
0,0,0,0,0,0,0,0,0,0,0,0,0,0,0,0,0,0,0,0,0,144,33,33,33,38,47,47,125,124,47,47,47,37,33,33,38,0,122,125,0,0,0,0,0,0,0,0,0,0,0,0,0,37,38,47,0,0,0,0,0,0,0,0,0,0,0,0,0,0,0,0,25,25,25,25,25,24,24,0,0,0,0,0,0,0,0,0,0,0,0,0,0,0,47,0,0,24,9,24,0,0,47,0,0,0,0,0,0,0,0,0,0,0,0,0,0,0,125,0,0,0,0,0,25,25,25,0,47,47,47,36,47,47,47,47,47,47,47,47,47,47,47,47,47,47,47,47,47,34,111,111,111,111,36,47,47,47,47,47,47,47,47,47,47,47,34,0,0,0,0,0,0,0,0,0,0,0,0,0,0,0,0,0,36,47,34,111,111,111,111,111,111,111,111,111,111,111,111,111,111,111,111,111,36,47,34,111,111,111,36,47,47,47,47,34,111,111,36,47,47,47,47,34,111,111,36,47,47,47,47,34,111,111,36,47,47,47,47,34,111,45,111,45,111,45,111,45,111,45,111,36,47,47,47,47,34,111,36,47,47,47,47,47,47,34,111,111,36,47,47,47,47,47,47,34,111,111,111,111,111,111,36,47,47,47,47,47,47,47,47,47,47,47,47,47,47,34,111,111,111,111,111,111,36,47,47,47,47,47,47,47,47,47,47,47,47,47,47,47,47,47,47,47,47,47,47,111,111,111,111,111,111,111,111,111,111,111,111,111,111,111,111,111,111,111,111,111,111,111,111,111,111,111,111,111,111,111,111,111,111,111,111,36,47,34,111,111,45,0,0,0,0,0,0,0,0,0,0,0,0,0,0,0,0,0,0,0,0,0,0,0,0,0,0,79,0,10,11,0,0,0,0,0,0,0,0,0,0,0,0,0,0,0,0,0,0,0,0,0,0,0,0,0,0,0,0,0,0,0,0,0,0,0,0,0,0,0,0,0,0,0,0,0,0,0,0,0,0,0,0,0,0,0,0,0,0,0,0,0,0,0,0,45,0,0,0,0,0,0,0,0,0,0,0,0,0,0,0,0,0,0,0,0,0,0,0,0,51,46,46,46,46,46,46,46,46,46,46,46,46,46,46,46,46,46,46,46,46,46,46,46,46,49,0,0,0,0,0,0,0,0,51,46,46,46,46,49,0,0,0,0,0,0,0,0,0,0,0,0,0,0,0,0,0,0,0,0,0,0,0,0,0,0,0,0,0,0,0,0,0,0,37,41,47,47,47,47,47,47,47,42,38,47,47,47,47,47,47,47,47,47,47,47,47,36,47,47,47,47,47,47,47,47,47,47,47,34,47,47,47,47,47,47,47,47,47,47,47,47,47,47,36,47,47,47,47,47,47,47,47,47,47,47,47,34,47,36,47,47,47,47,34,47,47,47,47,47,47,47,47,47,47,47,47,47,47,36,47,47,47,47,34,79,79,79,83,78,78,78,146,145,78,78,78,146,46,46,147,144,147,144,147,78,78,146,145,146,145,146,46,46,46,46,46,46,147,144,147,144,147,78,78,146,145,146,145,146,46,147,78,78,81,79,79,79,51,46,46,49,79,79,79,83,78,78,81,79,79,79,51,46,46,49,79,79,79,51,46,46,49,79,79,79,51,46,46,49,109,0,109,0,109,109,0,0,0,0,0,0,0,0,109,0,0,109,0,0,109,0,0,109,0,0,0,109,0,0,0,109,0,109,0,0,0,0,0,0,0,0,0,0,0,0,0,0,0,0,0,0,0,0,0,0,0,0,0,0,0,0,0,0,0,109,0,109,0,109,109,0,27,0,0,27,0,0,27,0,109,0,0,109,0,0,109,0,0,109,109,0,0,109,0,0,109,0,0,109,0,0,0,0,0,0,0,0,27,0,0,0,0,97,97,0,97,0,97,0,97,97,97,97,97,97,97,98,0,0,0,0,0,193,194,0,0,0,0,144,39,47,47,47,47,47,47,47,47,40,39,47,47,47,47,47,47,47,47,47,47,47,47,47,47,47,47,47,47,47,47,47,47,47,47,47,47,45,111,111,111,111,111,111,111,45,47,47,45,111,111,111,111,111,111,111,111,111,45,47,47,45,111,111,45,47,47,47,47,47,45,111,111,111,111,111,111,111,111,111,111,111,111,111,111,111,111,111,111,111,111,111,45,47,45,111,111,111,111,45,59,59,59,59,59,37,41,47,47,47,47,47,47,47,47,42,38,59,59,59,59,59,59,92,92,92,92,92,92,36,47,47,47,47,47,34,36,47,47,47,47,47,34,0,0,77,0,0,0,0,0,0,0,80,47,47,47,47,80,0,0,53,0,0,47,47,47,82,47,83,78,78,78,78,81,47,8,9,68,66,0,0,68,79,66,122,123,124,68,79,66,0,0,0,0,0,0,36,47,47,47,47,47,47,47,47,47,47,47,47
0,0,0,0,0,0,0,0,0,0,0,0,0,0,0,122,125,0,0,0,144,164,47,47,47,34,12,12,119,117,124,12,12,36,47,47,34,122,117,121,12,37,38,0,0,0,0,0,0,48,0,0,0,36,34,47,47,0,0,0,0,47,47,25,25,25,25,25,25,25,0,0,47,47,0,0,0,25,25,0,25,25,25,25,0,0,0,0,0,0,0,0,25,25,25,25,0,25,25,25,0,25,25,25,25,0,0,53,0,0,0,47,0,9,8,0,125,116,117,118,0,0,0,0,0,0,0,47,47,47,47,36,47,47,47,47,47,47,47,47,47,47,47,47,47,47,47,47,47,34,111,111,111,111,36,47,47,47,47,47,47,47,47,47,47,47,34,0,0,0,0,0,0,0,0,0,0,0,0,0,0,0,0,0,36,47,34,111,111,111,111,111,111,111,111,111,111,111,111,111,111,111,111,111,36,47,34,111,111,111,36,47,47,47,47,34,111,111,36,47,47,47,47,34,111,111,36,47,47,47,47,34,111,111,36,47,47,47,47,34,111,45,111,45,111,45,111,45,111,45,111,36,47,47,47,47,34,111,36,47,47,47,47,47,47,34,111,111,36,47,47,47,47,47,47,34,111,111,111,111,111,111,36,47,47,47,47,47,47,47,47,47,47,47,47,47,47,34,111,111,111,111,111,111,36,47,47,47,47,47,47,47,47,47,47,47,47,47,47,47,47,47,47,47,47,47,47,111,111,111,111,111,111,111,111,111,111,111,111,111,111,111,111,111,111,111,111,111,111,111,111,111,111,111,111,111,111,111,111,111,111,111,111,36,47,34,111,111,45,47,0,0,0,0,0,0,0,0,0,0,0,0,0,0,0,0,0,0,0,0,0,0,0,0,0,0,0,0,0,0,0,0,0,0,0,0,0,0,0,0,0,0,0,0,0,0,0,0,0,0,0,0,0,0,0,0,0,0,0,0,0,0,0,0,0,0,0,0,0,0,0,0,0,0,0,0,0,0,0,0,0,0,0,0,0,0,0,0,0,0,0,0,0,45,0,0,0,0,0,0,0,0,0,0,0,0,0,0,0,0,0,0,0,0,0,0,0,0,83,78,78,78,78,78,78,78,78,78,78,78,78,78,78,78,78,78,78,78,78,78,78,78,78,81,0,0,0,0,0,0,0,0,51,46,46,46,46,49,0,0,0,0,0,0,0,0,0,0,0,0,0,0,0,0,0,0,0,0,0,0,0,0,0,0,0,0,0,0,0,0,8,9,36,47,47,47,47,47,47,47,47,47,34,47,47,47,47,47,47,47,47,47,47,47,47,36,47,47,47,47,47,47,47,47,47,47,47,34,47,47,47,47,47,47,47,47,47,47,47,47,47,47,36,47,47,47,47,47,47,47,47,47,47,47,47,34,47,36,47,47,47,47,34,47,47,47,47,47,47,47,47,47,47,47,47,47,47,36,47,47,47,47,34,79,79,79,51,46,46,46,145,146,46,46,46,145,78,78,144,147,144,147,144,46,46,145,146,145,146,145,78,78,78,78,78,78,144,147,144,147,144,46,46,145,146,145,146,145,78,144,46,46,49,79,79,79,83,78,78,81,79,79,79,51,46,46,49,79,79,79,83,78,78,81,79,79,79,83,78,78,81,79,79,79,83,78,78,81,109,0,109,0,109,109,0,0,0,0,0,0,0,0,109,0,0,109,0,0,109,0,0,109,0,0,0,109,0,0,0,109,0,109,0,0,0,0,0,0,0,0,0,0,0,0,0,0,0,0,0,0,0,0,0,0,0,0,0,0,0,0,0,0,0,109,0,109,0,109,109,0,0,0,0,0,0,0,0,0,109,0,0,109,0,0,109,0,0,109,109,0,0,109,0,0,109,0,0,109,0,0,0,0,0,0,0,0,0,0,0,0,0,0,0,0,0,0,0,0,0,0,0,0,0,0,0,98,0,172,0,0,0,0,0,195,196,0,144,39,47,47,47,47,47,47,47,47,47,47,47,47,47,47,47,47,47,47,47,47,47,47,47,47,47,47,47,47,47,47,47,47,47,47,47,47,47,45,111,111,111,111,111,111,111,45,47,47,45,111,111,111,111,111,111,111,111,111,45,47,47,45,111,111,45,47,47,47,47,47,45,111,111,111,111,111,111,111,111,111,111,111,111,111,111,111,111,111,111,111,111,111,45,47,45,111,111,111,111,45,111,111,111,111,37,41,47,47,47,47,47,47,47,47,47,47,42,38,111,111,37,33,38,111,111,111,111,111,111,36,47,47,47,47,47,34,36,47,47,47,47,47,34,12,12,82,12,12,69,65,65,65,65,79,65,65,65,65,79,65,65,70,12,12,12,12,12,12,12,12,12,12,12,12,12,12,10,11,68,66,12,12,68,79,66,12,12,12,68,79,66,0,0,0,0,0,0,36,47,47,47,47,47,47,47,47,47,47,47,47
0,0,0,0,0,0,0,0,0,148,149,33,33,38,122,117,121,37,33,33,164,47,47,47,47,34,111,111,111,111,111,111,111,36,47,47,34,111,111,111,111,36,34,12,12,48,12,12,12,45,12,12,12,36,34,12,8,9,12,8,9,12,12,12,12,12,12,12,12,12,8,9,12,12,12,12,12,12,12,12,12,12,12,12,12,37,33,33,33,38,12,8,9,12,12,12,12,12,12,12,12,12,12,12,12,12,37,38,12,8,9,12,12,111,111,12,12,119,120,121,12,12,12,12,12,12,12,12,12,12,12,36,47,47,47,47,47,47,47,47,47,47,47,47,47,47,47,47,47,34,111,111,111,111,36,47,47,47,47,47,47,47,47,47,47,47,34,0,0,0,0,0,0,0,0,0,0,0,0,0,0,0,0,0,36,47,34,111,111,111,111,111,111,111,111,111,111,111,111,111,111,111,111,111,36,47,34,111,111,111,36,47,47,47,47,34,111,111,36,47,47,47,47,34,111,111,36,47,47,47,47,34,111,111,36,47,47,47,47,34,111,45,111,45,111,45,111,45,111,45,111,36,47,47,47,47,34,111,36,47,47,47,47,47,47,34,111,111,36,47,47,47,47,47,47,34,111,111,111,111,111,111,36,47,47,47,47,47,47,47,47,47,47,47,47,47,47,34,111,111,111,111,111,111,36,47,47,47,47,47,47,47,47,47,47,47,47,47,47,47,47,47,47,47,47,47,47,111,111,111,111,111,111,111,111,111,111,111,111,111,111,111,111,111,111,111,111,111,111,111,111,111,111,111,111,111,111,111,111,111,111,111,111,36,47,34,111,111,45,0,0,0,0,0,0,0,0,0,0,0,0,0,0,0,0,0,0,0,0,0,0,0,0,0,0,0,0,0,0,0,0,0,0,0,0,0,0,0,0,0,0,0,0,0,0,0,0,0,0,0,0,0,0,0,0,0,0,0,0,0,0,0,0,0,0,0,0,0,0,0,0,0,0,0,0,0,0,0,0,0,0,0,0,0,0,0,0,0,0,0,0,0,0,45,0,0,0,0,0,0,0,0,0,0,0,0,0,0,0,0,0,0,0,0,0,0,0,0,51,46,46,46,46,46,46,46,46,46,46,46,46,46,46,46,46,46,46,46,46,46,46,46,46,49,0,0,0,0,0,0,0,0,51,46,46,46,46,49,0,0,0,0,0,0,0,0,0,0,0,0,0,0,0,0,0,0,0,0,0,0,0,0,0,0,0,0,0,0,0,0,10,11,36,47,47,47,47,47,47,47,47,47,34,47,47,47,47,47,47,47,47,47,47,47,47,36,47,47,47,47,47,47,47,47,47,47,47,34,47,47,47,47,47,47,47,47,47,47,47,47,47,47,36,47,47,47,47,47,47,47,47,47,47,47,47,34,47,36,47,47,47,47,34,47,47,47,47,47,47,47,47,47,47,47,47,47,47,36,47,47,47,47,34,79,79,79,83,78,78,78,146,145,78,78,78,146,46,46,147,144,147,144,147,78,78,146,145,146,145,146,46,46,46,46,46,46,147,144,147,144,147,78,78,146,145,146,145,146,46,147,78,78,81,79,79,79,51,46,46,49,79,79,79,83,78,78,81,79,79,79,51,46,46,49,79,79,79,51,46,46,49,79,79,79,51,46,46,49,109,0,109,0,109,109,24,24,24,24,24,24,24,24,109,0,0,109,0,0,109,0,0,109,0,0,0,109,0,0,0,109,0,109,0,0,0,0,0,0,0,0,0,0,0,0,0,0,0,0,0,0,0,0,0,0,0,0,0,0,0,0,0,0,0,109,0,109,0,109,109,0,0,0,0,0,0,0,0,0,109,0,0,109,0,0,109,0,0,109,109,0,0,109,0,0,109,0,0,109,0,0,0,0,0,0,0,0,0,0,0,0,0,0,0,0,0,0,0,0,0,0,0,0,0,0,0,98,0,172,0,0,0,0,0,193,194,0,45,47,47,47,47,47,47,47,47,47,47,47,47,47,47,47,47,47,47,47,47,47,47,47,47,47,47,47,47,47,47,47,47,47,47,47,47,47,47,45,111,111,111,111,111,111,111,45,47,47,45,111,111,111,111,111,111,111,111,111,45,47,47,45,111,111,45,47,47,47,47,47,45,111,111,111,111,111,111,111,111,111,111,111,111,111,111,111,111,111,111,111,111,111,45,47,45,111,111,111,111,45,111,111,111,111,36,47,47,47,47,47,47,47,47,47,47,47,47,34,111,111,36,47,34,111,111,111,111,111,111,36,47,47,47,47,47,34,36,47,47,47,47,47,34,111,111,111,111,111,68,79,79,79,79,79,79,79,79,79,79,79,79,66,111,111,111,111,111,111,111,111,111,111,111,111,111,111,111,111,68,66,111,111,68,79,66,111,111,111,68,79,66,0,0,0,0,0,0,36,47,47,47,47,47,47,47,47,47,47,47,47
