0,0,0,0,0,0,0,0,0,0,0,0,0,0,0,0,0,0,0,0,0,0,0,0,0,0,0,0,0,0,0,0,0,0,0,0,0,0,0,0,0,0,0,0,0,0,0,0,0,0,0,0,0,0,0,0,0,0,0,0,0,0,0,0,0,0,0,47,0,47,0,0,0,0,0,0,0,0,0,0,0,0,0,0,0,0,0,0,0,0,0,0,0,0,0,0,0,0,0,0,0,0,0,0,0,0,0,0,0,0,0,0,0,0,0,0,0,0,0,0,0,0,0,0,0,0,0,0,0,0,0,0,0,0,0,0,0,0,0,0,0,0,0,0,47,0,0,0,0,0,0,0,0,0,0,0,0,0,0,0,0,0,47,0,0,0,47,0,0,0,0,0,0,0,0,0,0,0,0,0,0,47,0,0,0,0,0,0,0,0,0,0,0,0,0,0,0,0,0,0,0,0,0,0,0,0,0,47,0,0,0,0,0,0,0,0,36,68,79,79,79,79,79,79,79,79,79,79,79,79,79,79,79,79,79,79,79,79,79,79,79,79,79,79,79,79,79,79,79,79,79,79,79,79,79,79,79,79,79,79,79,79,79,79,79,79,79,79,79,79,79,79,79,79,79,79,79,79,79,79,79,79,79,79,79,79,79,79,79,79,79,79,79,79,79,79,79,79,79,79,79,79,79,79,79,79,79,79,79,79,79,79,79,79,79,79,79,79,79,79,79,79,79,79,79,79,79,79,79,79,79,79,79,79,79,79,79,79,79,79,79,79,79,79,79,79,79,79,79,79,79,79,79,79,79,79,79,79,109,111,111,111,111,111,111,111,111,111,111,111,111,111,111,111,111,111,111,111,111,111,111,111,111,111,111,111,111,111,111,111,111,111,111,111,111,111,111,111,111,111,111,111,111,111,111,111,111,111,111,111,111,111,111,111,111,111,111,111,111,111,111,111,111,111,111,111,111,111,111,111,111,111,111,111,111,111,111,111,111,111,100,68,66,98,0,0,0,0,0,0,0,0,0,0,0,0,0,0,0,0,0,0,0,0,0,0,0,0,0,0,0,0,0,0,0,0,0,0,0,0,0,0,100,68,66,98,47,47,47,100,68,66,98,6,6,6,2,6,6,6,2,6,6,6,2,6,6,6,2,6,6,6,2,6,6,6,2,6,6,6,2,6,6,6,2,6,6,6,2,6,6,6,2,6,6,6,2,6,6,6,2,6,6,6,2,6,6,6,2,6,6,6,2,6,6,6,2,6,6,6,2,6,6,6,2,6,6,6,2,6,6,6,2,6,6,6,2,6,6,6,2,6,6,6,2,6,6,6,2,6,6,6,2,6,6,6,2,6,6,6,2,6,6,6,2,6,6,6,2,6,6,6,2,6,6,6,2,6,6,6,2,6,6,6,2,6,6,6,2,6,6,6,2,6,6,6,2,6,6,6,2,6,6,6,2,6,6,6,2,6,6,6,2,6,6,6,2,6,6,6,2,6,6,6,2,6,6,6,2,6,6,6,2,6,6,6,2,6,6,6,2,6,6,6,2,6,6,6,2,6,6,6,2,6,6,6,2,6,6,6,2,6,6,6,2,6,6,6,2,6,6,6,2,6,6,6,2,6,6,6,2,6,6,6,2,6,6,6,2,6,6,6,2,6,6,6,2,6,6,6,2,6,6,6,2,6,6,6,2,6,6,6,2,6,6,6,2,6,6,6,2,6,6,6,2,6,6,6,2,6,6,6,2,6,6,6,2,6,6,6,2,6,6,6,2,6,6,6,2,6,6,6,2,6,6,6,2,6,6,6,2,6,6,6,2,6,6,6,2,6,6,6,2,6,6,6,2,6,6,6,2,6,6,6,2,6,6,6,2,6,6,6,2,6,6,6,2,6,6,6,2,6,6,6,2,6,6,6,2,6,6,6,2,6,6,6,2,6,6,6,2,6,6,6,2,6,6,6,2,6,6,6,2,6,6,6,2,6,6,6,2,6,6,6,2,6,6,6,2,6,6,6,2,6,6,6,2,6,6,6,2,6,6,6,2,6,6,6,2,6,6,6,2,6,6,6,2,6,6,6,2,6,6,6,2,6,6,6,2,6,6,6,2,6,6,6,2,6,6,6,2,6,6,6,2,6,68,36,47,47,47,47,47,47,47,47,47,47,47,47,47,47,47,47,47,47,47,47,47,47,47,47,47,47,47,47,47,47,47,47,47,47,147,79,147,0,0,0,0,0,0,0,0,0,0,0,0,0,0,0,0,0,0,0,0,0,0,0,0,0,0,0,0,0,0,0,0,0,0,0,0,0,0,0,0,0,77,0,77,0,0,0,0,0,0,0,0,0,0,0,0,0,0,0,0,0,0,0,0,0,0,0,0,0,0,0,0,0,0,0,0,0,0,0,0,0,0,0,0,0,0,0,0,0,0,0,0,0,0,0,0,0,0,0,0,0,0,0,0,0,0,0,0,0,0,0,0,0,0,0,0,0,0,0,0,0,0,0,0,0,0,0,0,0,0,0,0,0,0,0,0,0,0,0,0,0,0,0,0,0,0,0,2,6,6,6,2,6,6,6,2,6,6,6,2,6,6,6,2,6,6,6,2,6,6,6,2,6,6,6,2,6,6,6,2,6,6,6,2,6,6,6,2,6,6,6,2,6,6,6,2,6,6,6,2,6,6,6,2,6
0,0,0,0,0,0,0,0,0,0,0,0,0,0,0,0,0,0,0,0,0,0,0,0,0,0,0,0,0,0,0,0,0,0,0,0,0,0,0,0,0,0,0,0,0,0,0,0,0,0,0,0,0,0,0,0,0,0,0,0,0,0,0,0,0,0,0,47,0,47,0,0,0,0,0,0,0,0,0,0,0,0,0,0,0,0,0,0,0,0,0,0,0,0,0,0,0,0,0,0,0,0,0,0,0,0,0,0,0,0,0,0,0,0,0,0,0,0,0,0,0,0,0,0,0,0,0,0,0,0,0,0,0,0,0,0,0,0,0,0,0,0,0,0,47,0,0,0,0,0,0,0,0,0,0,0,0,0,0,0,0,0,47,0,0,0,47,0,0,0,0,0,0,0,0,0,0,0,0,0,0,47,0,0,0,0,0,0,0,0,0,0,0,0,0,0,0,0,0,0,0,0,0,0,0,0,0,47,0,0,0,0,0,0,0,0,36,68,79,79,79,79,79,79,79,79,79,79,79,79,79,79,79,79,79,79,79,79,79,79,79,79,79,79,79,79,79,79,79,79,79,79,79,79,79,79,79,79,79,79,79,79,79,79,79,79,79,79,79,79,79,79,79,79,79,79,79,79,79,79,79,79,79,79,79,79,79,79,79,79,79,79,79,79,79,79,79,79,79,79,79,79,79,79,79,79,79,79,79,79,79,79,79,79,79,79,79,79,79,79,79,79,79,79,79,79,79,79,79,79,79,79,79,79,79,79,79,79,79,79,79,79,79,79,79,79,79,79,79,79,79,79,79,79,79,79,79,79,109,111,111,111,111,111,111,111,111,111,111,111,111,111,111,111,111,111,111,111,111,111,111,111,111,111,111,111,111,111,111,111,111,111,111,111,111,111,111,111,111,111,111,111,111,111,111,111,111,111,111,111,111,111,111,111,111,111,111,111,111,111,111,111,111,111,111,111,111,111,111,111,111,111,111,111,111,111,111,111,111,111,100,68,66,98,0,0,0,0,0,0,0,0,0,0,0,0,0,0,0,0,0,0,0,0,0,0,0,0,0,0,0,0,0,0,0,0,0,0,0,0,0,0,100,68,66,98,0,0,0,100,68,66,98,6,6,6,2,6,6,6,2,6,6,6,2,6,6,6,2,6,6,6,2,6,6,6,2,6,6,6,2,6,6,6,2,6,6,6,2,6,6,6,2,6,6,6,2,6,6,6,2,6,6,6,2,6,6,6,2,6,6,6,2,6,6,6,2,6,6,6,2,6,6,6,2,6,6,6,2,6,6,6,2,6,6,6,2,6,6,6,2,6,6,6,2,6,6,6,2,6,6,6,2,6,6,6,2,6,6,6,2,6,6,6,2,6,6,6,2,6,6,6,2,6,6,6,2,6,6,6,2,6,6,6,2,6,6,6,2,6,6,6,2,6,6,6,2,6,6,6,2,6,6,6,2,6,6,6,2,6,6,6,2,6,6,6,2,6,6,6,2,6,6,6,2,6,6,6,2,6,6,6,2,6,6,6,2,6,6,6,2,6,6,6,2,6,6,6,2,6,6,6,2,6,6,6,2,6,6,6,2,6,6,6,2,6,6,6,2,6,6,6,2,6,6,6,2,6,6,6,2,6,6,6,2,6,6,6,2,6,6,6,2,6,6,6,2,6,6,6,2,6,6,6,2,6,6,6,2,6,6,6,2,6,6,6,2,6,6,6,2,6,6,6,2,6,6,6,2,6,6,6,2,6,6,6,2,6,6,6,2,6,6,6,2,6,6,6,2,6,6,6,2,6,6,6,2,6,6,6,2,6,6,6,2,6,6,6,2,6,6,6,2,6,6,6,2,6,6,6,2,6,6,6,2,6,6,6,2,6,6,6,2,6,6,6,2,6,6,6,2,6,6,6,2,6,6,6,2,6,6,6,2,6,6,6,2,6,6,6,2,6,6,6,2,6,6,6,2,6,6,6,2,6,6,6,2,6,6,6,2,6,6,6,2,6,6,6,2,6,6,6,2,6,6,6,2,6,6,6,2,6,6,6,2,6,6,6,2,6,6,6,2,6,6,6,2,6,6,6,2,6,6,6,2,6,6,6,2,6,6,6,2,6,6,6,2,6,6,6,2,6,6,6,2,6,68,36,47,47,47,47,47,47,47,47,47,47,47,47,47,47,47,47,47,47,47,47,47,47,47,47,47,47,47,47,47,47,47,47,47,147,79,147,0,0,0,0,0,0,0,0,0,0,0,0,0,0,0,0,0,0,0,0,0,0,0,0,0,0,0,0,0,0,0,0,0,0,0,0,0,0,0,0,0,0,77,0,77,0,0,0,0,0,0,0,0,0,0,0,0,0,0,0,0,0,0,0,0,0,0,0,0,0,0,0,0,0,0,0,0,0,0,0,0,0,0,0,0,0,0,0,0,0,0,0,0,0,0,0,0,0,0,0,0,0,0,0,0,0,0,0,0,0,0,0,0,0,0,0,0,0,0,0,0,0,0,0,0,0,0,0,0,0,0,0,0,0,0,0,0,0,0,0,0,0,0,0,0,0,0,0,2,6,6,6,2,6,6,6,2,6,6,6,2,6,6,6,2,6,6,6,2,6,6,6,2,6,6,6,2,6,6,6,2,6,6,6,2,6,6,6,2,6,6,6,2,6,6,6,2,6,6,6,2,6,6,6,2,6
0,0,0,0,0,0,0,0,0,0,0,0,0,0,0,0,0,0,0,0,0,0,0,0,0,0,0,0,0,0,0,0,0,0,0,0,0,0,0,0,0,0,0,0,0,0,0,0,0,0,0,0,0,0,0,0,0,0,0,0,0,0,0,0,0,0,0,47,0,47,0,0,0,0,0,0,0,0,0,0,0,0,0,0,0,0,0,0,0,0,0,0,0,0,0,0,0,0,0,0,0,0,0,0,0,0,0,0,0,0,0,0,0,0,0,0,0,0,0,0,0,0,0,0,0,0,0,0,0,0,0,0,0,0,0,0,0,0,0,0,0,0,0,0,47,0,0,0,0,0,0,0,0,0,0,0,0,0,0,0,0,0,47,0,0,0,47,0,0,0,0,0,0,0,0,0,0,0,0,0,0,47,0,0,0,0,0,0,0,0,0,0,0,0,0,0,0,0,0,0,0,0,0,0,0,0,0,47,0,0,0,0,0,0,0,0,36,68,79,79,79,79,79,79,79,79,79,79,79,79,79,79,79,79,79,79,79,79,79,79,79,79,79,79,79,79,79,79,79,79,79,79,79,79,79,79,79,79,79,79,79,79,79,79,79,79,79,79,79,79,79,79,79,79,79,79,79,79,79,79,79,79,79,79,79,79,79,79,79,79,79,79,79,79,79,79,79,79,79,79,79,79,79,79,79,79,79,79,79,79,79,79,79,79,79,79,79,79,79,79,79,79,79,79,79,79,79,79,79,79,79,79,79,79,79,79,79,79,79,79,79,79,79,79,79,79,79,79,79,79,79,79,79,79,79,79,79,79,109,111,111,111,111,111,111,111,111,111,111,111,111,111,111,111,111,111,111,111,111,111,111,111,111,111,111,111,111,111,111,111,111,111,111,111,111,111,111,111,111,111,111,111,111,111,111,111,111,111,111,111,111,111,111,111,111,111,111,111,111,111,111,111,111,111,111,111,111,111,111,111,111,111,111,111,111,111,111,111,111,111,100,68,66,98,0,0,0,0,0,0,0,0,0,0,0,0,0,0,0,0,0,0,0,0,0,0,0,0,0,0,0,0,0,0,0,0,0,0,0,0,0,0,100,68,66,98,47,47,47,100,68,66,98,6,6,6,2,6,6,6,2,6,6,6,2,6,6,6,2,6,6,6,2,6,6,6,2,6,6,6,2,6,6,6,2,6,6,6,2,6,6,6,2,6,6,6,2,6,6,6,2,6,6,6,2,6,6,6,2,6,6,6,2,6,6,6,2,6,6,6,2,6,6,6,2,6,6,6,2,6,6,6,2,6,6,6,2,6,6,6,2,6,6,6,2,6,6,6,2,6,6,6,2,6,6,6,2,6,6,6,2,6,6,6,2,6,6,6,2,6,6,6,2,6,6,6,2,6,6,6,2,6,6,6,2,6,6,6,2,6,6,6,2,6,6,6,2,6,6,6,2,6,6,6,2,6,6,6,2,6,6,6,2,6,6,6,2,6,6,6,2,6,6,6,2,6,6,6,2,6,6,6,2,6,6,6,2,6,6,6,2,6,6,6,2,6,6,6,2,6,6,6,2,6,6,6,2,6,6,6,2,6,6,6,2,6,6,6,2,6,6,6,2,6,6,6,2,6,6,6,2,6,6,6,2,6,6,6,2,6,6,6,2,6,6,6,2,6,6,6,2,6,6,6,2,6,6,6,2,6,6,6,2,6,6,6,2,6,6,6,2,6,6,6,2,6,6,6,2,6,6,6,2,6,6,6,2,6,6,6,2,6,6,6,2,6,6,6,2,6,6,6,2,6,6,6,2,6,6,6,2,6,6,6,2,6,6,6,2,6,6,6,2,6,6,6,2,6,6,6,2,6,6,6,2,6,6,6,2,6,6,6,2,6,6,6,2,6,6,6,2,6,6,6,2,6,6,6,2,6,6,6,2,6,6,6,2,6,6,6,2,6,6,6,2,6,6,6,2,6,6,6,2,6,6,6,2,6,6,6,2,6,6,6,2,6,6,6,2,6,6,6,2,6,6,6,2,6,6,6,2,6,6,6,2,6,6,6,2,6,6,6,2,6,6,6,2,6,6,6,2,6,6,6,2,6,6,6,2,6,6,6,2,6,6,6,2,6,6,6,2,6,6,6,2,6,68,36,47,47,47,47,47,47,47,47,47,47,47,47,47,47,47,47,47,47,47,47,47,47,47,47,47,47,47,47,47,47,47,47,147,79,147,0,0,0,0,0,0,0,0,0,0,0,0,0,0,0,0,0,0,0,0,0,0,0,0,0,0,0,0,0,0,0,0,0,0,0,0,0,0,0,0,0,0,0,77,0,77,0,0,0,0,0,0,0,0,0,0,0,0,0,0,0,0,0,0,0,0,0,0,0,0,0,0,0,0,0,0,0,0,0,0,0,0,0,0,0,0,0,0,0,0,0,0,0,0,0,0,0,0,0,0,0,0,0,0,0,0,0,0,0,0,0,0,0,0,0,0,0,0,0,0,0,0,0,0,0,0,0,0,0,0,0,0,0,0,0,0,0,0,0,0,0,0,0,0,0,0,0,0,0,2,6,6,6,2,6,6,6,2,6,6,6,2,6,6,6,2,6,6,6,2,6,6,6,2,6,6,6,2,6,6,6,2,6,6,6,2,6,6,6,2,6,6,6,2,6,6,6,2,6,6,6,2,6,6,6,2,6
0,0,0,0,0,0,0,0,0,0,0,0,0,0,0,0,0,0,0,0,0,0,0,0,0,0,0,0,0,0,0,0,0,0,0,0,0,0,0,0,0,0,0,0,0,0,0,0,0,0,0,0,0,0,0,0,0,0,0,0,0,0,0,0,0,0,0,47,0,47,0,0,0,0,0,0,0,0,0,0,0,0,0,0,0,0,0,0,0,0,0,0,0,0,0,0,0,0,0,0,0,0,0,0,0,0,0,0,0,0,0,0,0,0,0,0,0,0,0,0,0,0,0,0,0,0,0,0,0,0,0,0,0,0,0,0,0,0,0,0,0,0,0,0,47,0,0,0,0,0,0,0,0,0,0,0,0,0,0,0,0,0,47,0,0,0,47,0,0,0,0,0,0,0,0,0,0,0,0,0,0,47,0,0,0,0,0,0,0,0,0,0,0,0,0,0,0,0,0,0,0,0,0,0,0,0,0,47,0,0,0,0,0,0,0,0,36,68,79,79,79,79,79,79,79,79,79,79,79,79,79,79,79,79,79,79,79,79,79,79,79,79,79,79,79,79,79,79,79,79,79,79,79,79,79,79,79,79,79,79,79,79,79,79,79,79,79,79,79,79,79,79,79,79,79,79,79,79,79,79,79,79,79,79,79,79,79,79,79,79,79,79,79,79,79,79,79,79,79,79,79,79,79,79,79,79,79,79,79,79,79,79,79,79,79,79,79,79,79,79,79,79,79,79,79,79,79,79,79,79,79,79,79,79,79,79,79,79,79,79,79,79,79,79,79,79,79,79,79,79,79,79,79,79,79,79,79,79,109,111,111,111,111,111,111,111,111,111,111,111,111,111,111,111,111,111,111,111,111,111,111,111,111,111,111,111,111,111,111,111,111,111,111,111,111,111,111,111,111,111,111,111,111,111,111,111,111,111,111,111,111,111,111,111,111,111,111,111,111,111,111,111,111,111,111,111,111,111,111,111,111,111,111,111,111,111,111,111,111,124,100,68,66,98,0,0,0,0,0,0,0,0,0,0,0,0,0,0,0,0,0,0,0,0,0,0,0,0,0,0,0,0,0,0,0,0,0,0,0,0,0,0,100,68,66,98,0,0,0,100,68,66,98,6,6,6,2,6,6,6,2,6,6,6,2,6,6,6,2,6,6,6,2,6,6,6,2,6,6,6,2,6,6,6,2,6,6,6,2,6,6,6,2,6,6,6,2,6,6,6,2,6,6,6,2,6,6,6,2,6,6,6,2,6,6,6,2,6,6,6,2,6,6,6,2,6,6,6,2,6,6,6,2,6,6,6,2,6,6,6,2,6,6,6,2,6,6,6,2,6,6,6,2,6,6,6,2,6,6,6,2,6,6,6,2,6,6,6,2,6,6,6,2,6,6,6,2,6,6,6,2,6,6,6,2,6,6,6,2,6,6,6,2,6,6,6,2,6,6,6,2,6,6,6,2,6,6,6,2,6,6,6,2,6,6,6,2,6,6,6,2,6,6,6,2,6,6,6,2,6,6,6,2,6,6,6,2,6,6,6,2,6,6,6,2,6,6,6,2,6,6,6,2,6,6,6,2,6,6,6,2,6,6,6,2,6,6,6,2,6,6,6,2,6,6,6,2,6,6,6,2,6,6,6,2,6,6,6,2,6,6,6,2,6,6,6,2,6,6,6,2,6,6,6,2,6,6,6,2,6,6,6,2,6,6,6,2,6,6,6,2,6,6,6,2,6,6,6,2,6,6,6,2,6,6,6,2,6,6,6,2,6,6,6,2,6,6,6,2,6,6,6,2,6,6,6,2,6,6,6,2,6,6,6,2,6,6,6,2,6,6,6,2,6,6,6,2,6,6,6,2,6,6,6,2,6,6,6,2,6,6,6,2,6,6,6,2,6,6,6,2,6,6,6,2,6,6,6,2,6,6,6,2,6,6,6,2,6,6,6,2,6,6,6,2,6,6,6,2,6,6,6,2,6,6,6,2,6,6,6,2,6,6,6,2,6,6,6,2,6,6,6,2,6,6,6,2,6,6,6,2,6,6,6,2,6,6,6,2,6,6,6,2,6,6,6,2,6,6,6,2,6,6,6,2,6,6,6,2,6,6,6,2,6,6,6,2,6,6,6,2,6,6,6,2,6,68,36,47,47,47,47,47,47,47,47,47,47,47,47,47,47,47,47,47,47,47,47,47,47,47,47,47,47,47,47,47,47,47,147,79,147,0,0,0,0,0,0,0,0,0,0,0,0,0,0,0,0,0,0,0,0,0,0,0,0,0,0,0,0,0,0,0,0,0,0,0,0,0,0,0,0,0,0,0,0,77,0,77,0,0,0,0,0,0,0,0,0,0,0,0,0,0,0,0,0,0,0,0,0,0,0,0,0,0,0,0,0,0,0,0,0,0,0,0,0,0,0,0,0,0,0,0,0,0,0,0,0,0,0,0,0,0,0,0,0,0,0,0,0,0,0,0,0,0,0,0,0,0,0,0,0,0,0,0,0,0,0,0,0,0,0,0,0,0,0,0,0,0,0,0,0,0,0,0,0,0,0,0,0,0,0,2,6,6,6,2,6,6,6,2,6,6,6,2,6,6,6,2,6,6,6,2,6,6,6,2,6,6,6,2,6,6,6,2,6,6,6,2,6,6,6,2,6,6,6,2,6,6,6,2,6,6,6,2,6,6,6,2,6
0,0,0,0,0,0,0,0,0,0,0,0,0,0,0,0,0,0,0,0,0,0,0,0,0,0,0,0,0,0,0,0,0,0,0,0,0,0,0,0,0,0,0,0,0,0,0,0,0,0,0,0,0,0,0,0,0,0,0,0,0,0,0,0,0,0,0,47,0,47,0,0,0,0,0,0,0,0,0,0,0,0,0,0,0,0,0,0,0,0,0,0,0,0,0,0,0,0,0,0,0,0,0,0,0,0,0,0,0,0,0,0,0,0,0,0,0,0,0,0,0,0,0,0,0,0,0,0,0,0,0,0,0,0,0,0,0,0,0,0,0,0,0,0,47,0,0,0,0,0,0,0,0,0,0,0,0,0,0,0,0,0,47,0,0,0,47,0,0,0,0,0,0,0,0,0,0,0,0,0,0,47,0,0,0,0,0,0,0,0,0,0,0,0,0,0,0,0,0,0,0,0,0,0,0,0,0,47,0,0,0,0,0,0,0,0,36,68,79,79,79,79,79,79,79,79,79,79,79,79,79,79,79,79,79,79,79,79,79,79,79,79,79,79,79,79,79,79,79,79,79,79,79,79,79,79,79,79,79,79,79,79,79,79,79,79,79,79,79,79,79,79,79,79,79,79,79,79,79,79,79,79,79,79,79,79,79,79,79,79,79,79,79,79,79,79,79,79,79,79,79,79,79,79,79,79,79,79,79,79,79,79,79,79,79,79,79,79,79,79,79,79,79,79,79,79,79,79,79,79,79,79,79,79,79,79,79,79,79,79,79,79,79,79,79,79,79,79,79,79,79,79,79,79,79,79,79,79,109,111,111,111,111,111,111,111,111,111,111,111,111,111,111,111,111,111,111,111,111,111,111,111,111,111,111,111,111,111,111,111,111,111,111,111,111,111,111,111,111,111,111,111,111,111,111,111,111,111,111,111,111,111,111,111,111,111,111,111,111,111,111,111,111,111,111,111,111,111,111,111,111,111,111,111,111,111,111,111,124,0,100,68,66,98,0,0,0,0,0,0,0,0,0,0,0,0,0,0,0,0,0,0,0,0,0,0,0,0,0,0,0,0,0,0,0,0,0,0,0,0,0,0,100,68,66,98,47,47,47,100,68,66,98,6,6,6,2,6,6,6,2,6,6,6,2,6,6,6,2,6,6,6,2,6,6,6,2,6,6,6,2,6,6,6,2,6,6,6,2,6,6,6,2,6,6,6,2,6,6,6,2,6,6,6,2,6,6,6,2,6,6,6,2,6,6,6,2,6,6,6,2,6,6,6,2,6,6,6,2,6,6,6,2,6,6,6,2,6,6,6,2,6,6,6,2,6,6,6,2,6,6,6,2,6,6,6,2,6,6,6,2,6,6,6,2,6,6,6,2,6,6,6,2,6,6,6,2,6,6,6,2,6,6,6,2,6,6,6,2,6,6,6,2,6,6,6,2,6,6,6,2,6,6,6,2,6,6,6,2,6,6,6,2,6,6,6,2,6,6,6,2,6,6,6,2,6,6,6,2,6,6,6,2,6,6,6,2,6,6,6,2,6,6,6,2,6,6,6,2,6,6,6,2,6,6,6,2,6,6,6,2,6,6,6,2,6,6,6,2,6,6,6,2,6,6,6,2,6,6,6,2,6,6,6,2,6,6,6,2,6,6,6,2,6,6,6,2,6,6,6,2,6,6,6,2,6,6,6,2,6,6,6,2,6,6,6,2,6,6,6,2,6,6,6,2,6,6,6,2,6,6,6,2,6,6,6,2,6,6,6,2,6,6,6,2,6,6,6,2,6,6,6,2,6,6,6,2,6,6,6,2,6,6,6,2,6,6,6,2,6,6,6,2,6,6,6,2,6,6,6,2,6,6,6,2,6,6,6,2,6,6,6,2,6,6,6,2,6,6,6,2,6,6,6,2,6,6,6,2,6,6,6,2,6,6,6,2,6,6,6,2,6,6,6,2,6,6,6,2,6,6,6,2,6,6,6,2,6,6,6,2,6,6,6,2,6,6,6,2,6,6,6,2,6,6,6,2,6,6,6,2,6,6,6,2,6,6,6,2,6,6,6,2,6,6,6,2,6,6,6,2,6,6,6,2,6,6,6,2,6,6,6,2,6,6,6,2,6,6,6,2,6,6,6,2,6,68,36,47,47,47,47,47,47,47,47,47,47,47,47,47,47,47,47,47,47,47,47,47,47,47,47,47,47,47,47,47,47,147,79,147,0,0,0,0,0,0,0,0,0,0,0,0,0,0,0,0,0,0,0,0,0,0,0,0,0,0,0,0,0,0,0,0,0,0,0,0,0,0,0,0,0,0,0,0,0,77,0,77,0,0,0,0,0,0,0,0,0,0,0,0,0,0,0,0,0,0,0,0,0,0,0,0,0,0,0,0,0,0,0,0,0,0,0,0,0,0,0,0,0,0,0,0,0,0,0,0,0,0,0,0,0,0,0,0,0,0,0,0,0,0,0,0,0,0,0,0,0,0,0,0,0,0,0,0,0,0,0,0,0,0,0,0,0,0,0,0,0,0,0,0,0,0,0,0,0,0,0,0,0,0,0,2,6,6,6,2,6,6,6,2,6,6,6,2,6,6,6,2,6,6,6,2,6,6,6,2,6,6,6,2,6,6,6,2,6,6,6,2,6,6,6,2,6,6,6,2,6,6,6,2,6,6,6,2,6,6,6,2,6
0,0,0,0,0,0,0,0,0,0,0,0,0,0,0,0,0,0,0,0,0,0,0,0,0,0,0,0,0,0,0,0,0,0,0,0,0,0,0,0,0,0,0,0,0,0,0,0,0,0,0,0,0,0,0,0,0,0,0,0,0,0,0,0,0,0,0,47,0,47,0,0,0,0,0,0,0,0,0,0,0,0,0,0,0,0,0,0,0,0,0,0,0,0,0,0,0,0,0,0,0,0,0,0,0,0,0,0,0,0,0,0,0,0,0,0,0,0,0,0,0,0,0,0,0,0,0,0,0,0,0,0,0,0,0,0,0,0,0,0,0,0,0,0,47,0,0,0,0,0,0,0,0,0,0,0,0,0,0,0,0,0,47,0,0,0,47,0,0,0,0,0,0,0,0,0,0,0,0,0,0,47,0,0,0,0,0,0,0,0,0,0,0,0,0,0,0,0,0,0,0,0,0,0,0,0,0,47,0,0,0,0,0,0,0,0,36,68,79,79,79,79,79,79,79,79,79,79,79,79,79,79,79,79,79,79,79,79,79,79,79,79,79,79,79,79,79,79,79,79,79,79,79,79,79,79,79,79,79,79,79,79,79,79,79,79,79,79,79,79,79,79,79,79,79,79,79,79,79,79,79,79,79,79,79,79,79,79,79,79,79,79,79,79,79,79,79,79,79,79,79,79,79,79,79,79,79,79,79,79,79,79,79,79,79,79,79,79,79,79,79,79,79,79,79,79,79,79,79,79,79,79,79,79,79,79,79,79,79,79,79,79,79,79,79,79,79,79,79,79,79,79,79,79,79,79,79,79,109,111,111,111,111,111,111,111,111,111,111,111,111,111,111,111,111,111,111,111,111,111,111,111,111,111,111,111,111,111,111,111,111,111,111,111,111,111,111,111,111,111,111,111,111,111,111,111,111,111,111,111,111,111,111,111,111,111,111,111,111,111,111,111,111,111,111,111,111,111,111,111,111,111,111,111,111,111,111,124,0,0,100,68,66,98,0,0,0,0,0,0,0,0,0,0,0,0,0,0,0,0,0,0,0,0,0,0,0,0,0,0,0,0,0,0,0,0,0,0,0,0,0,0,100,68,66,98,0,0,0,100,68,66,98,6,6,6,2,6,6,6,2,6,6,6,2,6,6,6,2,6,6,6,2,6,6,6,2,6,6,6,2,6,6,6,2,6,6,6,2,6,6,6,2,6,6,6,2,6,6,6,2,6,6,6,2,6,6,6,2,6,6,6,2,6,6,6,2,6,6,6,2,6,6,6,2,6,6,6,2,6,6,6,2,6,6,6,2,6,6,6,2,6,6,6,2,6,6,6,2,6,6,6,2,6,6,6,2,6,6,6,2,6,6,6,2,6,6,6,2,6,6,6,2,6,6,6,2,6,6,6,2,6,6,6,2,6,6,6,2,6,6,6,2,6,6,6,2,6,6,6,2,6,6,6,2,6,6,6,2,6,6,6,2,6,6,6,2,6,6,6,2,6,6,6,2,6,6,6,2,6,6,6,2,6,6,6,2,6,6,6,2,6,6,6,2,6,6,6,2,6,6,6,2,6,6,6,2,6,6,6,2,6,6,6,2,6,6,6,2,6,6,6,2,6,6,6,2,6,6,6,2,6,6,6,2,6,6,6,2,6,6,6,2,6,6,6,2,6,6,6,2,6,6,6,2,6,6,6,2,6,6,6,2,6,6,6,2,6,6,6,2,6,6,6,2,6,6,6,2,6,6,6,2,6,6,6,2,6,6,6,2,6,6,6,2,6,6,6,2,6,6,6,2,6,6,6,2,6,6,6,2,6,6,6,2,6,6,6,2,6,6,6,2,6,6,6,2,6,6,6,2,6,6,6,2,6,6,6,2,6,6,6,2,6,6,6,2,6,6,6,2,6,6,6,2,6,6,6,2,6,6,6,2,6,6,6,2,6,6,6,2,6,6,6,2,6,6,6,2,6,6,6,2,6,6,6,2,6,6,6,2,6,6,6,2,6,6,6,2,6,6,6,2,6,6,6,2,6,6,6,2,6,6,6,2,6,6,6,2,6,6,6,2,6,6,6,2,6,6,6,2,6,6,6,2,6,6,6,2,6,6,6,2,6,6,6,2,6,6,6,2,6,6,6,2,6,68,36,47,47,47,47,47,47,47,47,47,47,47,47,47,47,47,47,47,47,47,47,47,47,47,47,47,47,47,47,47,147,79,147,0,0,0,0,0,0,0,0,0,0,0,0,0,0,0,0,0,0,0,0,0,0,0,0,0,0,0,0,0,0,0,0,0,0,0,0,0,0,0,0,0,0,0,0,0,0,77,0,77,0,0,0,0,0,0,0,0,0,0,0,0,0,0,0,0,0,0,0,0,0,0,0,0,0,0,0,0,0,0,0,0,0,0,0,0,0,0,0,0,0,0,0,0,0,0,0,0,0,0,0,0,0,0,0,0,0,0,0,0,0,0,0,0,0,0,0,0,0,0,0,0,0,0,0,0,0,0,0,0,0,0,0,0,0,0,0,0,0,0,0,0,0,0,0,0,0,0,0,0,0,0,0,2,6,6,6,2,6,6,6,2,6,6,6,2,6,6,6,2,6,6,6,2,6,6,6,2,6,6,6,2,6,6,6,2,6,6,6,2,6,6,6,2,6,6,6,2,6,6,6,2,6,6,6,2,6,6,6,2,6
0,0,0,0,0,0,0,0,0,0,0,0,0,0,0,0,0,0,0,0,0,0,0,0,0,0,0,0,0,0,0,0,0,0,0,0,0,0,0,0,0,0,0,0,0,0,0,0,0,0,0,0,0,0,0,0,0,0,0,0,0,0,0,0,0,0,0,47,0,47,0,0,0,0,0,0,0,0,0,0,0,0,0,0,0,0,0,0,0,0,0,0,0,0,0,0,0,0,0,0,0,0,0,0,0,0,0,0,0,0,0,0,0,0,0,0,0,0,0,0,0,0,0,0,0,0,0,0,0,0,0,0,0,0,0,0,0,0,0,0,0,0,0,0,47,0,0,0,0,0,0,0,0,0,0,0,0,0,0,0,0,0,47,0,0,0,47,0,0,0,0,0,0,0,0,0,0,0,0,0,0,47,0,0,0,0,0,0,0,0,0,0,0,0,0,0,0,0,0,0,0,0,0,0,0,0,0,47,0,0,0,0,0,0,0,0,36,68,79,79,79,79,79,79,79,79,79,79,79,79,79,79,79,79,79,79,79,79,79,79,79,79,79,79,79,79,79,79,79,79,79,79,79,79,79,79,79,79,79,79,79,79,79,79,79,79,79,79,79,79,79,79,79,79,79,79,79,79,79,79,79,79,79,79,79,79,79,79,79,79,79,79,79,79,79,79,79,79,79,79,79,79,79,79,79,79,79,79,79,79,79,79,79,79,79,79,79,79,79,79,79,79,79,79,79,79,79,79,79,79,79,79,79,79,79,79,79,79,79,79,79,79,79,79,79,79,79,79,79,79,79,79,79,79,79,79,79,79,109,111,111,111,111,111,111,111,111,111,111,111,111,111,111,111,111,111,111,111,111,111,111,111,111,111,111,111,111,111,111,111,111,111,111,111,111,111,111,111,111,111,111,111,111,111,111,111,111,111,111,111,111,111,111,111,111,111,111,111,111,111,111,111,111,111,111,111,111,111,111,111,111,111,111,111,111,111,124,0,0,0,100,68,66,98,0,0,0,0,0,0,0,0,0,0,0,0,0,0,0,0,0,0,0,0,0,0,0,0,0,0,0,0,0,0,0,0,0,0,0,0,0,0,100,68,66,98,47,47,47,100,68,66,98,6,6,6,2,6,6,6,2,6,6,6,2,6,6,6,2,6,6,6,2,6,6,6,2,6,6,6,2,6,6,6,2,6,6,6,2,6,6,6,2,6,6,6,2,6,6,6,2,6,6,6,2,6,6,6,2,6,6,6,2,6,6,6,2,6,6,6,2,6,6,6,2,6,6,6,2,6,6,6,2,6,6,6,2,6,6,6,2,6,6,6,2,6,6,6,2,6,6,6,2,6,6,6,2,6,6,6,2,6,6,6,2,6,6,6,2,6,6,6,2,6,6,6,2,6,6,6,2,6,6,6,2,6,6,6,2,6,6,6,2,6,6,6,2,6,6,6,2,6,6,6,2,6,6,6,2,6,6,6,2,6,6,6,2,6,6,6,2,6,6,6,2,6,6,6,2,6,6,6,2,6,6,6,2,6,6,6,2,6,6,6,2,6,6,6,2,6,6,6,2,6,6,6,2,6,6,6,2,6,6,6,2,6,6,6,2,6,6,6,2,6,6,6,2,6,6,6,2,6,6,6,2,6,6,6,2,6,6,6,2,6,6,6,2,6,6,6,2,6,6,6,2,6,6,6,2,6,6,6,2,6,6,6,2,6,6,6,2,6,6,6,2,6,6,6,2,6,6,6,2,6,6,6,2,6,6,6,2,6,6,6,2,6,6,6,2,6,6,6,2,6,6,6,2,6,6,6,2,6,6,6,2,6,6,6,2,6,6,6,2,6,6,6,2,6,6,6,2,6,6,6,2,6,6,6,2,6,6,6,2,6,6,6,2,6,6,6,2,6,6,6,2,6,6,6,2,6,6,6,2,6,6,6,2,6,6,6,2,6,6,6,2,6,6,6,2,6,6,6,2,6,6,6,2,6,6,6,2,6,6,6,2,6,6,6,2,6,6,6,2,6,6,6,2,6,6,6,2,6,6,6,2,6,6,6,2,6,6,6,2,6,6,6,2,6,6,6,2,6,6,6,2,6,6,6,2,6,6,6,2,6,6,6,2,6,6,6,2,6,6,6,2,6,68,36,47,47,47,47,47,47,47,47,47,47,47,47,47,47,47,47,47,47,47,47,47,47,47,47,47,47,47,47,147,79,147,0,0,0,0,0,0,0,0,0,0,0,0,0,0,0,0,0,0,0,0,0,0,0,0,0,0,0,0,0,0,0,0,0,0,0,0,0,0,0,0,0,0,0,0,0,0,0,77,0,77,0,0,0,0,0,0,0,0,0,0,0,0,0,0,0,0,0,0,0,0,0,0,0,0,0,0,0,0,0,0,0,0,0,0,0,0,0,0,0,0,0,0,0,0,0,0,0,0,0,0,0,0,0,0,0,0,0,0,0,0,0,0,0,0,0,0,0,0,0,0,0,0,0,0,0,0,0,0,0,0,0,0,0,0,0,0,0,0,0,0,0,0,0,0,0,0,0,0,0,0,0,0,0,2,6,6,6,2,6,6,6,2,6,6,6,2,6,6,6,2,6,6,6,2,6,6,6,2,6,6,6,2,6,6,6,2,6,6,6,2,6,6,6,2,6,6,6,2,6,6,6,2,6,6,6,2,6,6,6,2,6
0,0,0,0,0,0,0,0,0,0,0,0,0,0,0,0,0,0,0,0,0,0,0,0,0,0,0,0,0,0,0,0,0,0,0,0,0,0,0,0,0,0,0,0,0,0,0,0,0,0,0,0,0,0,0,0,0,0,0,0,0,0,0,0,0,0,0,47,0,47,0,0,0,0,0,0,0,0,0,0,0,0,0,0,0,0,0,0,0,0,0,0,0,0,0,0,0,0,0,0,0,0,0,0,0,0,0,0,0,0,0,0,0,0,0,0,0,0,0,0,0,0,0,0,0,0,0,0,0,0,0,0,0,0,0,0,0,0,0,0,0,0,0,0,47,0,0,0,0,0,0,0,0,0,0,0,0,0,0,0,0,0,47,0,0,0,47,0,0,0,0,0,0,0,0,0,0,0,0,0,0,47,0,0,0,0,0,0,0,0,0,0,0,0,0,0,0,0,0,0,0,0,0,0,0,0,0,47,0,0,0,0,0,0,0,0,36,68,79,79,79,79,79,79,79,79,79,79,79,79,79,79,79,79,79,79,79,79,79,79,79,79,79,79,79,79,79,79,79,79,79,79,79,79,79,79,79,79,79,79,79,79,79,79,79,79,79,79,79,79,79,79,79,79,79,79,79,79,79,79,79,79,79,79,79,79,79,79,79,79,79,79,79,79,79,79,79,79,79,79,79,79,79,79,79,79,79,79,79,79,79,79,79,79,79,79,79,79,79,79,79,79,79,79,79,79,79,79,79,79,79,79,79,79,79,79,79,79,79,79,79,79,79,79,79,79,79,79,79,79,79,79,79,79,79,79,79,79,109,111,111,111,111,111,111,111,111,111,111,111,111,111,111,111,111,111,111,111,111,111,111,111,111,111,111,111,111,111,111,111,111,111,111,111,111,111,111,111,111,111,111,111,111,111,111,111,111,111,111,111,111,111,111,111,111,111,111,111,111,111,111,111,111,111,111,111,111,111,111,111,111,111,111,111,111,124,0,0,0,0,100,68,66,98,0,0,0,0,0,0,0,0,0,0,0,0,0,0,0,0,0,0,0,0,0,0,0,0,0,0,0,0,0,0,0,0,0,0,0,0,0,0,100,68,66,98,0,0,0,100,68,66,98,6,6,6,2,6,6,6,2,6,6,6,2,6,6,6,2,6,6,6,2,6,6,6,2,6,6,6,2,6,6,6,2,6,6,6,2,6,6,6,2,6,6,6,2,6,6,6,2,6,6,6,2,6,6,6,2,6,6,6,2,6,6,6,2,6,6,6,2,6,6,6,2,6,6,6,2,6,6,6,2,6,6,6,2,6,6,6,2,6,6,6,2,6,6,6,2,6,6,6,2,6,6,6,2,6,6,6,2,6,6,6,2,6,6,6,2,6,6,6,2,6,6,6,2,6,6,6,2,6,6,6,2,6,6,6,2,6,6,6,2,6,6,6,2,6,6,6,2,6,6,6,2,6,6,6,2,6,6,6,2,6,6,6,2,6,6,6,2,6,6,6,2,6,6,6,2,6,6,6,2,6,6,6,2,6,6,6,2,6,6,6,2,6,6,6,2,6,6,6,2,6,6,6,2,6,6,6,2,6,6,6,2,6,6,6,2,6,6,6,2,6,6,6,2,6,6,6,2,6,6,6,2,6,6,6,2,6,6,6,2,6,6,6,2,6,6,6,2,6,6,6,2,6,6,6,2,6,6,6,2,6,6,6,2,6,6,6,2,6,6,6,2,6,6,6,2,6,6,6,2,6,6,6,2,6,6,6,2,6,6,6,2,6,6,6,2,6,6,6,2,6,6,6,2,6,6,6,2,6,6,6,2,6,6,6,2,6,6,6,2,6,6,6,2,6,6,6,2,6,6,6,2,6,6,6,2,6,6,6,2,6,6,6,2,6,6,6,2,6,6,6,2,6,6,6,2,6,6,6,2,6,6,6,2,6,6,6,2,6,6,6,2,6,6,6,2,6,6,6,2,6,6,6,2,6,6,6,2,6,6,6,2,6,6,6,2,6,6,6,2,6,6,6,2,6,6,6,2,6,6,6,2,6,6,6,2,6,6,6,2,6,6,6,2,6,6,6,2,6,6,6,2,6,6,6,2,6,6,6,2,6,6,6,2,6,6,6,2,6,6,6,2,6,68,36,47,47,47,47,47,47,47,47,47,47,47,47,47,47,47,47,47,47,47,47,47,47,47,47,47,47,47,147,79,147,0,0,0,0,0,0,0,0,0,0,0,0,0,0,0,0,0,0,0,0,0,0,0,0,0,0,0,0,0,0,0,0,0,0,0,0,0,0,0,0,0,0,0,0,0,0,0,0,77,0,77,0,0,0,0,0,0,0,0,0,0,0,0,0,0,0,0,0,0,0,0,0,0,0,0,0,0,0,0,0,0,0,0,0,0,0,0,0,0,0,0,0,0,0,0,0,0,0,0,0,0,0,0,0,0,0,0,0,0,0,0,0,0,0,0,0,0,0,0,0,0,0,0,0,0,0,0,0,0,0,0,0,0,0,0,0,0,0,0,0,0,0,0,0,0,0,0,0,0,0,0,0,0,0,2,6,6,6,2,6,6,6,2,6,6,6,2,6,6,6,2,6,6,6,2,6,6,6,2,6,6,6,2,6,6,6,2,6,6,6,2,6,6,6,2,6,6,6,2,6,6,6,2,6,6,6,2,6,6,6,2,6
0,0,0,0,0,0,0,0,0,0,0,0,0,0,0,0,0,0,0,0,0,0,0,0,0,0,0,0,0,0,0,0,0,0,0,0,0,0,0,0,0,0,0,0,0,0,0,0,0,0,0,0,0,0,0,0,0,0,0,0,0,0,0,0,0,0,0,47,0,47,0,0,0,0,0,0,0,0,0,0,0,0,0,0,0,0,0,0,0,0,0,0,0,0,0,0,0,0,0,0,0,0,0,0,0,0,0,0,0,0,0,0,0,0,0,0,0,0,0,0,0,0,0,0,0,0,0,0,0,0,0,0,0,0,0,0,0,0,0,0,0,0,0,0,47,0,0,0,0,0,0,0,0,0,0,0,0,0,0,0,0,0,47,0,0,0,47,0,0,0,0,0,0,0,0,0,0,0,0,0,0,47,0,0,0,0,0,0,0,0,0,0,0,0,0,0,0,0,0,0,0,0,0,0,0,0,0,47,0,0,0,0,0,0,0,0,36,68,79,79,79,79,79,79,79,79,79,79,79,79,79,79,79,79,79,79,79,79,79,79,79,79,79,79,79,79,79,79,79,79,79,79,79,79,79,79,79,79,79,79,79,79,79,79,79,79,79,79,79,79,79,79,79,79,79,79,79,79,79,79,79,79,79,79,79,79,79,79,79,79,79,79,79,79,79,79,79,79,79,79,79,79,79,79,79,79,79,79,79,79,79,79,79,79,79,79,79,79,79,79,79,79,79,79,79,79,79,79,79,79,79,79,79,79,79,79,79,79,79,79,79,79,79,79,79,79,79,79,79,79,79,79,79,79,79,79,79,79,109,111,111,111,111,111,111,111,111,111,111,111,111,111,111,111,111,111,111,111,111,111,111,111,111,111,111,111,111,111,111,111,111,111,111,111,111,111,111,111,111,111,111,111,111,111,111,111,111,111,111,111,111,111,111,111,111,111,111,111,111,111,111,111,111,111,111,111,111,111,111,111,111,111,111,111,124,0,0,0,0,0,100,68,66,98,0,0,0,0,0,0,0,0,0,0,0,0,0,0,0,0,0,0,0,0,0,0,0,0,0,0,0,0,0,0,0,0,0,0,0,0,0,0,100,68,66,98,47,47,47,100,68,66,98,6,6,6,2,6,6,6,2,6,6,6,2,6,6,6,2,6,6,6,2,6,6,6,2,6,6,6,2,6,6,6,2,6,6,6,2,6,6,6,2,6,6,6,2,6,6,6,2,6,6,6,2,6,6,6,2,6,6,6,2,6,6,6,2,6,6,6,2,6,6,6,2,6,6,6,2,6,6,6,2,6,6,6,2,6,6,6,2,6,6,6,2,6,6,6,2,6,6,6,2,6,6,6,2,6,6,6,2,6,6,6,2,6,6,6,2,6,6,6,2,6,6,6,2,6,6,6,2,6,6,6,2,6,6,6,2,6,6,6,2,6,6,6,2,6,6,6,2,6,6,6,2,6,6,6,2,6,6,6,2,6,6,6,2,6,6,6,2,6,6,6,2,6,6,6,2,6,6,6,2,6,6,6,2,6,6,6,2,6,6,6,2,6,6,6,2,6,6,6,2,6,6,6,2,6,6,6,2,6,6,6,2,6,6,6,2,6,6,6,2,6,6,6,2,6,6,6,2,6,6,6,2,6,6,6,2,6,6,6,2,6,6,6,2,6,6,6,2,6,6,6,2,6,6,6,2,6,6,6,2,6,6,6,2,6,6,6,2,6,6,6,2,6,6,6,2,6,6,6,2,6,6,6,2,6,6,6,2,6,6,6,2,6,6,6,2,6,6,6,2,6,6,6,2,6,6,6,2,6,6,6,2,6,6,6,2,6,6,6,2,6,6,6,2,6,6,6,2,6,6,6,2,6,6,6,2,6,6,6,2,6,6,6,2,6,6,6,2,6,6,6,2,6,6,6,2,6,6,6,2,6,6,6,2,6,6,6,2,6,6,6,2,6,6,6,2,6,6,6,2,6,6,6,2,6,6,6,2,6,6,6,2,6,6,6,2,6,6,6,2,6,6,6,2,6,6,6,2,6,6,6,2,6,6,6,2,6,6,6,2,6,6,6,2,6,6,6,2,6,6,6,2,6,6,6,2,6,6,6,2,6,6,6,2,6,6,6,2,6,6,6,2,6,68,36,47,47,47,47,47,47,47,47,47,47,47,47,47,47,47,47,47,47,47,47,47,47,47,47,47,47,147,79,147,0,0,0,0,0,0,0,0,0,0,0,0,0,0,0,0,0,0,0,0,0,0,0,0,0,0,0,0,0,0,0,0,0,0,0,0,0,0,0,0,0,0,0,0,0,0,0,0,0,77,0,77,0,0,0,0,0,0,0,0,0,0,0,0,0,0,0,0,0,0,0,0,0,0,0,0,0,0,0,0,0,0,0,0,0,0,0,0,0,0,0,0,0,0,0,0,0,0,0,0,0,0,0,0,0,0,0,0,0,0,0,0,0,0,0,0,0,0,0,0,0,0,0,0,0,0,0,0,0,0,0,0,0,0,0,0,0,0,0,0,0,0,0,0,0,0,0,0,0,0,0,0,0,0,0,2,6,6,6,2,6,6,6,2,6,6,6,2,6,6,6,2,6,6,6,2,6,6,6,2,6,6,6,2,6,6,6,2,6,6,6,2,6,6,6,2,6,6,6,2,6,6,6,2,6,6,6,2,6,6,6,2,6
0,0,0,0,0,0,0,0,0,0,0,0,0,0,0,0,0,0,0,0,0,0,0,0,0,0,0,0,0,0,0,0,0,0,0,0,0,0,0,0,0,0,0,0,0,0,0,0,0,0,0,0,0,0,0,0,0,0,0,0,0,0,0,0,0,0,0,47,0,47,0,0,0,0,0,0,0,0,0,0,0,0,0,0,0,0,0,0,0,0,0,0,0,0,0,0,0,0,0,0,0,0,0,0,0,0,0,0,0,0,0,0,0,0,0,0,0,0,0,0,0,0,0,0,0,0,0,0,0,0,0,0,0,0,0,0,0,0,0,0,0,0,0,0,47,0,0,0,0,0,0,0,0,0,0,0,0,0,0,0,0,0,47,0,0,0,47,0,0,0,0,0,0,0,0,0,0,0,0,0,0,47,0,0,0,0,0,0,0,0,0,0,0,0,0,0,0,0,0,0,0,0,0,0,0,0,0,47,0,0,0,0,0,0,0,0,161,72,76,79,79,79,79,79,79,79,79,79,79,79,79,79,79,79,79,79,79,79,79,79,79,79,79,79,79,79,79,79,79,79,79,79,79,79,79,79,79,79,79,79,79,79,79,79,79,79,79,79,79,79,79,79,79,79,79,79,79,79,79,79,79,79,79,79,79,79,79,79,79,79,79,79,79,79,79,79,79,79,79,79,79,79,79,79,79,79,79,79,79,79,79,79,79,79,79,79,79,79,79,79,79,79,79,79,79,79,79,79,79,79,79,79,79,79,79,79,79,79,79,79,79,79,79,79,79,79,79,79,79,79,79,79,79,79,79,79,79,79,109,111,111,111,111,111,111,111,111,111,111,111,111,111,111,111,111,111,111,111,111,111,111,111,111,111,111,111,111,111,111,111,111,111,111,111,111,111,111,111,111,111,111,111,111,111,111,111,111,111,111,111,111,111,111,111,111,111,111,111,111,111,111,111,111,111,111,111,111,111,111,111,111,111,111,124,0,0,0,0,0,0,100,68,66,98,0,0,0,0,0,0,0,0,0,0,0,0,0,0,0,0,0,0,0,0,0,0,0,0,0,0,0,0,0,0,0,0,0,0,0,0,0,0,100,68,66,98,0,0,0,100,68,66,98,6,6,6,2,6,6,6,2,6,6,6,2,6,6,6,2,6,6,6,2,6,6,6,2,6,6,6,2,6,6,6,2,6,6,6,2,6,6,6,2,6,6,6,2,6,6,6,2,6,6,6,2,6,6,6,2,6,6,6,2,6,6,6,2,6,6,6,2,6,6,6,2,6,6,6,2,6,6,6,2,6,6,6,2,6,6,6,2,6,6,6,2,6,6,6,2,6,6,6,2,6,6,6,2,6,6,6,2,6,6,6,2,6,6,6,2,6,6,6,2,6,6,6,2,6,6,6,2,6,6,6,2,6,6,6,2,6,6,6,2,6,6,6,2,6,6,6,2,6,6,6,2,6,6,6,2,6,6,6,2,6,6,6,2,6,6,6,2,6,6,6,2,6,6,6,2,6,6,6,2,6,6,6,2,6,6,6,2,6,6,6,2,6,6,6,2,6,6,6,2,6,6,6,2,6,6,6,2,6,6,6,2,6,6,6,2,6,6,6,2,6,6,6,2,6,6,6,2,6,6,6,2,6,6,6,2,6,6,6,2,6,6,6,2,6,6,6,2,6,6,6,2,6,6,6,2,6,6,6,2,6,6,6,2,6,6,6,2,6,6,6,2,6,6,6,2,6,6,6,2,6,6,6,2,6,6,6,2,6,6,6,2,6,6,6,2,6,6,6,2,6,6,6,2,6,6,6,2,6,6,6,2,6,6,6,2,6,6,6,2,6,6,6,2,6,6,6,2,6,6,6,2,6,6,6,2,6,6,6,2,6,6,6,2,6,6,6,2,6,6,6,2,6,6,6,2,6,6,6,2,6,6,6,2,6,6,6,2,6,6,6,2,6,6,6,2,6,6,6,2,6,6,6,2,6,6,6,2,6,6,6,2,6,6,6,2,6,6,6,2,6,6,6,2,6,6,6,2,6,6,6,2,6,6,6,2,6,6,6,2,6,6,6,2,6,6,6,2,6,6,6,2,6,6,6,2,6,6,6,2,6,6,6,2,6,6,6,2,6,6,6,2,6,68,36,47,47,47,47,47,47,47,47,47,47,47,47,47,47,47,47,47,47,47,47,47,47,47,47,47,147,79,147,0,0,0,0,0,0,0,0,0,0,0,0,0,0,0,0,0,0,0,0,0,0,0,0,0,0,0,0,0,0,0,0,0,0,0,0,0,0,0,0,0,0,0,0,0,0,0,0,0,0,77,0,77,0,0,0,0,0,0,0,0,0,0,0,0,0,0,0,0,0,0,0,0,0,0,0,0,0,0,0,0,0,0,0,0,0,0,0,0,0,0,0,0,0,0,0,0,0,0,0,0,0,0,0,0,0,0,0,0,0,0,0,0,0,0,0,0,0,0,0,0,0,0,0,0,0,0,0,0,0,0,0,0,0,0,0,0,0,0,0,0,0,0,0,0,0,0,0,0,0,0,0,0,0,0,0,2,6,6,6,2,6,6,6,2,6,6,6,2,6,6,6,2,6,6,6,2,6,6,6,2,6,6,6,2,6,6,6,2,6,6,6,2,6,6,6,2,6,6,6,2,6,6,6,2,6,6,6,2,6,6,6,2,6
0,0,0,0,0,0,0,0,0,0,0,0,0,0,0,0,0,0,0,0,0,0,0,0,0,0,0,0,0,0,0,0,0,0,0,0,0,0,0,0,0,0,0,0,0,0,0,0,0,0,0,0,0,0,0,0,0,0,0,0,0,0,0,0,0,0,0,47,0,47,0,0,0,0,0,0,0,0,0,0,0,0,0,0,0,0,0,0,0,0,0,0,0,0,0,0,0,0,0,0,0,0,0,0,0,0,0,0,0,0,0,0,0,0,0,0,0,0,0,0,0,0,0,0,0,0,0,0,0,0,0,0,0,0,0,0,0,0,0,0,0,0,0,0,47,0,0,0,0,0,0,0,0,0,0,0,0,0,0,0,0,0,47,0,0,0,47,0,0,0,0,0,0,0,0,0,0,0,0,0,0,47,0,0,0,0,0,0,0,0,0,0,0,0,0,0,0,0,0,0,0,0,0,0,0,0,0,47,0,0,0,0,0,0,0,0,160,47,68,79,79,79,79,79,79,79,79,79,79,79,79,79,79,79,79,79,79,79,79,79,79,79,79,79,79,79,79,79,79,79,79,79,79,79,79,79,79,79,79,79,79,79,79,79,79,79,79,79,79,79,79,79,79,79,79,79,79,79,79,79,79,79,79,79,79,79,79,79,79,79,79,79,79,79,79,79,79,79,79,79,79,79,79,79,79,79,79,79,79,79,79,79,79,79,79,79,79,79,79,79,79,79,79,79,79,79,79,79,79,79,79,79,79,79,79,79,79,79,79,79,79,79,79,79,79,79,79,79,79,79,79,79,79,79,79,79,79,79,109,111,111,111,111,111,111,111,111,111,111,111,111,111,111,111,111,111,111,111,111,111,111,111,111,111,111,111,111,111,111,111,111,111,111,111,111,111,111,111,111,111,111,111,111,111,111,111,111,111,111,111,111,111,111,111,111,111,111,111,111,111,111,111,111,111,111,111,111,111,111,111,111,111,124,0,0,0,0,0,0,0,100,68,66,98,0,0,0,0,0,0,0,0,0,0,0,0,0,0,0,0,0,0,0,0,0,0,0,0,0,0,0,0,0,0,0,0,0,0,0,0,0,0,100,68,66,98,47,47,47,100,68,66,98,6,6,6,2,6,6,6,2,6,6,6,2,6,6,6,2,6,6,6,2,6,6,6,2,6,6,6,2,6,6,6,2,6,6,6,2,6,6,6,2,6,6,6,2,6,6,6,2,6,6,6,2,6,6,6,2,6,6,6,2,6,6,6,2,6,6,6,2,6,6,6,2,6,6,6,2,6,6,6,2,6,6,6,2,6,6,6,2,6,6,6,2,6,6,6,2,6,6,6,2,6,6,6,2,6,6,6,2,6,6,6,2,6,6,6,2,6,6,6,2,6,6,6,2,6,6,6,2,6,6,6,2,6,6,6,2,6,6,6,2,6,6,6,2,6,6,6,2,6,6,6,2,6,6,6,2,6,6,6,2,6,6,6,2,6,6,6,2,6,6,6,2,6,6,6,2,6,6,6,2,6,6,6,2,6,6,6,2,6,6,6,2,6,6,6,2,6,6,6,2,6,6,6,2,6,6,6,2,6,6,6,2,6,6,6,2,6,6,6,2,6,6,6,2,6,6,6,2,6,6,6,2,6,6,6,2,6,6,6,2,6,6,6,2,6,6,6,2,6,6,6,2,6,6,6,2,6,6,6,2,6,6,6,2,6,6,6,2,6,6,6,2,6,6,6,2,6,6,6,2,6,6,6,2,6,6,6,2,6,6,6,2,6,6,6,2,6,6,6,2,6,6,6,2,6,6,6,2,6,6,6,2,6,6,6,2,6,6,6,2,6,6,6,2,6,6,6,2,6,6,6,2,6,6,6,2,6,6,6,2,6,6,6,2,6,6,6,2,6,6,6,2,6,6,6,2,6,6,6,2,6,6,6,2,6,6,6,2,6,6,6,2,6,6,6,2,6,6,6,2,6,6,6,2,6,6,6,2,6,6,6,2,6,6,6,2,6,6,6,2,6,6,6,2,6,6,6,2,6,6,6,2,6,6,6,2,6,6,6,2,6,6,6,2,6,6,6,2,6,6,6,2,6,6,6,2,6,6,6,2,6,6,6,2,6,6,6,2,6,6,6,2,6,68,36,47,47,47,47,47,47,47,47,47,47,47,47,47,47,47,47,47,47,47,47,47,47,47,47,147,79,147,0,0,0,0,0,0,0,0,0,0,0,0,0,0,0,0,0,0,0,0,0,0,0,0,0,0,0,0,0,0,0,0,0,0,0,0,0,0,0,0,0,0,0,0,0,0,0,0,0,0,0,77,0,77,0,0,0,0,0,0,0,0,0,0,0,0,0,0,0,0,0,0,0,0,0,0,0,0,0,0,0,0,0,0,0,0,0,0,0,0,0,0,0,0,0,0,0,0,0,0,0,0,0,0,0,0,0,0,0,0,0,0,0,0,0,0,0,0,0,0,0,0,0,0,0,0,0,0,0,0,0,0,0,0,0,0,0,0,0,0,0,0,0,0,0,0,0,0,0,0,0,0,0,0,0,0,0,2,6,6,6,2,6,6,6,2,6,6,6,2,6,6,6,2,6,6,6,2,6,6,6,2,6,6,6,2,6,6,6,2,6,6,6,2,6,6,6,2,6,6,6,2,6,6,6,2,6,6,6,2,6,6,6,2,6
0,0,0,0,0,0,0,0,0,0,0,0,0,0,0,0,0,0,0,0,0,0,0,0,0,0,0,0,0,0,0,0,0,0,0,0,0,0,0,0,0,0,0,0,0,0,0,0,0,0,0,0,0,0,0,0,0,0,0,0,0,0,0,0,0,0,0,47,0,47,0,0,0,0,0,0,0,0,0,0,0,0,0,0,0,0,0,0,0,0,0,0,0,0,0,0,0,0,0,0,0,0,0,0,0,0,0,0,0,0,0,0,0,0,0,0,0,0,0,0,0,0,0,0,0,0,0,0,0,0,0,0,0,0,0,0,0,0,0,0,0,0,0,0,47,0,0,0,0,0,0,0,0,0,0,0,0,0,0,0,0,0,47,0,0,0,47,0,0,0,0,0,0,0,0,0,0,0,0,0,0,47,0,0,0,0,0,0,0,0,0,0,0,0,0,0,0,0,0,0,0,0,0,0,0,0,0,47,0,0,0,0,0,0,0,0,0,161,72,67,67,67,67,67,67,67,67,67,67,67,67,67,67,67,67,67,67,67,67,67,67,67,67,67,67,67,67,67,67,67,67,67,67,67,67,67,67,67,67,67,67,67,67,67,67,67,67,67,67,67,67,67,67,67,67,67,67,67,67,67,67,67,67,67,67,67,67,67,67,67,67,67,67,67,67,67,67,67,67,67,67,67,67,67,67,67,67,67,67,67,67,67,67,67,67,67,67,67,67,67,67,67,67,67,67,67,67,67,67,67,67,67,67,67,67,67,67,67,67,67,67,67,67,67,67,67,67,67,67,67,67,67,67,67,67,67,67,67,109,111,111,111,111,111,111,111,111,111,111,111,111,111,111,111,111,111,111,111,111,111,111,111,111,111,111,111,111,111,111,111,111,111,111,111,111,111,111,111,111,111,111,111,111,111,111,111,111,111,111,111,111,111,111,111,111,111,111,111,111,111,111,111,111,111,111,111,111,111,111,111,111,124,0,0,0,0,0,0,0,0,100,68,66,98,0,0,0,0,0,0,0,0,0,0,0,0,0,0,0,0,0,0,0,0,0,0,0,0,0,0,0,0,0,0,0,0,0,0,0,0,0,0,100,68,66,98,0,0,0,100,68,66,98,6,6,6,2,6,6,6,2,6,6,6,2,6,6,6,2,6,6,6,2,6,6,6,2,6,6,6,2,6,6,6,2,6,6,6,2,6,6,6,2,6,6,6,2,6,6,6,2,6,6,6,2,6,6,6,2,6,6,6,2,6,6,6,2,6,6,6,2,6,6,6,2,6,6,6,2,6,6,6,2,6,6,6,2,6,6,6,2,6,6,6,2,6,6,6,2,6,6,6,2,6,6,6,2,6,6,6,2,6,6,6,2,6,6,6,2,6,6,6,2,6,6,6,2,6,6,6,2,6,6,6,2,6,6,6,2,6,6,6,2,6,6,6,2,6,6,6,2,6,6,6,2,6,6,6,2,6,6,6,2,6,6,6,2,6,6,6,2,6,6,6,2,6,6,6,2,6,6,6,2,6,6,6,2,6,6,6,2,6,6,6,2,6,6,6,2,6,6,6,2,6,6,6,2,6,6,6,2,6,6,6,2,6,6,6,2,6,6,6,2,6,6,6,2,6,6,6,2,6,6,6,2,6,6,6,2,6,6,6,2,6,6,6,2,6,6,6,2,6,6,6,2,6,6,6,2,6,6,6,2,6,6,6,2,6,6,6,2,6,6,6,2,6,6,6,2,6,6,6,2,6,6,6,2,6,6,6,2,6,6,6,2,6,6,6,2,6,6,6,2,6,6,6,2,6,6,6,2,6,6,6,2,6,6,6,2,6,6,6,2,6,6,6,2,6,6,6,2,6,6,6,2,6,6,6,2,6,6,6,2,6,6,6,2,6,6,6,2,6,6,6,2,6,6,6,2,6,6,6,2,6,6,6,2,6,6,6,2,6,6,6,2,6,6,6,2,6,6,6,2,6,6,6,2,6,6,6,2,6,6,6,2,6,6,6,2,6,6,6,2,6,6,6,2,6,6,6,2,6,6,6,2,6,6,6,2,6,6,6,2,6,6,6,2,6,6,6,2,6,6,6,2,6,6,6,2,6,6,6,2,6,6,6,2,6,6,6,2,6,6,6,2,6,68,36,47,47,47,47,47,47,47,47,47,47,47,47,47,47,47,47,47,47,47,47,47,47,47,147,79,147,0,0,0,0,0,0,0,0,0,0,0,0,0,0,0,0,0,0,0,0,0,0,0,0,0,0,0,0,0,0,0,0,0,0,0,0,0,0,0,0,0,0,0,0,0,0,0,0,0,0,0,0,77,0,77,0,0,0,0,0,0,0,0,0,0,0,0,0,0,0,0,0,0,0,0,0,0,0,0,0,0,0,0,0,0,0,0,0,0,0,0,0,0,0,0,0,0,0,0,0,0,0,0,0,0,0,0,0,0,0,0,0,0,0,0,0,0,0,0,0,0,0,0,0,0,0,0,0,0,0,0,0,0,0,0,0,0,0,0,0,0,0,0,0,0,0,0,0,0,0,0,0,0,0,0,0,0,0,2,6,6,6,2,6,6,6,2,6,6,6,2,6,6,6,2,6,6,6,2,6,6,6,2,6,6,6,2,6,6,6,2,6,6,6,2,6,6,6,2,6,6,6,2,6,6,6,2,6,6,6,2,6,6,6,2,6
0,0,0,0,0,0,0,0,0,0,0,0,0,0,0,0,0,0,0,0,0,0,0,0,0,0,0,0,0,0,0,0,0,0,0,0,0,0,0,0,0,0,0,0,0,0,0,0,0,0,0,0,0,0,0,0,0,0,0,0,0,0,0,0,0,0,0,47,0,47,0,0,0,0,0,0,0,0,0,0,0,0,0,0,0,0,0,0,0,0,0,0,0,0,0,0,0,0,0,0,0,0,0,0,0,0,0,0,0,0,0,0,0,0,0,0,0,0,0,0,0,0,0,0,0,0,0,0,0,0,0,0,0,0,0,0,0,0,0,0,0,0,0,0,47,0,0,0,0,0,0,0,0,0,0,0,0,0,0,0,0,0,47,0,0,0,47,0,0,0,0,0,0,0,0,0,0,0,0,0,0,47,0,0,0,0,0,0,0,0,0,0,0,0,0,0,0,0,0,0,0,0,0,0,0,0,0,47,0,0,0,0,0,0,0,0,0,160,35,35,35,35,35,35,35,35,47,47,47,35,35,35,35,35,35,35,35,47,47,35,35,35,35,35,35,35,35,35,35,35,47,47,47,47,35,35,35,35,35,47,47,47,35,35,35,35,35,35,35,35,35,35,35,47,47,35,35,35,35,35,35,35,35,47,47,47,35,35,35,35,35,35,35,35,35,35,35,35,35,35,35,35,35,35,35,35,35,35,35,35,35,35,35,35,35,35,35,35,35,35,35,35,35,35,35,35,35,35,35,35,35,35,35,35,35,35,35,35,35,35,35,35,35,35,35,35,35,35,35,35,35,35,35,35,35,35,35,35,109,111,111,111,111,111,111,111,111,111,111,111,111,111,111,111,111,111,111,111,111,111,111,111,111,111,111,111,111,111,111,111,111,111,111,111,111,111,111,111,111,111,111,111,111,111,111,111,111,111,111,111,111,111,111,111,111,111,111,111,111,111,111,111,111,111,111,111,111,111,111,111,124,0,0,0,0,0,0,0,0,0,100,68,66,98,0,0,0,0,0,0,0,0,0,0,0,0,0,0,0,0,0,0,0,0,0,0,0,0,0,0,0,0,0,0,0,0,0,0,0,0,0,0,100,68,66,98,47,47,47,100,68,66,98,6,6,6,2,6,6,6,2,6,6,6,2,6,6,6,2,6,6,6,2,6,6,6,2,6,6,6,2,6,6,6,2,6,6,6,2,6,6,6,2,6,6,6,2,6,6,6,2,6,6,6,2,6,6,6,2,6,6,6,2,6,6,6,2,6,6,6,2,6,6,6,2,6,6,6,2,6,6,6,2,6,6,6,2,6,6,6,2,6,6,6,2,6,6,6,2,6,6,6,2,6,6,6,2,6,6,6,2,6,6,6,2,6,6,6,2,6,6,6,2,6,6,6,2,6,6,6,2,6,6,6,2,6,6,6,2,6,6,6,2,6,6,6,2,6,6,6,2,6,6,6,2,6,6,6,2,6,6,6,2,6,6,6,2,6,6,6,2,6,6,6,2,6,6,6,2,6,6,6,2,6,6,6,2,6,6,6,2,6,6,6,2,6,6,6,2,6,6,6,2,6,6,6,2,6,6,6,2,6,6,6,2,6,6,6,2,6,6,6,2,6,6,6,2,6,6,6,2,6,6,6,2,6,6,6,2,6,6,6,2,6,6,6,2,6,6,6,2,6,6,6,2,6,6,6,2,6,6,6,2,6,6,6,2,6,6,6,2,6,6,6,2,6,6,6,2,6,6,6,2,6,6,6,2,6,6,6,2,6,6,6,2,6,6,6,2,6,6,6,2,6,6,6,2,6,6,6,2,6,6,6,2,6,6,6,2,6,6,6,2,6,6,6,2,6,6,6,2,6,6,6,2,6,6,6,2,6,6,6,2,6,6,6,2,6,6,6,2,6,6,6,2,6,6,6,2,6,6,6,2,6,6,6,2,6,6,6,2,6,6,6,2,6,6,6,2,6,6,6,2,6,6,6,2,6,6,6,2,6,6,6,2,6,6,6,2,6,6,6,2,6,6,6,2,6,6,6,2,6,6,6,2,6,6,6,2,6,6,6,2,6,6,6,2,6,6,6,2,6,6,6,2,6,6,6,2,6,6,6,2,6,6,6,2,6,6,6,2,6,6,6,2,6,68,36,47,47,47,47,47,47,47,47,47,47,47,47,47,47,47,47,47,47,47,47,47,47,147,79,147,0,0,0,0,0,0,0,0,0,0,0,0,0,0,0,0,0,0,0,0,0,0,0,0,0,0,0,0,0,0,0,0,0,0,0,0,0,0,0,0,0,0,0,0,0,0,0,0,0,0,0,0,0,77,0,77,0,0,0,0,0,0,0,0,0,0,0,0,0,0,0,0,0,0,0,0,0,0,0,0,0,0,0,0,0,0,0,0,0,0,0,0,0,0,0,0,0,0,0,0,0,0,0,0,0,0,0,0,0,0,0,0,0,0,0,0,0,0,0,0,0,0,0,0,0,0,0,0,0,0,0,0,0,0,0,0,0,0,0,0,0,0,0,0,0,0,0,0,0,0,0,0,0,0,0,0,0,0,0,2,6,6,6,2,6,6,6,2,6,6,6,2,6,6,6,2,6,6,6,2,6,6,6,2,6,6,6,2,6,6,6,2,6,6,6,2,6,6,6,2,6,6,6,2,6,6,6,2,6,6,6,2,6,6,6,2,6
0,0,0,0,0,0,0,0,0,0,0,0,0,0,0,0,0,0,0,0,0,0,0,0,0,0,0,0,0,0,0,0,0,0,0,0,0,0,0,0,0,0,0,0,0,0,0,0,0,0,0,0,0,0,0,0,0,0,0,0,0,0,0,0,0,0,0,47,0,47,0,0,0,0,0,0,0,0,0,0,0,0,0,0,0,0,0,0,0,0,0,0,0,0,0,0,0,0,0,0,0,0,0,0,0,0,0,0,0,0,0,0,0,0,0,0,0,0,0,0,0,0,0,0,0,0,0,0,0,0,0,0,0,0,0,0,0,0,0,0,0,0,0,0,47,0,0,0,0,0,0,0,0,0,0,0,0,0,0,0,0,0,47,0,0,0,47,0,0,0,0,0,0,0,0,0,0,0,0,0,0,47,0,0,0,0,0,0,0,0,0,0,0,0,0,0,0,0,0,0,0,0,0,0,0,0,0,47,0,0,0,0,0,0,0,0,0,0,13,13,13,13,13,13,13,13,161,47,162,13,13,13,13,13,13,13,13,161,162,13,13,13,13,13,13,13,13,13,13,13,161,47,47,162,13,13,13,13,13,161,47,162,13,13,13,13,13,13,13,13,13,13,13,161,162,13,13,13,13,13,13,13,13,161,47,162,13,13,13,13,13,13,13,13,146,79,145,13,13,13,13,13,13,13,13,144,79,147,13,13,13,13,13,13,13,146,79,145,13,13,144,79,147,13,13,146,79,145,144,79,79,79,79,79,147,13,13,146,79,145,13,13,13,13,144,79,147,13,146,147,13,13,13,146,111,145,13,144,98,111,111,111,111,111,111,111,111,111,111,111,111,111,111,111,111,111,111,111,111,111,111,111,111,111,111,111,111,111,111,111,111,111,111,111,111,111,111,111,111,111,111,111,111,111,111,111,111,111,111,111,111,111,111,111,111,111,111,111,111,111,111,111,111,111,111,111,111,111,111,124,0,0,0,0,0,47,0,0,0,0,100,68,66,98,0,0,0,0,0,0,0,0,0,0,0,0,47,0,0,0,0,0,47,0,0,0,0,0,0,0,0,0,0,0,0,0,0,0,0,0,0,0,100,68,66,98,0,0,0,100,68,66,98,6,6,6,2,6,6,6,2,6,6,6,2,6,6,6,2,6,6,6,2,6,6,6,2,6,6,6,2,6,6,6,2,6,6,6,2,6,6,6,2,6,6,6,2,6,6,6,2,6,6,6,2,6,6,6,2,6,6,6,2,6,6,6,2,6,6,6,2,6,6,6,2,6,6,6,2,6,6,6,2,6,6,6,2,6,6,6,2,6,6,6,2,6,6,6,2,6,6,6,2,6,6,6,2,6,6,6,2,6,6,6,2,6,6,6,2,6,6,6,2,6,6,6,2,6,6,6,2,6,6,6,2,6,6,6,2,6,6,6,2,6,6,6,2,6,6,6,2,6,6,6,2,6,6,6,2,6,6,6,2,6,6,6,2,6,6,6,2,6,6,6,2,6,6,6,2,6,6,6,2,6,6,6,2,6,6,6,2,6,6,6,2,6,6,6,2,6,6,6,2,6,6,6,2,6,6,6,2,6,6,6,2,6,6,6,2,6,6,6,2,6,6,6,2,6,6,6,2,6,6,6,2,6,6,6,2,6,6,6,2,6,6,6,2,6,6,6,2,6,6,6,2,6,6,6,2,6,6,6,2,6,6,6,2,6,6,6,2,6,6,6,2,6,6,6,2,6,6,6,2,6,6,6,2,6,6,6,2,6,6,6,2,6,6,6,2,6,6,6,2,6,6,6,2,6,6,6,2,6,6,6,2,6,6,6,2,6,6,6,2,6,6,6,2,6,6,6,2,6,6,6,2,6,6,6,2,6,6,6,2,6,6,6,2,6,6,6,2,6,6,6,2,6,6,6,2,6,6,6,2,6,6,6,2,6,6,6,2,6,6,6,2,6,6,6,2,6,6,6,2,6,6,6,2,6,6,6,2,6,6,6,2,6,6,6,2,6,6,6,2,6,6,6,2,6,6,6,2,6,6,6,2,6,6,6,2,6,6,6,2,6,6,6,2,6,6,6,2,6,6,6,2,6,6,6,2,6,6,6,2,6,6,6,2,6,6,6,2,6,6,6,2,6,68,36,47,47,47,47,47,47,47,47,47,47,47,47,47,47,47,47,47,47,47,47,47,147,79,147,0,0,0,0,0,0,0,0,0,0,0,0,0,0,0,0,0,0,0,0,0,0,0,0,0,0,0,0,0,0,0,0,0,0,0,0,0,0,0,0,0,0,0,0,0,0,0,0,0,0,0,0,0,0,77,0,77,0,0,0,0,0,0,0,0,0,0,0,0,0,0,0,0,0,0,0,0,0,0,0,0,0,0,0,0,0,0,0,0,0,0,0,0,0,0,0,0,0,0,0,0,0,8,9,0,0,0,0,0,0,0,0,0,0,0,0,0,0,0,0,0,0,0,0,0,0,0,0,0,0,0,0,0,0,0,0,0,0,0,0,0,0,0,0,0,0,0,0,0,0,0,0,0,0,0,0,0,0,0,0,2,6,6,6,2,6,6,6,2,6,6,6,2,6,6,6,2,6,6,6,2,6,6,6,2,6,6,6,2,6,6,6,2,6,6,6,2,6,6,6,2,6,6,6,2,6,6,6,2,6,6,6,2,6,6,6,2,6
0,0,0,0,0,0,0,0,0,0,0,0,0,0,0,0,0,0,0,0,0,0,0,0,0,0,0,0,0,0,0,0,0,0,0,0,0,0,0,0,0,0,0,0,0,0,0,0,0,0,0,0,0,0,0,0,0,0,0,0,0,0,0,0,0,0,0,47,0,47,0,0,0,0,0,0,0,0,0,0,0,0,0,0,0,0,0,0,0,0,0,0,0,0,0,0,0,0,0,0,0,0,0,0,0,0,0,0,0,0,0,0,0,0,0,0,0,0,0,0,0,0,0,0,0,0,0,0,0,0,0,0,0,0,0,0,0,0,0,0,0,0,0,0,47,0,0,0,0,0,0,0,0,0,0,0,0,0,0,0,0,0,47,0,0,0,47,0,0,0,0,0,0,0,0,0,0,0,0,0,0,47,0,0,0,0,0,0,0,0,0,0,0,0,0,0,0,0,0,0,0,0,0,0,0,0,0,47,0,0,0,0,0,0,0,0,0,0,0,125,0,0,0,0,8,9,160,47,163,0,0,0,79,0,0,127,0,160,163,0,0,0,0,0,127,0,0,79,0,0,160,47,47,163,0,127,0,0,0,160,47,163,0,0,79,79,79,0,0,0,0,79,0,160,163,0,127,0,0,0,8,9,0,160,47,163,0,0,0,0,127,0,8,9,0,146,79,145,47,0,47,0,47,0,144,79,147,0,0,0,0,0,0,0,8,9,146,79,145,144,79,147,0,0,0,0,146,79,79,147,146,147,146,147,0,0,0,0,146,79,145,47,0,144,79,147,0,0,0,0,0,8,9,0,146,111,97,111,98,13,13,13,13,13,13,13,77,13,77,13,13,79,13,13,79,13,13,13,13,13,13,13,13,13,13,77,13,77,13,13,13,79,13,77,13,13,77,13,13,13,13,13,13,13,79,13,13,13,13,13,13,13,13,13,68,79,67,71,13,13,13,13,13,13,13,13,13,13,13,0,0,0,0,0,47,47,47,0,0,0,100,68,66,98,0,0,0,0,0,0,0,0,0,0,0,47,47,47,0,0,0,47,47,47,0,0,0,0,47,47,0,0,0,0,0,0,0,0,0,0,0,0,100,68,66,98,47,47,47,100,68,66,98,6,6,6,2,6,6,6,2,6,6,6,2,6,6,6,2,6,6,6,2,6,6,6,2,6,6,6,2,6,6,6,2,6,6,6,2,6,6,6,2,6,6,6,2,6,6,6,2,6,6,6,2,6,6,6,2,6,6,6,2,6,6,6,2,6,6,6,2,6,6,6,2,6,6,6,2,6,6,6,2,6,6,6,2,6,6,6,2,6,6,6,2,6,6,6,2,6,6,6,2,6,6,6,2,6,6,6,2,6,6,6,2,6,6,6,2,6,6,6,2,6,6,6,2,6,6,6,2,6,6,6,2,6,6,6,2,6,6,6,2,6,6,6,2,6,6,6,2,6,6,6,2,6,6,6,2,6,6,6,2,6,6,6,2,6,6,6,2,6,6,6,2,6,6,6,2,6,6,6,2,6,6,6,2,6,6,6,2,6,6,6,2,6,6,6,2,6,6,6,2,6,6,6,2,6,6,6,2,6,6,6,2,6,6,6,2,6,6,6,2,6,6,6,2,6,6,6,2,6,6,6,2,6,6,6,2,6,6,6,2,6,6,6,2,6,6,6,2,6,6,6,2,6,6,6,2,6,6,6,2,6,6,6,2,6,6,6,2,6,6,6,2,6,6,6,2,6,6,6,2,6,6,6,2,6,6,6,2,6,6,6,2,6,6,6,2,6,6,6,2,6,6,6,2,6,6,6,2,6,6,6,2,6,6,6,2,6,6,6,2,6,6,6,2,6,6,6,2,6,6,6,2,6,6,6,2,6,6,6,2,6,6,6,2,6,6,6,2,6,6,6,2,6,6,6,2,6,6,6,2,6,6,6,2,6,6,6,2,6,6,6,2,6,6,6,2,6,6,6,2,6,6,6,2,6,6,6,2,6,6,6,2,6,6,6,2,6,6,6,2,6,6,6,2,6,6,6,2,6,6,6,2,6,6,6,2,6,6,6,2,6,6,6,2,6,6,6,2,6,6,6,2,6,6,6,2,6,6,6,2,6,6,6,2,6,6,6,2,6,6,6,2,6,68,36,47,47,47,47,47,47,47,47,47,47,47,47,47,47,47,47,47,47,47,47,147,79,147,0,0,0,0,0,0,0,0,0,0,0,0,0,0,0,0,0,0,0,0,0,0,0,0,0,0,0,0,0,0,0,0,0,0,0,0,0,0,0,0,0,0,0,0,0,0,0,0,0,0,0,0,0,0,0,77,0,77,0,0,0,0,0,0,0,0,0,0,0,0,0,0,0,0,0,0,0,0,0,0,0,0,0,0,0,0,0,0,0,0,0,0,0,0,0,0,0,0,0,0,0,0,0,10,11,8,9,0,0,0,0,0,0,0,0,0,0,0,0,0,0,0,0,0,0,0,0,0,0,0,0,0,0,0,0,0,0,0,0,0,0,0,0,0,0,0,0,0,0,0,0,0,0,0,0,0,0,0,0,0,0,1,5,5,5,1,5,5,5,1,5,5,5,1,5,5,5,1,5,5,5,1,5,5,5,1,5,5,5,1,5,5,5,1,5,5,5,1,5,5,5,1,5,5,5,1,5,5,5,1,5,5,5,1,5,5,5,1,5
0,0,0,0,0,0,0,0,0,0,0,0,0,0,0,0,0,0,0,0,0,0,0,0,0,0,0,0,0,0,0,0,0,0,0,0,0,0,0,0,0,0,0,0,0,0,0,0,0,0,0,0,0,0,0,0,0,0,0,0,0,0,0,0,0,0,0,47,0,47,0,0,0,0,0,0,0,0,0,0,0,0,0,0,0,0,0,0,0,0,0,0,0,0,0,0,8,9,0,0,0,0,0,0,0,0,0,0,0,0,0,0,0,0,0,0,0,0,0,0,0,0,0,0,0,0,0,0,0,0,0,0,0,0,0,0,0,0,0,0,0,0,0,0,47,0,0,0,0,0,0,0,0,0,0,0,0,0,0,0,0,0,47,0,0,0,47,0,0,0,0,0,8,9,0,0,0,0,0,0,0,47,0,0,0,0,0,0,0,0,0,0,0,0,0,0,0,0,0,0,0,0,0,0,0,0,0,47,0,0,0,0,0,0,0,0,0,0,0,0,0,0,0,0,10,11,0,27,0,125,0,79,79,79,0,4,0,0,0,8,9,0,0,0,4,0,79,79,79,127,0,161,162,0,0,4,0,8,9,0,27,0,125,0,0,0,0,0,0,0,0,0,0,0,0,0,4,0,79,0,10,11,0,0,27,0,79,79,0,0,4,0,10,11,0,0,146,79,145,0,47,0,47,144,79,147,0,0,8,9,0,0,0,0,10,11,0,146,79,79,147,0,0,0,0,0,0,146,147,0,0,0,0,0,0,0,0,0,0,146,79,145,144,79,147,0,8,9,0,0,0,10,11,0,0,146,99,99,103,0,0,52,0,0,0,0,72,78,71,0,0,0,79,47,8,9,0,0,0,0,52,0,0,0,0,72,78,71,0,0,8,9,0,152,153,65,66,0,0,0,47,0,0,0,0,79,0,47,0,0,52,0,0,0,154,155,0,0,0,0,0,47,0,0,0,0,0,0,0,0,47,47,0,0,0,0,0,0,0,0,100,68,66,98,0,0,116,117,118,0,47,47,0,0,0,0,0,0,0,0,0,0,0,0,0,0,0,47,47,47,47,0,0,0,47,47,0,0,0,0,0,0,100,68,66,98,0,0,0,100,68,66,98,6,6,6,2,6,6,6,2,6,6,6,2,6,6,6,2,6,6,6,2,6,6,6,2,6,6,6,2,6,6,6,2,6,6,6,2,6,6,6,2,6,6,6,2,6,6,6,2,6,6,6,2,6,6,6,2,6,6,6,2,6,6,6,2,6,6,6,2,6,6,6,2,6,6,6,2,6,6,6,2,6,6,6,2,6,6,6,2,6,6,6,2,6,6,6,2,6,6,6,2,6,6,6,2,6,6,6,2,6,6,6,2,6,6,6,2,6,6,6,2,6,6,6,2,6,6,6,2,6,6,6,2,6,6,6,2,6,6,6,2,6,6,6,2,6,6,6,2,6,6,6,2,6,6,6,2,6,6,6,2,6,6,6,2,6,6,6,2,6,6,6,2,6,6,6,2,6,6,6,2,6,6,6,2,6,6,6,2,6,6,6,2,6,6,6,2,6,6,6,2,6,6,6,2,6,6,6,2,6,6,6,2,6,6,6,2,6,6,6,2,6,6,6,2,6,6,6,2,6,6,6,2,6,6,6,2,6,6,6,2,6,6,6,2,6,6,6,2,6,6,6,2,6,6,6,2,6,6,6,2,6,6,6,2,6,6,6,2,6,6,6,2,6,6,6,2,6,6,6,2,6,6,6,2,6,6,6,2,6,6,6,2,6,6,6,2,6,6,6,2,6,6,6,2,6,6,6,2,6,6,6,2,6,6,6,2,6,6,6,2,6,6,6,2,6,6,6,2,6,6,6,2,6,6,6,2,6,6,6,2,6,6,6,2,6,6,6,2,6,6,6,2,6,6,6,2,6,6,6,2,6,6,6,2,6,6,6,2,6,6,6,2,6,6,6,2,6,6,6,2,6,6,6,2,6,6,6,2,6,6,6,2,6,6,6,2,6,6,6,2,6,6,6,2,6,6,6,2,6,6,6,2,6,6,6,2,6,6,6,2,6,6,6,2,6,6,6,2,6,6,6,2,6,6,6,2,6,6,6,2,6,6,6,2,6,6,6,2,6,6,6,2,6,68,146,47,47,47,47,47,47,47,47,47,47,47,47,47,47,47,47,47,47,47,147,79,147,0,0,0,0,0,0,0,0,0,0,0,0,0,0,0,0,0,0,0,0,0,0,0,0,0,0,0,0,0,0,0,0,0,0,0,0,0,0,0,0,0,0,0,0,0,0,0,0,0,0,0,0,0,0,0,0,77,0,77,0,0,0,0,0,0,0,0,0,0,0,0,0,0,0,0,0,0,0,0,0,0,0,0,0,0,0,0,0,0,0,0,0,0,0,0,0,0,0,0,0,0,0,0,0,0,0,10,11,0,0,47,47,0,0,0,0,0,0,0,0,0,0,0,0,0,0,0,0,0,0,0,0,0,0,0,0,0,0,0,0,0,0,0,0,47,47,0,0,0,0,47,0,0,0,0,0,47,0,0,0,0,0,0,0,0,0,0,0,0,0,18,47,18,47,18,0,0,161,162,0,0,18,47,18,47,18,0,0,161,162,0,0,18,47,18,47,18,0,0,161,162,13,161,162,13,161,162,93,0,36,47,47,47,47,47,47,47,47,47,47
0,0,0,0,0,0,0,0,0,0,0,0,0,0,0,0,0,0,0,0,0,0,0,0,0,0,0,0,0,0,0,0,0,0,0,0,0,0,0,0,0,0,0,0,0,0,0,0,0,0,0,0,0,0,0,0,0,0,0,0,0,0,0,0,0,0,0,47,0,47,0,0,0,0,0,0,0,0,0,0,0,0,0,0,0,0,0,0,0,0,0,0,0,0,0,0,10,11,8,9,0,0,0,0,0,0,0,0,0,0,0,0,0,0,0,0,0,0,0,0,0,0,0,0,0,0,0,0,0,0,0,0,0,0,0,0,0,0,0,0,0,0,0,0,47,0,0,0,0,0,0,0,0,0,0,0,0,0,0,0,0,0,47,0,0,0,47,0,0,0,0,0,10,11,8,9,0,0,0,0,0,47,0,0,0,0,0,0,0,0,0,0,0,0,0,0,0,0,0,0,0,0,0,0,0,0,0,47,0,0,0,0,0,0,0,0,0,0,0,0,0,0,0,0,0,0,0,0,0,0,0,0,0,0,0,0,0,0,0,10,11,0,0,0,0,0,0,0,0,4,0,160,163,0,79,0,0,10,11,0,0,0,0,0,0,0,0,0,0,0,0,0,0,0,0,0,0,0,0,0,0,0,0,0,0,0,0,0,0,0,0,0,0,0,0,0,0,146,79,145,144,145,144,79,147,0,0,0,10,11,0,0,0,0,0,0,0,0,146,147,0,0,0,0,0,0,0,0,0,0,0,0,0,0,0,0,0,0,0,0,146,79,79,147,0,0,10,11,0,0,0,0,0,0,0,0,0,0,0,0,0,0,47,47,47,0,0,0,0,0,0,8,9,0,10,11,0,0,0,0,0,0,0,47,0,0,0,54,0,0,10,11,47,0,0,152,153,0,0,0,0,0,0,47,8,9,47,47,47,0,0,0,0,0,0,47,0,0,0,0,0,0,0,0,0,0,0,0,0,0,0,0,0,0,0,0,116,117,118,0,100,68,66,98,0,0,119,120,121,0,0,0,0,0,0,0,0,0,0,0,0,0,0,0,0,0,0,0,0,0,0,0,0,0,0,0,0,0,0,0,47,0,100,68,66,98,47,47,47,100,68,66,98,5,5,5,1,5,5,5,1,5,5,5,1,5,5,5,1,5,5,5,1,5,5,5,1,5,5,5,1,5,5,5,1,5,5,5,1,5,5,5,1,5,5,5,1,5,5,5,1,5,5,5,1,5,5,5,1,5,5,5,1,5,5,5,1,5,5,5,1,5,5,5,1,5,5,5,1,5,5,5,1,5,5,5,1,5,5,5,1,5,5,5,1,5,5,5,1,5,5,5,1,5,5,5,1,5,5,5,1,5,5,5,1,5,5,5,1,5,5,5,1,5,5,5,1,5,5,5,1,5,5,5,1,5,5,5,1,5,5,5,1,5,5,5,1,5,5,5,1,5,5,5,1,5,5,5,1,5,5,5,1,5,5,5,1,5,5,5,1,5,5,5,1,5,5,5,1,5,5,5,1,5,5,5,1,5,5,5,1,5,5,5,1,5,5,5,1,5,5,5,1,5,5,5,1,5,5,5,1,5,5,5,1,5,5,5,1,5,5,5,1,5,5,5,1,5,5,5,1,5,5,5,1,5,5,5,1,5,5,5,1,5,5,5,1,5,5,5,1,5,5,5,1,5,5,5,1,5,5,5,1,5,5,5,1,5,5,5,1,5,5,5,1,5,5,5,1,5,5,5,1,5,5,5,1,5,5,5,1,5,5,5,1,5,5,5,1,5,5,5,1,5,5,5,1,5,5,5,1,5,5,5,1,5,5,5,1,5,5,5,1,5,5,5,1,5,5,5,1,5,5,5,1,5,5,5,1,5,5,5,1,5,5,5,1,5,5,5,1,5,5,5,1,5,5,5,1,5,5,5,1,5,5,5,1,5,5,5,1,5,5,5,1,5,5,5,1,5,5,5,1,5,5,5,1,5,5,5,1,5,5,5,1,5,5,5,1,5,5,5,1,5,5,5,1,5,5,5,1,5,5,5,1,5,5,5,1,5,5,5,1,5,5,5,1,5,5,5,1,5,5,5,1,5,5,5,1,5,5,5,1,5,5,5,1,5,5,5,1,5,5,5,1,5,68,79,146,47,47,47,47,47,47,47,47,47,47,47,47,47,47,47,47,47,147,79,147,0,0,0,0,0,0,0,0,0,0,0,0,0,0,0,0,0,0,0,0,0,0,0,0,0,0,0,0,47,47,0,0,0,0,0,0,0,0,0,0,0,0,0,0,0,0,0,0,47,47,0,0,0,0,0,0,0,77,0,77,0,0,0,8,9,0,0,0,0,0,0,0,0,0,0,0,47,0,0,0,0,0,0,0,0,0,0,0,0,0,0,0,0,0,0,0,0,47,0,0,0,0,0,0,0,52,0,0,0,0,47,47,47,47,0,0,8,9,0,0,0,0,0,0,0,0,0,0,0,0,0,0,0,0,0,0,0,0,0,0,8,9,0,0,47,47,47,47,0,0,0,0,0,0,0,0,47,47,47,0,0,0,0,47,47,0,0,0,0,0,156,97,97,97,97,97,159,0,160,163,0,156,97,97,97,97,97,159,0,160,163,0,156,97,111,111,111,97,159,0,160,163,0,160,163,0,160,163,0,0,36,47,47,47,47,47,47,47,47,47,47
0,0,0,0,0,0,0,0,0,0,0,0,0,0,0,0,0,0,0,0,0,0,0,0,0,0,0,0,0,0,0,0,0,0,0,0,0,0,0,0,0,0,0,0,0,0,0,0,0,0,0,0,0,0,0,0,0,0,0,0,0,0,0,0,0,0,0,47,0,47,0,0,0,0,0,0,0,0,0,0,0,0,0,0,0,0,0,0,0,0,0,0,0,0,0,0,0,0,10,11,8,9,0,0,0,0,0,0,0,0,0,0,0,0,0,0,0,0,0,0,0,0,0,0,0,0,0,0,0,0,0,0,0,0,0,0,0,0,0,0,0,0,0,0,47,0,0,0,0,0,0,0,0,0,144,33,33,33,145,0,0,0,47,0,0,0,47,0,0,0,0,0,0,0,10,11,0,0,0,0,0,47,0,0,0,0,0,0,0,0,0,0,0,0,0,0,0,0,0,0,0,0,0,0,0,0,0,47,0,0,0,0,0,0,0,0,0,52,0,0,0,0,0,0,0,0,0,0,0,0,0,0,0,0,0,0,0,0,0,0,0,0,0,0,0,0,0,0,0,0,0,0,0,0,0,0,0,0,0,0,0,0,0,0,0,0,0,0,0,0,0,0,0,0,0,0,0,0,0,0,0,0,0,0,0,0,0,0,0,0,0,0,0,0,0,0,0,0,146,79,79,79,79,147,0,0,0,0,0,0,0,0,0,0,0,0,0,0,0,0,0,0,0,144,145,0,0,0,0,0,0,0,0,0,0,0,0,0,0,0,0,146,147,0,0,0,0,0,0,0,0,0,0,0,0,0,0,0,0,0,0,0,0,0,0,0,0,0,0,0,0,10,11,0,0,0,0,47,0,0,0,0,0,0,0,0,0,0,0,0,0,0,0,0,0,0,0,0,0,47,0,0,0,0,10,11,0,0,0,0,0,0,0,0,47,47,47,0,0,0,0,0,0,0,0,0,0,0,0,0,0,0,0,0,0,0,119,120,121,0,100,72,71,98,0,0,122,123,124,0,0,0,0,0,0,0,0,0,0,0,0,0,0,0,0,0,0,0,0,0,0,0,0,0,0,0,0,0,0,0,0,0,100,68,66,98,0,0,0,100,68,66,98,0,0,146,143,72,67,67,76,75,67,67,76,75,71,143,143,143,143,143,143,143,143,72,71,143,143,72,76,75,67,67,76,79,79,79,79,75,67,67,67,67,67,67,71,143,143,72,76,75,67,67,76,79,79,79,79,79,79,79,79,79,79,79,79,75,67,67,76,75,71,143,143,72,76,75,67,67,67,67,67,67,67,67,67,67,67,67,71,143,147,47,47,47,47,47,146,147,47,47,47,146,145,79,79,79,79,79,79,79,79,144,147,47,47,47,146,147,47,47,47,146,145,79,79,79,79,79,79,144,147,47,47,47,47,47,47,146,145,79,79,79,79,79,79,79,79,79,79,79,79,144,147,47,47,47,127,47,47,146,147,79,79,79,79,79,79,79,79,147,13,13,13,13,13,13,13,13,13,13,13,13,13,13,13,13,13,13,13,13,13,13,13,13,13,13,13,13,13,13,13,13,13,13,13,122,123,111,72,76,79,79,79,79,79,79,75,71,111,123,124,13,13,13,13,13,13,13,13,13,13,13,13,13,13,13,13,13,13,13,13,13,13,13,13,13,13,13,13,13,13,13,13,13,13,13,13,13,13,13,122,79,40,39,79,124,13,13,13,13,13,13,122,79,79,79,40,44,47,47,43,39,79,124,13,13,122,124,13,13,13,122,79,40,39,79,79,40,44,43,39,79,124,13,122,79,79,124,13,13,13,122,79,40,44,43,39,79,124,13,13,13,13,13,122,79,40,39,79,124,13,122,124,13,122,79,40,39,79,67,67,67,67,67,67,67,67,67,67,67,67,67,67,67,67,67,67,67,67,67,67,67,67,67,67,67,67,67,67,67,67,67,67,67,67,67,67,67,67,67,67,67,67,67,67,67,67,67,67,67,67,67,67,67,67,67,67,67,67,67,67,67,67,67,67,67,67,67,67,79,146,35,35,35,35,35,35,35,35,35,35,35,35,47,47,47,120,120,120,120,120,120,120,47,47,47,47,35,35,35,35,147,79,123,124,13,13,13,13,13,13,13,13,13,122,123,79,146,35,35,35,35,35,35,35,35,35,35,35,35,35,35,35,147,79,147,0,0,0,0,0,0,0,0,0,47,0,0,0,0,0,0,47,47,0,0,0,0,0,47,0,0,0,0,47,47,47,47,0,0,0,0,0,47,0,0,0,0,0,47,0,0,0,0,47,47,47,47,0,0,8,9,0,0,72,78,71,0,0,0,10,11,8,9,0,0,0,0,0,0,0,0,47,47,47,0,0,0,0,0,47,47,0,0,0,0,0,0,47,0,0,0,0,0,0,0,0,0,0,0,0,0,47,0,0,0,0,0,0,0,0,0,0,10,11,0,0,0,0,0,0,0,0,0,0,0,0,0,0,0,0,0,47,0,0,0,0,10,11,8,9,0,0,0,0,0,0,0,0,0,0,0,0,0,0,0,0,0,0,47,47,47,47,0,0,0,0,157,37,33,33,33,38,158,0,47,0,0,157,37,33,33,33,38,158,0,47,0,0,157,37,47,47,47,38,158,0,47,0,0,47,0,0,47,0,0,0,36,47,47,47,47,47,47,47,47,47,47
0,0,0,0,0,0,0,0,0,0,0,0,0,0,0,0,0,0,0,0,0,0,0,0,0,0,0,0,0,0,0,0,0,0,0,0,0,0,0,0,0,0,0,0,0,0,0,0,0,0,0,0,0,0,0,0,0,0,0,0,0,0,0,0,0,0,0,47,0,47,0,0,0,0,0,0,0,0,0,0,0,0,0,0,0,0,0,0,0,0,0,0,0,0,0,0,52,0,0,0,10,11,0,0,0,0,0,0,0,0,0,0,0,0,0,0,0,0,0,0,0,0,0,0,0,0,0,0,0,0,0,0,0,0,0,0,0,0,0,0,0,0,0,0,47,0,0,0,0,0,0,0,0,0,40,35,35,35,39,8,9,0,47,0,0,0,47,0,0,0,0,0,52,0,0,0,0,0,0,0,0,47,0,0,0,0,0,0,0,0,0,0,0,0,0,0,0,0,0,0,0,0,0,0,0,0,0,47,0,0,0,0,0,0,0,52,0,0,0,0,0,0,0,0,0,0,0,0,0,0,0,0,0,0,0,0,0,0,0,0,0,0,0,0,0,0,0,0,0,0,0,0,0,0,0,0,0,0,0,0,0,0,0,0,0,0,0,0,17,0,125,0,0,79,0,0,0,0,0,0,0,0,0,0,0,0,0,0,0,0,0,0,0,0,0,0,0,0,0,146,147,146,147,0,0,0,0,0,0,0,0,144,145,0,0,0,0,0,0,0,0,0,144,79,79,145,0,0,0,144,145,144,145,0,0,8,9,0,0,0,0,0,0,0,0,0,0,0,0,0,0,0,0,0,0,0,0,0,0,0,0,47,0,0,0,0,0,8,9,0,0,0,0,0,0,0,0,0,0,0,0,0,0,0,0,0,0,0,0,0,0,0,0,0,0,0,0,0,47,47,47,0,0,0,0,0,0,0,0,47,0,0,0,0,0,0,0,0,0,0,0,0,0,0,0,0,0,0,0,0,0,0,0,0,0,0,122,123,124,0,104,99,99,103,0,0,0,0,0,0,0,0,0,0,0,0,0,0,0,0,0,0,0,0,0,0,0,0,0,0,0,0,0,0,0,0,0,0,0,0,0,0,100,68,66,98,47,47,47,100,68,66,98,0,0,0,146,143,143,143,72,71,143,143,72,71,143,147,146,35,35,35,35,35,35,143,143,147,146,143,72,71,143,143,72,76,75,67,67,71,143,143,143,143,143,143,143,147,146,143,72,71,143,143,72,76,75,67,67,67,67,67,67,67,67,76,75,71,143,143,72,71,143,147,146,143,72,71,143,143,143,143,143,143,143,143,143,143,143,143,143,147,125,0,0,0,0,0,79,0,0,0,79,0,146,145,144,145,144,145,144,145,144,147,0,0,0,0,79,0,0,125,0,0,146,145,144,145,144,145,144,147,0,0,0,0,0,0,8,9,146,145,79,79,79,79,79,79,79,79,79,79,144,147,0,0,0,0,4,0,0,79,0,0,79,144,145,144,145,79,0,0,0,0,0,0,0,79,0,0,0,0,116,117,118,0,0,79,79,79,0,0,0,0,8,9,47,0,0,0,0,47,47,47,47,47,47,0,0,122,111,72,76,79,79,79,79,75,71,111,124,0,0,79,0,0,8,9,47,47,0,0,0,0,79,0,0,0,47,47,47,0,0,0,0,79,0,0,0,116,117,118,47,0,0,0,0,0,0,0,0,0,0,122,79,79,124,0,8,9,47,0,0,125,47,122,124,122,79,40,44,43,39,79,124,0,8,9,47,47,0,0,0,127,122,79,79,124,122,79,40,39,79,124,0,125,0,122,124,0,0,79,0,0,122,79,40,39,79,124,0,8,9,79,47,47,0,122,79,79,124,47,125,47,47,0,0,122,79,79,124,13,13,13,13,13,13,13,40,35,39,13,13,13,13,13,13,13,13,36,143,35,39,13,13,13,13,13,13,13,13,13,13,13,13,13,13,13,13,13,13,13,13,13,13,13,13,13,13,40,35,39,13,13,13,13,13,13,13,13,13,13,13,13,13,13,13,13,13,13,13,122,123,67,67,67,67,67,67,67,67,67,67,67,79,146,35,47,47,47,47,47,47,47,47,47,47,35,147,79,67,67,67,123,124,0,125,0,8,9,0,0,0,47,0,0,0,0,122,123,67,67,67,67,67,67,67,67,67,67,67,67,67,67,67,67,147,0,0,0,47,47,0,0,0,0,47,47,47,0,0,0,0,47,47,47,47,0,0,0,0,0,0,0,0,0,0,0,0,0,0,0,0,0,47,47,47,0,0,0,0,0,0,0,0,0,0,0,0,0,0,0,10,11,0,0,25,25,25,0,0,0,0,0,10,11,8,9,0,47,0,0,0,0,0,0,116,117,118,0,0,47,47,47,47,0,8,9,0,47,47,47,0,0,0,0,0,0,0,0,0,0,0,0,47,0,0,0,0,0,0,0,0,0,0,0,0,0,0,0,0,116,117,118,0,0,47,47,0,0,0,0,0,47,47,47,0,0,0,0,0,10,11,116,117,118,0,0,0,0,0,0,0,0,0,0,0,0,0,0,0,0,0,0,0,0,0,0,156,111,36,47,47,47,34,111,159,0,47,156,111,36,47,47,47,34,111,159,0,47,156,111,36,47,47,47,34,111,159,0,47,0,0,47,0,0,47,0,0,36,47,47,47,47,47,47,47,47,47,47
0,0,0,0,0,0,0,0,0,0,0,0,0,0,0,0,0,0,0,0,0,0,0,0,0,0,0,0,0,0,0,0,0,0,0,0,0,0,0,0,0,0,0,0,0,0,0,0,0,0,0,0,0,0,0,0,0,0,0,0,0,0,0,0,0,0,0,47,0,47,0,0,0,0,0,0,0,0,0,53,0,0,0,0,0,0,0,0,0,0,0,0,0,0,0,0,0,0,0,0,0,0,0,0,0,0,0,0,0,0,0,0,0,0,0,0,0,0,0,0,0,0,0,0,0,0,0,0,0,0,0,0,0,0,0,0,0,0,0,0,0,0,0,0,47,0,0,0,0,0,0,0,0,0,0,47,0,47,0,10,11,0,32,8,9,0,47,0,0,0,0,0,0,0,0,0,0,0,0,0,0,47,0,0,0,0,0,0,0,0,0,0,0,0,0,0,0,0,0,0,0,0,0,0,0,0,0,47,0,0,0,0,0,0,0,0,0,0,8,9,0,0,79,79,0,0,0,0,0,79,8,9,0,156,159,0,127,0,0,0,0,0,0,0,0,0,0,0,0,0,0,0,0,0,0,0,0,0,0,0,0,79,0,0,8,9,0,156,47,159,0,0,79,79,79,0,0,0,156,159,79,0,0,0,0,0,0,0,0,0,0,0,0,0,144,145,0,0,0,0,0,0,0,0,0,0,0,0,0,0,144,79,79,145,0,125,0,0,0,0,0,144,79,147,146,79,145,0,144,79,79,79,79,145,0,10,11,116,117,118,0,0,0,0,0,0,0,0,0,0,0,0,0,0,0,0,0,0,0,0,47,47,47,0,0,0,0,10,11,0,0,0,0,148,149,0,0,0,52,0,0,47,47,0,0,0,0,47,0,0,0,0,0,47,0,8,9,0,0,0,0,0,0,0,0,0,0,0,0,0,0,0,52,0,0,0,0,0,0,0,0,0,0,0,0,0,47,0,0,0,0,0,0,0,0,0,0,0,0,0,47,47,47,47,0,0,0,0,0,0,0,0,0,0,0,0,116,117,118,0,0,0,0,0,0,0,0,0,0,0,0,0,0,0,0,0,0,0,116,117,118,0,100,68,66,98,0,0,0,100,68,66,98,0,0,0,0,146,147,146,143,143,147,146,143,143,147,0,0,190,47,190,47,190,47,146,147,0,0,146,143,143,147,146,143,72,71,143,143,143,35,35,35,35,35,35,147,0,0,146,143,143,147,146,143,72,71,143,143,143,143,143,143,143,143,72,71,143,147,146,143,143,147,0,0,146,143,143,147,146,35,35,35,35,35,35,35,35,35,35,147,125,0,0,0,0,0,0,0,0,0,79,0,0,0,146,147,146,147,146,147,146,147,0,0,0,0,0,0,79,0,0,0,0,0,146,147,146,147,146,147,0,0,0,0,0,0,0,10,11,0,146,145,79,79,144,145,144,145,144,145,144,147,0,0,0,0,116,117,118,0,0,79,0,146,147,146,147,146,147,0,0,0,0,0,0,79,79,79,0,0,0,119,120,121,47,0,0,0,0,0,0,0,47,10,11,0,0,0,0,47,47,47,0,0,47,8,9,0,0,122,111,72,76,79,79,75,71,111,124,0,0,0,0,0,0,10,11,47,47,0,0,0,79,79,79,0,0,0,47,47,47,0,0,79,79,79,0,0,119,120,121,0,0,0,0,0,0,125,0,0,0,0,0,122,124,0,0,10,11,47,79,0,0,47,47,0,0,122,79,40,39,79,124,0,0,10,11,47,47,79,0,0,4,0,122,124,0,0,122,79,79,124,0,0,47,0,47,47,0,79,79,79,0,0,122,79,79,124,0,0,10,11,0,47,47,0,0,122,124,47,47,0,47,47,0,79,79,122,124,0,0,0,47,0,0,0,0,0,47,0,0,0,0,0,47,0,0,0,154,155,47,54,0,0,0,0,0,79,0,47,0,0,0,0,0,0,0,0,47,0,0,0,0,79,0,0,0,0,0,47,0,0,0,0,0,47,0,0,0,0,0,0,0,47,0,0,79,0,0,0,0,0,13,13,13,13,13,13,13,13,13,13,13,122,123,79,146,35,35,35,35,35,35,35,35,147,79,123,124,13,13,13,0,0,0,0,0,10,11,0,0,0,47,0,0,0,0,0,0,13,13,13,13,13,13,13,13,13,13,13,13,127,13,13,13,125,0,0,47,47,47,47,0,0,0,0,0,0,0,0,0,0,0,0,0,0,0,0,0,0,0,0,0,0,0,0,0,0,0,0,0,0,0,0,0,0,0,0,0,0,0,0,0,0,0,116,117,118,0,0,0,0,0,0,0,0,54,0,0,47,47,0,0,0,0,10,11,0,0,0,0,0,0,0,0,119,120,121,0,116,117,118,0,0,0,10,11,0,0,0,0,0,0,0,0,0,0,0,0,0,0,0,0,47,0,0,0,0,0,0,0,0,0,0,0,0,0,0,0,0,119,120,121,0,47,47,47,47,0,0,0,0,0,0,0,0,0,0,0,0,0,0,119,120,121,0,0,0,0,0,0,0,0,0,0,0,0,0,0,0,0,0,0,0,0,0,0,157,37,183,180,47,182,182,38,158,47,0,157,37,183,211,47,184,176,38,158,47,0,157,37,183,185,47,184,182,38,158,47,0,0,47,0,0,47,0,0,0,36,47,47,47,47,47,47,47,47,47,47
0,0,0,0,0,0,0,0,0,0,0,0,0,0,0,0,0,0,0,0,0,0,0,0,0,0,0,0,0,0,0,0,0,0,0,0,0,0,0,0,0,0,0,0,0,0,0,0,0,0,0,0,0,0,0,0,0,0,0,0,0,0,0,0,0,0,0,47,0,47,0,0,0,0,0,0,52,0,0,32,0,0,0,0,0,0,0,0,0,0,0,0,0,0,0,0,0,0,0,52,0,0,0,0,0,0,0,0,0,0,0,0,0,0,0,0,0,0,0,0,0,0,0,0,0,0,0,0,0,0,0,0,0,0,0,0,0,0,0,0,0,0,0,0,47,0,0,0,0,0,0,0,0,0,0,47,0,47,0,0,0,0,0,10,11,0,32,0,0,0,0,0,0,0,0,0,0,0,0,0,0,47,0,0,0,0,0,0,0,0,0,0,0,0,0,0,0,0,0,0,0,0,0,0,0,0,0,47,0,0,0,0,0,0,0,0,0,0,10,11,0,79,79,79,79,0,0,0,127,0,10,11,0,157,158,0,4,0,0,0,79,0,8,9,0,17,0,0,127,0,79,0,0,0,0,0,0,0,0,0,79,79,79,0,10,11,0,157,47,158,0,0,0,0,0,8,9,0,157,158,0,8,9,0,0,0,127,0,0,0,0,0,0,144,79,79,145,0,0,0,0,0,0,0,8,9,0,125,0,144,79,147,146,79,145,0,0,8,9,0,144,79,147,0,47,146,79,144,79,147,146,147,146,79,145,0,0,119,120,121,0,0,0,0,144,145,0,0,8,9,0,125,0,0,0,144,97,97,102,0,0,0,0,0,0,47,0,79,0,0,0,69,78,67,66,0,0,0,0,0,0,18,18,18,0,0,47,47,47,0,0,0,47,47,47,10,11,0,0,52,0,0,0,177,69,78,70,0,0,0,0,0,0,0,0,0,47,47,0,0,0,0,0,0,0,47,47,47,0,0,0,0,0,0,0,0,0,0,0,0,47,47,47,47,0,0,0,0,0,0,0,0,0,53,0,0,119,120,121,0,52,0,0,0,0,0,0,0,0,0,0,0,0,0,0,0,0,0,119,120,121,0,100,72,71,98,47,47,47,100,72,71,98,0,0,0,0,0,0,0,146,147,0,0,146,147,0,0,0,0,47,0,47,0,47,0,0,0,0,0,146,147,0,0,146,143,143,147,146,147,47,191,47,191,47,191,0,0,0,0,146,147,0,0,146,143,143,147,146,35,35,35,35,35,35,143,143,147,0,0,146,147,0,0,0,0,146,147,0,0,190,47,190,47,190,47,190,47,190,47,0,0,0,0,0,0,0,125,0,0,0,144,145,0,0,0,79,0,79,79,0,79,0,0,0,0,0,0,79,0,0,0,0,0,0,0,79,0,0,79,0,0,0,0,0,0,0,0,0,0,0,0,146,145,144,147,146,147,146,147,146,147,0,0,0,0,0,119,120,121,0,0,0,0,79,0,79,79,0,79,0,0,0,0,0,0,0,0,0,0,0,47,122,123,124,47,47,0,0,0,0,0,47,47,47,0,0,0,0,47,47,47,0,0,79,0,10,11,47,0,0,122,111,72,67,67,71,111,124,0,0,0,0,0,0,47,47,47,47,47,47,0,0,0,0,0,0,0,0,0,47,47,47,0,0,0,0,0,47,122,123,124,0,0,0,0,0,0,0,0,0,0,0,0,47,47,79,0,0,47,47,0,0,0,47,47,0,79,0,122,79,79,124,0,79,79,0,0,47,47,0,0,0,79,0,47,47,0,79,0,122,124,0,0,79,47,0,47,47,0,0,0,0,0,125,0,122,124,0,0,79,0,0,0,47,47,0,0,47,0,47,47,79,47,47,0,0,0,47,47,0,0,0,47,0,0,0,0,0,47,0,0,0,79,0,47,0,0,0,0,0,47,0,0,0,79,0,0,52,0,47,0,0,0,0,0,0,0,0,47,0,0,0,0,52,0,79,0,0,0,47,0,0,0,0,0,47,0,79,79,79,0,0,0,47,0,0,0,0,0,0,0,0,0,47,0,0,0,0,0,8,9,0,0,125,0,122,123,67,67,67,67,67,67,67,67,123,124,127,0,0,0,47,0,0,0,0,0,47,0,0,0,0,8,9,0,0,0,0,0,0,8,9,0,0,0,0,47,0,0,0,0,4,0,0,0,0,0,0,0,0,0,0,0,0,0,0,0,0,0,0,0,0,0,0,0,0,0,0,0,0,0,0,0,0,0,0,0,0,0,0,0,0,0,0,0,0,0,0,0,0,0,0,0,0,0,119,120,121,0,0,0,0,0,0,0,0,0,0,0,0,0,0,0,52,0,0,0,0,0,0,0,0,0,0,0,122,123,124,0,119,120,121,0,0,0,0,0,0,0,0,0,0,0,0,0,0,0,0,0,0,0,0,0,47,0,0,0,0,0,0,0,0,0,0,0,0,0,0,0,0,122,123,124,0,0,0,0,0,0,0,0,0,0,0,0,0,0,0,52,0,0,0,122,123,124,0,0,0,0,0,0,0,0,0,0,0,0,0,0,0,0,0,0,0,0,0,0,161,40,179,187,47,186,182,39,162,0,47,161,40,183,183,47,181,182,39,162,0,47,161,40,183,185,47,184,178,39,162,0,47,0,0,47,0,0,47,0,0,36,47,47,47,47,47,47,47,47,47,47
0,0,0,0,0,0,0,0,0,0,0,0,0,0,0,0,0,0,0,0,0,0,0,0,0,0,0,0,0,0,0,0,0,0,0,0,0,0,0,0,0,0,0,0,0,0,0,0,0,0,0,0,0,0,0,0,0,0,0,0,0,0,0,0,0,0,0,47,0,47,0,0,0,52,0,0,0,0,0,47,0,116,117,118,0,0,52,0,0,0,0,0,0,0,0,0,0,0,0,0,0,0,0,0,0,0,0,0,0,0,0,0,0,0,0,0,0,0,0,0,0,0,0,0,0,0,0,0,0,0,0,0,0,0,0,0,0,0,0,0,0,0,0,0,47,0,0,0,0,0,0,0,0,0,0,47,0,47,0,0,0,0,0,0,0,0,54,0,0,0,0,0,0,0,0,0,0,0,0,0,0,47,0,0,0,0,0,0,0,0,0,0,0,0,0,0,0,0,0,0,0,0,0,0,0,0,0,47,0,0,0,0,0,0,0,0,0,0,0,0,0,0,0,0,0,0,0,0,4,0,0,0,156,47,47,159,0,0,0,0,0,0,10,11,156,47,159,0,4,79,79,79,0,0,0,156,159,0,0,125,0,0,0,0,0,0,156,47,47,47,159,0,0,0,0,10,11,156,47,47,159,10,11,0,0,0,4,156,159,0,0,0,144,79,147,146,79,145,0,0,0,0,0,0,10,11,0,0,144,79,147,47,0,146,79,145,0,10,11,144,79,147,47,0,47,0,146,67,147,0,47,0,47,146,79,145,0,122,123,124,0,0,0,144,79,79,145,0,10,11,0,0,0,0,144,111,99,111,98,12,12,12,12,12,12,12,12,12,79,12,12,77,12,12,77,12,12,12,12,12,12,69,65,70,12,12,12,12,12,12,12,12,12,12,12,79,12,12,12,12,12,12,12,12,77,12,77,12,12,12,12,12,12,12,12,12,12,12,12,12,12,12,12,12,12,12,12,12,12,0,0,52,0,0,0,0,0,0,0,0,47,47,47,47,0,0,0,0,0,0,8,9,0,112,0,0,122,123,124,0,47,0,0,0,0,0,0,0,0,0,0,0,0,0,0,0,0,0,122,123,124,0,104,99,99,103,0,0,0,104,99,99,103,0,0,0,0,0,0,0,0,0,0,0,0,0,0,0,0,47,0,47,0,47,0,0,0,0,0,0,0,0,0,0,0,146,147,0,0,0,47,0,47,0,47,0,0,0,0,0,0,0,0,0,0,146,147,0,0,190,47,190,47,190,47,146,147,0,0,0,0,0,0,0,0,0,0,0,0,0,0,47,0,47,0,47,0,47,0,47,0,0,0,0,8,9,0,0,0,0,144,147,146,145,0,0,79,0,79,79,0,79,0,0,0,0,8,9,0,0,0,0,0,127,0,0,79,0,0,79,0,0,0,0,0,0,0,0,0,0,0,0,0,146,147,0,79,0,79,79,0,79,0,0,0,0,0,122,123,124,0,0,79,0,79,0,79,79,0,79,0,0,0,0,0,0,0,0,0,0,47,47,47,0,0,47,47,47,0,0,0,47,47,47,0,0,0,0,47,47,47,0,0,79,79,79,0,47,47,47,47,47,122,123,111,111,123,124,0,0,0,0,0,0,47,47,47,0,0,47,47,47,0,0,0,0,0,0,0,79,0,47,92,92,0,0,0,47,47,47,0,0,0,0,79,79,0,0,0,0,0,0,0,0,47,47,0,0,0,47,47,0,0,0,47,47,0,0,0,0,122,124,47,0,0,0,0,0,47,47,0,0,0,0,0,47,47,0,0,0,47,47,0,0,0,47,0,47,47,0,0,0,0,0,0,0,47,47,0,0,0,0,0,0,47,47,0,0,47,0,47,47,0,47,47,0,0,0,47,47,0,0,0,47,0,0,0,0,0,47,0,0,0,0,0,47,0,0,0,0,0,47,0,0,0,0,0,0,0,0,47,0,0,0,0,0,0,0,0,47,0,0,79,0,0,0,0,0,0,0,47,0,0,0,0,0,47,0,0,0,0,0,0,0,47,0,0,0,0,0,0,0,0,0,47,0,0,0,0,0,10,11,0,0,0,0,0,0,13,13,13,13,127,13,13,13,0,0,4,0,0,0,47,0,0,0,0,0,47,0,0,0,0,10,11,0,0,0,0,0,0,10,11,0,0,0,0,47,0,0,0,0,0,0,0,0,0,0,0,0,0,0,0,0,0,0,0,0,0,0,0,0,0,116,117,118,0,3,3,3,0,8,9,0,0,0,0,0,0,0,0,0,0,52,0,0,0,0,0,0,0,0,0,0,0,0,122,123,124,0,0,0,0,0,0,0,0,0,0,0,0,0,0,0,47,0,0,0,0,0,0,0,0,0,0,0,0,0,0,0,122,123,124,0,0,0,0,0,0,0,0,0,0,0,0,0,116,117,118,0,0,52,0,0,47,0,0,0,0,0,8,9,0,3,0,0,0,0,0,0,0,0,0,0,0,0,0,0,0,0,0,0,0,0,0,0,0,0,0,47,0,0,0,0,0,0,0,0,0,0,0,47,0,0,0,0,0,0,0,0,0,0,0,0,0,0,0,0,160,111,36,47,47,47,34,111,163,47,0,160,111,36,47,47,47,34,111,163,47,0,160,111,36,47,47,47,34,111,163,47,0,0,47,0,0,47,0,0,0,36,47,47,47,47,47,47,47,47,47,47
0,0,0,0,0,0,0,0,0,0,0,0,0,0,0,0,0,0,0,0,0,0,0,0,0,0,0,0,0,0,0,0,0,0,0,0,0,0,0,0,0,0,0,0,0,0,0,0,0,0,0,0,0,0,0,0,0,0,0,0,0,0,0,0,0,0,0,47,0,47,0,0,0,0,116,117,118,0,0,47,0,119,120,121,0,0,0,116,117,118,0,0,0,0,0,0,0,0,0,0,0,0,0,0,0,0,0,0,0,0,0,0,0,0,0,0,0,0,0,0,0,0,0,0,0,0,0,0,0,0,0,0,0,0,0,0,0,0,0,0,0,0,0,0,47,0,0,0,0,0,0,0,0,0,0,47,0,47,0,0,0,0,0,0,0,0,0,0,0,0,0,0,0,0,0,0,0,0,0,0,0,47,0,0,0,0,0,0,0,0,0,0,0,0,0,0,0,0,0,0,0,0,0,0,0,0,0,47,0,0,0,0,53,0,0,0,0,0,12,12,12,12,12,12,12,12,12,12,12,12,12,12,157,47,47,158,12,12,12,12,12,12,12,12,157,47,158,12,12,12,12,12,12,12,12,157,158,12,12,12,12,12,12,12,12,12,157,47,47,47,158,12,12,12,12,12,12,157,47,47,158,12,12,12,12,12,12,157,158,12,12,144,79,147,12,12,146,79,145,12,144,145,12,12,12,0,0,144,79,147,12,12,12,12,146,79,145,0,144,79,147,12,12,12,12,12,12,30,12,12,12,12,12,12,146,79,145,12,12,12,12,12,144,79,147,146,79,145,12,12,12,12,12,144,111,147,12,146,98,111,111,111,111,111,111,111,111,111,111,111,111,111,111,111,111,111,111,111,111,111,111,111,111,111,111,111,111,111,111,111,111,111,111,111,111,111,111,111,111,111,111,111,111,111,111,111,111,111,111,111,111,111,111,111,111,111,111,111,111,111,111,111,111,111,111,111,111,111,111,118,0,0,116,117,118,0,52,0,0,0,47,47,47,47,0,8,9,0,112,0,10,11,0,114,0,0,0,0,0,0,47,0,0,0,0,0,0,0,0,0,0,0,0,0,0,0,0,0,0,0,0,0,191,27,27,190,0,0,0,191,27,27,190,0,0,0,0,0,0,0,0,0,0,0,0,0,0,144,145,47,174,47,174,47,174,0,0,144,145,0,0,0,0,0,0,0,0,0,0,0,0,47,0,47,0,47,0,144,145,0,0,0,0,0,0,0,0,0,0,0,47,0,47,0,47,0,0,0,0,0,0,0,0,144,145,0,0,0,0,0,47,0,47,0,47,0,47,0,47,0,0,0,0,0,10,11,0,0,0,0,146,145,144,147,0,0,79,0,79,79,0,79,0,0,0,0,10,11,0,0,0,0,0,4,0,0,79,0,0,79,0,0,0,0,0,0,0,0,0,0,0,0,0,0,0,0,79,0,79,79,0,79,0,0,0,0,0,0,0,0,0,79,0,0,79,0,79,79,0,79,0,0,0,0,0,0,0,0,0,47,47,47,0,0,0,0,47,47,47,0,59,59,47,0,0,0,0,0,47,47,47,0,0,0,0,0,0,0,47,47,47,47,0,0,93,93,47,0,0,0,79,79,0,47,47,47,0,0,0,0,47,47,47,0,0,0,0,0,0,0,116,117,111,111,117,118,47,47,47,0,0,0,0,79,79,79,79,0,0,0,0,0,0,0,47,47,0,0,0,47,47,0,8,9,47,47,0,0,0,0,0,47,47,0,0,0,0,0,47,47,0,0,0,0,0,47,47,0,0,0,47,47,0,0,0,47,0,47,47,0,0,0,0,0,0,0,47,47,0,0,0,0,0,0,116,118,0,0,47,0,47,47,0,47,47,0,0,0,47,47,0,0,0,47,0,0,0,0,0,47,0,0,0,0,0,47,0,0,0,0,0,47,0,0,0,0,0,0,79,0,47,0,0,0,0,0,0,0,0,47,0,0,0,0,0,0,0,0,0,0,47,0,0,0,0,0,47,0,0,0,0,0,0,0,47,0,0,0,0,0,0,0,0,0,8,9,0,0,0,0,47,0,0,0,0,0,0,0,0,8,9,0,4,0,0,47,0,0,0,0,0,0,8,9,0,0,0,0,12,12,12,12,12,12,12,0,0,127,0,0,0,47,0,0,0,0,0,8,9,0,0,0,0,0,0,0,0,0,0,0,0,0,0,0,0,52,0,0,0,0,0,3,0,119,120,121,0,69,78,70,0,10,11,116,117,118,0,0,0,0,8,9,0,47,0,8,9,0,52,0,0,8,9,0,0,0,0,0,0,0,0,0,0,52,0,0,0,0,0,0,0,0,0,0,47,0,0,0,0,0,0,0,0,0,0,0,0,0,0,0,0,0,0,0,0,0,0,0,0,0,0,0,0,0,0,0,119,120,121,0,0,47,0,0,47,0,0,52,0,0,10,11,0,80,0,0,3,3,3,0,0,0,0,0,0,0,0,0,0,0,0,0,0,0,0,3,0,0,0,47,0,0,0,0,0,0,0,0,0,0,47,47,47,0,0,0,0,0,0,0,0,0,0,0,0,0,0,0,0,161,40,35,35,35,39,162,0,0,47,0,161,40,35,35,35,39,162,0,0,47,0,161,40,47,47,47,39,162,0,0,47,0,0,47,0,0,47,0,0,36,47,47,47,47,47,47,47,47,47,47
0,0,0,0,0,0,0,0,0,0,0,0,0,0,0,0,0,0,0,0,0,0,0,0,0,0,0,0,0,0,0,0,0,0,0,0,0,0,0,0,0,0,0,0,0,0,0,0,0,0,0,0,0,0,0,0,0,0,0,0,0,0,0,0,0,0,37,46,33,46,38,0,0,0,119,120,121,0,0,47,0,122,123,124,0,0,0,119,120,121,0,0,0,0,0,0,0,0,0,0,0,0,0,0,0,0,0,0,0,0,0,0,0,0,0,0,0,0,0,0,0,0,0,0,0,0,0,0,0,0,0,0,0,0,0,0,0,0,0,52,0,0,0,0,47,0,0,0,0,0,0,0,0,0,0,47,0,47,0,0,0,0,0,0,0,0,0,0,0,0,0,0,0,0,52,0,0,0,0,0,0,47,0,0,0,0,0,0,0,0,0,0,0,0,0,0,0,0,0,0,0,0,0,0,0,0,0,47,0,0,0,0,32,116,117,118,0,156,33,33,33,33,33,33,33,33,33,33,33,33,33,33,47,47,47,47,33,33,33,33,33,33,33,33,47,47,47,33,33,33,33,33,33,33,33,47,47,33,33,33,33,33,33,33,33,33,47,47,47,47,47,33,33,33,33,33,33,47,47,47,47,33,33,33,33,33,33,47,47,33,33,33,33,33,33,33,33,33,33,33,33,33,33,33,33,33,33,33,33,33,33,33,33,33,33,33,33,33,33,33,33,33,33,33,33,33,33,33,33,33,33,33,33,33,33,33,33,33,33,33,33,33,33,33,33,33,33,33,33,33,33,33,33,33,33,33,33,33,109,111,111,111,111,111,111,111,111,111,111,111,111,111,111,111,111,111,111,111,111,111,111,111,111,111,111,111,111,111,111,111,111,111,111,111,111,111,111,111,111,111,111,111,111,111,111,111,111,111,111,111,111,111,111,111,111,111,111,111,111,111,111,111,111,111,111,111,111,111,111,111,118,0,119,120,121,0,0,0,8,9,101,97,97,102,0,10,11,0,114,0,0,0,0,0,0,0,0,0,0,0,47,0,0,0,0,0,0,0,0,0,0,0,0,0,0,0,0,0,0,0,0,0,0,47,47,0,0,0,0,0,47,47,0,0,0,0,0,0,0,0,0,0,144,145,0,0,144,143,143,33,33,33,33,33,33,145,144,143,143,145,0,0,144,145,0,0,0,0,0,0,173,47,173,47,173,47,144,143,143,145,0,0,144,145,0,0,0,0,0,47,0,47,0,47,0,0,0,0,144,145,0,0,144,143,143,145,0,0,144,145,47,174,47,174,47,174,47,174,47,174,0,0,0,0,0,0,0,125,0,0,0,146,147,0,0,0,79,0,79,79,0,79,0,0,0,0,0,0,79,0,0,0,0,0,0,0,79,0,0,79,0,0,0,0,0,0,125,0,0,79,0,0,0,0,0,0,79,0,79,79,0,79,0,0,0,0,0,0,0,0,0,144,145,0,79,0,79,79,0,79,0,0,0,0,0,0,0,0,47,47,47,0,0,0,0,0,0,47,116,117,111,111,117,118,0,0,79,79,0,47,116,117,118,0,0,0,0,0,0,47,47,0,0,0,0,47,47,47,0,0,0,116,117,118,47,0,0,0,0,0,0,47,8,9,0,0,0,0,0,116,111,69,65,65,70,111,118,47,0,0,0,0,0,0,0,0,0,0,0,0,0,0,0,0,47,47,79,0,0,116,118,0,10,11,47,47,0,0,0,0,0,47,47,0,0,0,0,0,116,118,0,0,0,0,0,47,47,0,0,0,47,47,0,0,0,47,0,47,116,118,0,79,0,0,0,0,47,47,0,0,0,0,0,116,79,79,118,0,47,0,47,47,0,47,47,0,79,0,47,47,0,0,0,47,0,0,0,0,0,47,0,0,0,52,0,47,0,52,0,0,0,47,0,0,79,79,0,0,0,0,47,0,0,0,0,79,79,79,0,47,0,0,0,0,79,0,52,0,0,0,47,0,0,0,0,0,47,0,0,0,0,79,0,52,47,0,0,0,79,79,79,0,0,0,10,11,0,0,0,0,47,0,0,0,0,0,0,0,0,10,11,0,0,0,0,47,0,0,0,0,0,0,10,11,0,0,116,117,65,65,65,65,65,65,65,117,118,4,0,0,0,47,0,0,0,0,0,10,11,0,0,0,0,0,0,0,0,0,0,0,0,0,0,0,0,47,0,116,117,118,0,80,0,122,123,124,0,77,0,77,0,0,0,119,120,121,0,3,3,0,10,11,0,47,0,10,11,0,47,0,0,10,11,0,0,0,0,0,0,0,0,0,0,47,0,0,8,9,0,0,0,0,0,0,47,0,0,0,0,0,0,0,0,0,0,3,3,0,0,0,0,0,0,0,0,0,0,0,0,0,0,0,0,53,0,0,122,123,124,0,0,47,0,0,47,0,0,47,0,0,0,0,0,77,0,0,69,78,70,0,0,0,0,0,0,0,0,0,3,3,0,0,0,0,0,80,0,0,0,47,0,0,0,0,0,0,0,0,0,0,0,0,0,0,0,0,0,0,0,53,0,0,0,0,0,0,0,0,0,160,99,99,99,99,99,163,0,156,159,0,160,99,99,99,99,99,163,0,156,159,0,160,99,111,111,111,99,163,0,156,159,0,156,159,0,156,159,0,0,36,47,47,47,47,47,47,47,47,47,47
0,0,0,0,0,0,0,0,0,0,0,0,0,0,0,0,0,0,0,0,0,0,0,0,0,0,0,0,0,0,0,0,0,0,0,0,0,0,0,0,0,0,0,0,0,0,0,0,0,0,0,0,0,0,0,0,0,0,0,0,0,0,32,0,0,0,45,0,45,0,45,0,0,0,122,123,124,0,0,47,0,0,47,0,0,0,0,122,123,124,0,0,0,0,0,0,0,0,0,150,151,0,0,0,0,0,52,0,0,0,0,0,0,0,0,0,0,0,0,0,0,0,0,0,0,0,0,0,0,0,0,0,0,0,0,0,0,0,0,0,0,0,0,37,46,38,0,0,0,0,0,0,52,0,0,47,0,47,0,0,0,0,0,0,0,0,0,0,0,0,0,0,0,0,0,0,0,32,0,0,0,174,175,0,52,0,0,0,0,0,0,0,0,0,0,0,0,0,0,0,0,0,0,0,0,0,37,46,38,0,0,0,47,119,120,121,0,157,69,65,65,65,65,65,65,65,65,65,65,65,65,65,65,65,65,65,65,65,65,65,65,65,65,65,65,65,65,65,65,65,65,65,65,65,65,65,65,65,65,65,65,65,65,65,65,65,65,65,65,65,65,65,65,65,65,65,65,65,65,65,65,65,65,65,65,65,65,65,65,65,65,65,65,65,65,65,65,65,65,65,65,65,65,65,65,65,65,65,65,65,65,65,65,65,65,65,65,65,65,65,65,65,65,65,65,65,65,65,65,65,65,65,65,65,65,65,65,65,65,65,65,65,65,65,65,65,65,65,65,65,65,65,65,65,65,65,65,65,109,111,111,111,111,111,111,111,111,111,111,111,111,111,111,111,111,111,111,111,111,111,111,111,111,111,111,111,111,111,111,111,111,111,111,111,111,111,111,111,111,111,111,111,111,111,111,111,111,111,111,111,111,111,111,111,111,111,111,111,111,111,111,111,111,111,111,111,111,111,111,111,111,118,122,123,124,0,0,0,10,11,100,69,70,98,0,0,0,0,0,0,0,0,0,0,0,0,0,0,0,0,47,0,0,0,0,0,0,0,0,0,0,0,0,0,0,0,0,0,0,0,0,0,0,47,47,0,0,0,0,0,47,47,0,0,0,0,0,0,0,0,0,144,143,143,145,144,143,69,70,143,143,143,143,143,143,143,143,69,70,143,145,144,143,143,145,0,0,144,145,144,33,33,33,33,33,33,143,69,70,143,145,144,143,143,145,0,0,144,145,47,174,47,174,47,174,0,0,144,143,143,145,144,143,69,70,143,145,144,143,143,33,33,33,33,33,33,33,33,33,33,145,125,0,0,0,0,0,0,0,0,0,79,0,0,0,144,145,144,145,144,145,144,145,0,0,0,0,0,0,79,0,0,0,0,0,144,145,144,145,144,145,0,0,0,8,9,0,0,0,0,79,0,0,0,0,0,79,0,79,79,0,79,0,0,8,9,0,0,0,0,144,147,146,145,144,145,144,145,144,145,0,125,0,0,0,0,0,8,9,47,0,0,0,79,0,0,0,116,111,69,65,65,70,111,118,0,0,0,0,0,119,120,121,0,0,0,0,0,79,79,0,0,0,0,0,0,47,47,47,0,0,119,120,121,0,0,0,0,79,0,0,0,10,11,47,0,0,0,116,111,69,73,79,79,74,70,111,118,0,0,0,0,0,0,0,0,0,0,125,0,0,0,0,0,47,47,0,0,116,79,79,118,0,0,116,118,0,79,0,0,0,47,47,0,8,9,0,116,79,79,118,0,79,0,0,47,47,0,79,79,47,47,8,9,0,116,118,116,79,79,118,0,8,9,0,0,47,47,0,79,0,0,116,79,37,38,79,118,47,0,116,118,0,47,47,0,0,0,116,118,0,0,0,47,0,0,0,79,0,47,0,0,0,79,0,47,0,79,0,0,0,47,0,0,0,0,0,0,0,0,47,0,0,79,0,0,0,0,0,47,0,0,0,0,0,0,79,0,0,0,47,0,79,0,0,0,47,53,0,0,0,0,0,79,47,0,0,0,0,0,0,0,0,12,12,12,12,12,12,12,12,12,12,0,0,127,0,0,0,47,0,0,0,0,8,9,0,0,0,0,0,12,12,12,116,117,79,144,33,33,33,33,33,33,33,145,79,117,118,12,12,12,12,12,12,12,12,12,12,12,12,12,12,12,12,12,125,0,0,0,0,0,0,8,9,47,0,119,120,121,0,77,0,0,0,0,0,77,0,77,0,0,0,122,123,124,0,69,70,0,0,0,0,47,0,0,0,0,47,0,0,0,0,0,0,0,3,3,3,0,0,0,0,47,0,0,10,11,0,0,0,0,0,0,47,0,0,0,0,0,0,0,0,0,0,69,70,0,0,3,3,0,0,0,0,0,0,0,0,0,0,0,0,201,0,0,0,0,0,0,0,47,0,0,47,0,0,47,0,0,0,0,0,77,0,0,77,0,77,0,0,0,52,0,0,0,0,0,69,70,0,0,0,0,0,77,0,0,0,47,0,0,0,0,0,0,0,0,0,0,0,0,0,0,0,0,0,0,3,3,0,0,0,0,0,0,0,0,0,0,30,47,30,47,30,0,0,157,158,0,0,30,47,30,47,30,0,0,157,158,0,0,30,47,30,47,30,0,0,157,158,12,157,158,12,157,158,92,0,36,47,47,47,47,47,47,47,47,47,47
0,0,0,0,0,0,0,0,0,0,0,0,0,0,0,0,0,0,0,0,0,0,0,0,0,0,0,0,0,0,0,0,0,0,0,0,0,0,0,0,0,0,0,0,0,0,0,0,0,0,0,0,0,0,0,0,0,0,32,0,0,0,47,0,0,0,45,0,45,0,45,0,0,0,0,47,0,0,0,47,0,0,47,0,0,0,0,0,47,0,0,0,0,0,0,0,0,0,0,36,35,150,151,0,0,0,0,0,0,0,0,0,0,0,0,0,0,0,0,0,0,0,0,0,0,0,0,0,0,0,0,0,0,0,0,0,0,0,0,0,0,0,0,45,0,45,0,0,32,0,0,0,0,0,0,47,0,47,0,0,0,0,0,0,0,0,0,0,0,0,0,0,0,0,0,0,0,47,0,0,37,46,38,0,0,0,0,0,0,0,0,0,0,0,0,0,0,0,0,0,0,0,0,52,0,0,45,0,45,0,0,0,47,122,123,124,156,47,68,79,79,79,79,79,79,79,79,79,79,79,79,79,79,79,79,79,79,79,79,79,79,79,79,79,79,79,79,79,79,79,79,79,79,79,79,79,79,79,79,79,79,79,79,79,79,79,79,79,79,79,79,79,79,79,79,79,79,79,79,79,79,79,79,79,79,79,79,79,79,79,79,79,79,79,79,79,79,79,79,79,79,79,79,79,79,79,79,79,79,79,79,79,79,79,79,79,79,79,79,79,79,79,79,79,79,79,79,79,79,79,79,79,79,79,79,79,79,79,79,79,79,79,79,79,79,79,79,79,79,79,79,79,79,79,79,79,79,79,109,111,111,111,111,111,111,111,111,111,111,111,111,111,111,111,111,111,111,111,111,111,111,111,111,111,111,111,111,111,111,111,111,111,111,111,111,111,111,111,111,111,111,111,111,111,111,111,111,111,111,111,111,111,111,111,111,111,111,111,111,111,111,111,111,111,111,111,111,111,111,111,111,111,118,0,0,0,0,0,0,0,100,68,66,98,0,0,0,0,0,0,0,0,0,0,0,0,0,0,0,0,47,0,0,0,0,0,0,0,0,0,0,0,0,0,0,0,0,0,0,0,0,0,0,47,47,0,0,0,0,0,47,47,0,0,0,0,0,0,144,145,144,143,69,70,143,143,69,73,74,65,65,65,65,65,65,65,65,73,74,70,143,143,69,70,143,145,144,143,143,143,143,143,143,143,143,143,69,73,74,70,143,143,69,70,143,145,144,143,143,33,33,33,33,33,33,145,144,143,69,70,143,143,69,73,74,70,143,143,69,70,143,143,143,143,143,143,143,143,143,143,143,145,125,0,0,0,0,0,79,0,0,0,79,0,144,147,146,147,146,147,146,147,146,145,0,0,0,0,79,0,0,125,0,0,144,147,146,147,146,147,146,145,0,0,10,11,0,0,0,79,0,0,125,0,0,0,144,145,144,145,144,145,0,0,10,11,0,0,0,144,147,79,79,146,147,146,147,146,147,146,145,0,0,0,0,0,47,10,11,0,0,0,0,0,0,0,116,111,69,73,79,79,74,70,111,118,0,0,0,0,122,123,124,47,0,0,0,0,0,0,0,0,0,0,0,0,0,47,47,47,47,122,123,124,0,0,0,79,79,79,0,0,0,47,47,47,0,116,111,69,73,79,79,79,79,74,70,111,118,0,0,0,0,0,0,0,0,0,0,0,0,0,0,0,47,47,0,116,79,37,38,79,118,116,79,79,118,0,0,0,125,47,47,0,10,11,116,79,37,38,79,118,0,125,0,116,118,0,0,0,47,47,10,11,116,79,79,79,37,38,79,118,10,11,79,0,47,47,0,0,0,116,79,37,41,42,38,79,118,116,79,79,118,47,47,125,0,116,79,79,118,12,37,33,38,12,12,12,12,12,12,12,12,12,12,12,12,12,12,12,12,12,12,12,12,12,12,12,12,12,12,12,12,12,12,12,12,12,37,33,33,38,12,12,12,12,12,12,12,12,12,12,12,12,12,37,33,38,12,12,12,12,12,12,12,12,12,12,12,12,12,116,117,65,65,65,65,65,65,65,65,65,65,117,118,4,0,0,0,47,0,0,0,0,10,11,0,0,0,116,117,65,65,65,79,144,33,47,47,47,47,47,47,47,47,47,33,145,79,65,65,65,65,65,65,65,65,65,65,65,65,65,65,65,65,65,145,0,0,179,3,3,0,10,11,47,0,122,123,124,0,77,0,0,0,0,0,77,0,77,0,0,0,0,0,0,0,68,66,0,0,0,0,47,0,0,0,0,47,0,0,0,0,0,0,0,69,78,70,0,0,0,0,47,0,0,0,0,0,0,0,0,0,0,47,0,0,0,0,0,0,0,0,0,0,68,66,0,0,69,70,0,0,0,52,0,0,0,3,0,0,0,0,80,0,0,0,0,0,0,0,47,0,0,47,0,0,47,0,0,0,0,0,77,0,0,77,0,77,0,0,0,47,0,0,0,0,0,68,66,0,0,0,0,0,77,0,0,0,47,0,0,0,0,0,0,0,0,0,0,0,0,0,0,0,0,0,0,69,70,137,137,136,137,137,137,136,137,137,137,136,137,137,137,136,137,137,137,136,137,137,137,136,137,137,137,136,137,137,137,136,137,137,137,136,137,137,137,136,137,137,137,136,137,137,137,136,137,137,137,136,137,137,137,136,137,137,137,136,137
0,0,0,0,0,0,0,0,0,0,0,0,0,0,0,0,0,0,0,0,0,0,0,0,0,8,9,0,0,0,0,0,0,0,0,0,0,0,0,0,0,0,8,9,0,0,0,0,0,0,0,0,0,0,0,0,0,12,47,12,12,12,47,12,12,12,45,12,45,12,45,12,12,12,12,47,12,12,12,47,12,12,47,12,12,12,12,12,47,12,12,12,12,12,12,12,12,12,12,45,12,36,47,150,151,12,12,12,12,12,12,0,0,0,0,0,0,0,0,0,0,0,8,9,0,0,0,0,0,0,0,0,0,0,0,0,53,12,12,12,12,12,12,45,12,45,12,12,47,12,12,12,12,12,12,47,12,47,12,12,12,12,12,12,12,12,12,12,12,12,12,12,12,12,12,12,12,47,12,12,45,12,45,12,12,12,12,12,0,0,0,0,8,9,0,0,0,0,0,0,0,8,9,12,12,12,45,12,45,12,12,12,47,12,12,12,157,69,73,79,79,79,79,79,79,79,79,79,79,79,79,79,79,79,79,79,79,79,79,79,79,79,79,79,79,79,79,79,79,79,79,79,79,79,79,79,79,79,79,79,79,79,79,79,79,79,79,79,79,79,79,79,79,79,79,79,79,79,79,79,79,79,79,79,79,79,79,79,79,79,79,79,79,79,79,79,79,79,79,79,79,79,79,79,79,79,79,79,79,79,79,79,79,79,79,79,79,79,79,79,79,79,79,79,79,79,79,79,79,79,79,79,79,79,79,79,79,79,79,79,79,79,79,79,79,79,79,79,79,79,79,79,79,79,79,79,79,79,109,111,111,111,111,111,111,111,111,111,111,111,111,111,111,111,111,111,111,111,111,111,111,111,111,111,111,111,111,111,111,111,111,111,111,111,111,111,111,111,111,111,111,111,111,111,111,111,111,111,111,111,111,111,111,111,111,111,111,111,111,111,111,111,111,111,111,111,111,111,111,111,111,111,111,118,12,12,12,12,12,156,111,68,66,111,159,12,12,12,12,12,12,12,12,12,12,12,12,12,12,12,47,12,12,12,12,12,12,12,12,12,12,12,12,12,12,12,150,151,0,0,0,0,174,17,17,173,0,0,0,174,17,17,173,0,53,174,175,144,143,143,143,69,73,74,65,65,73,79,79,79,79,79,79,79,79,79,79,79,79,74,65,65,73,74,70,143,143,69,65,65,65,65,65,65,65,65,73,79,79,74,65,65,73,74,70,143,143,69,70,143,143,143,143,143,143,143,143,69,73,74,65,65,73,79,79,74,65,65,73,74,65,65,65,65,65,65,65,65,65,65,70,143,145,47,47,47,47,47,144,145,47,47,47,144,147,79,79,79,79,79,79,79,79,146,145,47,47,47,144,145,47,47,47,144,147,79,79,79,79,79,79,146,145,47,47,47,47,47,47,144,145,47,47,47,47,144,147,146,147,146,147,146,145,47,47,47,47,47,144,147,79,79,79,79,79,79,79,79,79,79,146,145,12,12,12,12,12,12,12,12,12,12,12,12,116,117,111,69,73,79,79,79,79,74,70,111,117,118,12,12,12,12,12,12,12,12,12,12,12,12,12,12,12,12,12,12,12,12,12,12,12,12,12,12,12,12,12,12,12,12,12,12,12,12,12,116,117,111,69,73,79,79,79,79,79,79,74,70,111,117,118,12,12,12,12,12,12,12,12,12,12,12,12,12,12,12,116,79,37,41,42,38,79,79,37,38,79,118,12,12,12,116,118,12,12,116,79,37,41,42,38,79,118,12,116,79,79,118,12,12,12,12,12,116,79,37,33,33,41,42,38,79,118,12,12,12,116,118,12,12,116,79,37,41,47,47,42,38,79,79,37,38,79,118,12,12,116,79,37,38,79,65,65,65,65,65,65,65,65,65,65,65,65,65,65,65,65,65,65,65,65,65,65,65,65,65,65,65,65,65,65,65,65,65,65,65,65,65,65,65,65,65,65,65,65,65,65,65,65,65,65,65,65,65,65,65,65,65,65,65,65,65,65,65,65,65,65,65,65,65,65,79,144,33,33,33,33,33,33,33,33,33,33,145,79,117,118,12,12,12,12,12,12,12,12,12,12,116,117,79,144,33,33,33,33,47,47,47,120,120,120,120,120,120,120,47,47,47,33,33,33,33,33,33,33,33,33,33,33,33,33,33,33,33,33,145,79,145,12,12,69,70,12,12,12,47,12,12,12,12,12,77,12,12,12,12,12,77,12,77,12,12,12,12,12,12,12,68,66,12,12,12,12,47,12,12,12,12,47,12,12,12,12,12,12,12,77,12,77,12,12,12,12,47,12,12,12,12,12,12,12,12,12,12,47,12,12,12,12,12,12,12,12,12,12,68,66,12,12,68,66,12,12,12,47,12,12,12,80,12,12,12,12,77,12,12,12,12,12,12,12,47,12,12,47,12,12,47,12,12,12,12,12,77,12,12,77,12,77,12,12,12,47,12,12,12,12,12,68,66,12,12,12,12,12,77,12,12,12,47,12,12,12,12,12,12,12,12,12,12,12,12,12,12,12,12,12,12,68,66,6,6,2,6,6,6,2,6,6,6,2,6,6,6,2,6,6,6,2,6,6,6,2,6,6,6,2,6,6,6,2,6,6,6,2,6,6,6,2,6,6,6,2,6,6,6,2,6,6,6,2,6,6,6,2,6,6,6,2,6
