0,0,0,0,0,0,0,0,0,0,0,0,0,0,0,0,0,0,0,0,0,0,0,0,0,0,0,0,0,0,0,0,0,0,0,0,0,0,0,0,0,0,0,0,0,0,0,0,0,109,6,6,2,2,2,2,2,2,2,2,2,2,2,2,2,2,2,2,2,2,2,2,2,2,2,2,2,2,2,2,2,2,2,2,2,2,2,2,2,2,2,2,2,2,2,2,2,2,2,2,2,2,2,2,2,2,2,2,2,2,2,2,2,2,2,2,2,2,2,2,2,2,2,2,2,2,2,2,2,2,2,2,2,2,2,2,2,2,2,2,2,2,2,2,2,2,2,2,2,2,2,2,2,2,2,2,2,2,2,2,2,2,2,2,2,2,2,2,2,2,6,6,109,0,0,0,0,0,47,68,79,79,79,79,79,79,79,79,79,79,79,79,79,79,79,79,79,79,79,79,79,79,79,79,79,79,79,79,79,79,79,79,79,79,79,79,79,79,79,79,79,79,79,79,79,79,79,79,79,79,79,79,79,79,79,79,79,79,79,79,79,79,79,79,79,79,79,79,79,79,79,79,79,79,79,79,79,79,79,79,79,79,79,79,79,79,79,79,79,79,79,79,79,79,79,79,79,79,79,79,79,79,79,79,79,79,79,79,79,79,79,79,79,79,79,79,79,79,79,79,79,79,79,79,79,79,79,79,79,79,79,79,79,79,79,79,79,79,79,79,79,79,79,79,79,79,79,79,79,79,79,79,79,79,79,79,66,0,47,0,0,0,0,0,0,0,0,0,0,0,0,0,0,0,0,0,0,0,0,0,0,0,0,0,0,0,0,0,0,0,0,0,0,0,0,0,0,0,0,0,0,0,0,0,0,0,0,0,0,0,0,0,0,0,0,0,0,0,0,0,0,0,0,0,0,0,0,0,0,0,0,0,0,0,0,0,0,0,0,0,0,0,0,0,0,0,0,0,0,0,0,0,0,0,0,0,0,0,0,0,0,0,0,0,0,0,0,0,0,0,0,0,2,6,47,36,47,36,47,36,47,36,47,36,47,36,47,36,47,36,47,36,47,36,47,36,47,36,47,36,47,36,47,36,47,36,47,36,47,36,47,36,47,36,47,36,47,36,47,36,47,36,47,36,47,36,47,36,47,36,47,36,47,36,47,36,47,36,47,36,47,36,47,36,47,36,47,36,47,36,47,36,47,36,47,36,47,36,47,36,47,36,47,36,47,36,47,36,47,36,47,36,47,36,47,36,47,36,47,36,47,36,47,36,47,36,47,36,47,36,47,36,47,36,47,36,47,36,47,36,47,36,47,36,47,36,47,36,47,36,47,36,47,36,47,36,47,36,47,36,47,36,47,36,47,36,47,36,47,36,47,36,47,36,47,36,47,36,47,36,47,6,6,0,0,0,0,0,0,0,0,0,0,0,0,0,0,0,0,0,0,0,0,0,0,0,0,0,0,0,0,0,0,0,0,0,0,0,0,0,0,0,0,0,0,0,0,0,0,0,0,0,0,0,0,0,0,0,0,0,0,0,0,0,0,0,0,0,0,0,0
0,0,179,0,179,181,179,181,179,181,0,179,181,179,181,179,181,0,179,179,179,181,179,181,179,181,179,0,0,0,0,0,0,0,0,0,0,0,0,0,0,0,0,0,0,0,0,0,0,109,6,6,2,2,2,2,2,2,2,2,2,2,2,2,2,2,2,2,2,2,2,2,2,2,2,2,2,2,2,2,2,2,2,2,2,2,2,2,2,2,2,2,2,2,2,2,2,2,2,2,2,2,2,2,2,2,2,2,2,2,2,2,2,2,2,2,2,2,2,2,2,2,2,2,2,2,2,2,2,2,2,2,2,2,2,2,2,2,2,2,2,2,2,2,2,2,2,2,2,2,2,2,2,2,2,2,2,2,2,2,2,2,2,2,2,2,2,2,2,2,6,6,109,0,0,0,0,0,0,68,79,79,79,79,79,79,79,79,79,79,79,79,79,79,79,79,79,79,79,79,79,79,79,79,79,79,79,79,79,79,79,79,79,79,79,79,79,79,79,79,79,79,79,79,79,79,79,79,79,79,79,79,79,79,79,79,79,79,79,79,79,79,79,79,79,79,79,79,79,79,79,79,79,79,79,79,79,79,79,79,79,79,79,79,79,79,79,79,79,79,79,79,79,79,79,79,79,79,79,79,79,79,79,79,79,79,79,79,79,79,79,79,79,79,79,79,79,79,79,79,79,79,79,79,79,79,79,79,79,79,79,79,79,79,79,79,79,79,79,79,79,79,79,79,79,79,79,79,79,79,79,79,79,79,79,79,66,47,0,47,0,0,0,0,0,0,0,0,0,0,0,0,0,0,0,0,0,0,0,0,0,0,0,0,0,0,0,0,0,0,0,0,0,0,0,0,0,0,0,0,0,0,0,0,0,0,0,0,0,0,0,0,0,0,0,0,0,0,0,0,0,0,0,0,0,0,0,0,0,0,0,0,0,0,0,0,0,0,0,0,0,0,0,0,0,0,0,0,0,0,0,0,0,0,0,0,0,0,0,0,0,0,0,0,0,0,0,0,0,0,0,0,2,6,47,36,47,36,47,36,47,36,47,36,47,36,47,36,47,36,47,36,47,36,47,36,47,36,47,36,47,36,47,36,47,36,47,36,47,36,47,36,47,36,47,36,47,36,47,36,47,36,47,36,47,36,47,36,47,36,47,36,47,36,47,36,47,36,47,36,47,36,47,36,47,36,47,36,47,36,47,36,47,36,47,36,47,36,47,36,47,36,47,36,47,36,47,36,47,36,47,36,47,36,47,36,47,36,47,36,47,36,47,36,47,36,47,36,47,36,47,36,47,36,47,36,47,36,47,36,47,36,47,36,47,36,47,36,47,36,47,36,47,36,47,36,47,36,47,36,47,36,47,36,47,36,47,36,47,36,47,36,47,36,47,36,47,36,47,36,47,6,6,0,0,0,0,0,0,0,0,0,0,0,0,0,0,0,0,0,0,0,0,0,0,0,0,0,0,0,0,0,0,0,0,0,0,0,0,0,0,0,0,0,0,0,0,0,0,0,0,0,0,0,0,0,0,0,0,0,0,0,0,0,0,0,0,0,0,0,0
0,0,183,0,183,181,183,181,183,181,0,183,187,183,189,0,182,0,183,187,183,181,183,189,183,181,183,0,0,0,0,0,0,0,0,0,0,0,0,0,0,0,0,0,0,0,0,0,0,109,6,6,2,2,2,2,2,2,2,2,2,2,2,2,2,2,2,2,2,2,2,2,2,2,2,2,2,2,2,2,2,2,2,2,2,2,2,2,2,2,2,2,2,2,2,2,2,2,2,2,2,2,2,2,2,2,2,2,2,2,2,2,2,2,2,2,2,2,2,2,2,2,2,2,2,2,2,2,2,2,2,2,2,2,2,2,2,2,2,2,2,2,2,2,2,2,2,2,2,2,2,2,2,2,2,2,2,2,2,2,2,2,2,2,2,2,2,2,2,2,6,6,109,0,0,0,0,0,47,68,79,79,79,79,79,79,79,79,79,79,79,79,79,79,79,79,79,79,79,79,79,79,79,79,79,79,79,79,79,79,79,79,79,79,79,79,79,79,79,79,79,79,79,79,79,79,79,79,79,79,79,79,79,79,79,79,79,79,79,79,79,79,79,79,79,79,79,79,79,79,79,79,79,79,79,79,79,79,79,79,79,79,79,79,79,79,79,79,79,79,79,79,79,79,79,79,79,79,79,79,79,79,79,79,79,79,79,79,79,79,79,79,79,79,79,79,79,79,79,79,79,79,79,79,79,79,79,79,79,79,79,79,79,79,79,79,79,79,79,79,79,79,79,79,79,79,79,79,79,79,79,79,79,79,79,79,66,0,47,0,0,0,0,0,0,0,0,0,0,0,0,0,0,0,0,0,0,0,0,0,0,0,0,0,0,0,0,0,0,0,0,0,0,0,0,0,0,0,0,0,0,0,0,0,0,0,0,0,0,0,0,0,0,0,0,0,0,0,0,0,0,0,0,0,0,0,0,0,0,0,0,0,0,0,0,0,0,0,0,0,0,0,0,0,0,0,0,0,0,0,0,0,0,0,0,0,0,0,0,0,0,0,0,0,0,0,0,0,0,0,0,0,2,6,47,36,47,36,47,36,47,36,47,36,47,36,47,36,47,36,47,36,47,36,47,36,47,36,47,36,47,36,47,36,47,36,47,36,47,36,47,36,47,36,47,36,47,36,47,36,47,36,47,36,47,36,47,36,47,36,47,36,47,36,47,36,47,36,47,36,47,36,47,36,47,36,47,36,47,36,47,36,47,36,47,36,47,36,47,36,47,36,47,36,47,36,47,36,47,36,47,36,47,36,47,36,47,36,47,36,47,36,47,36,47,36,47,36,47,36,47,36,47,36,47,36,47,36,47,36,47,36,47,36,47,36,47,36,47,36,47,36,47,36,47,36,47,36,47,36,47,36,47,36,47,36,47,36,47,36,47,36,47,36,47,36,47,36,47,36,47,6,6,0,0,0,0,0,0,0,0,0,0,0,0,0,0,0,0,0,0,0,0,0,0,0,0,0,0,0,0,0,0,0,0,0,0,0,0,0,0,0,0,0,0,0,0,0,0,0,0,0,0,0,0,0,0,0,0,0,0,0,0,0,0,0,0,0,0,0,0
0,0,183,181,183,181,179,187,179,187,0,183,183,183,183,0,182,0,183,183,183,181,183,183,183,181,179,0,0,0,0,0,0,0,0,0,0,0,0,0,0,0,0,0,0,0,0,0,0,109,6,6,2,2,2,2,2,2,2,2,2,2,2,2,2,2,2,2,2,2,2,2,2,2,2,2,2,2,2,2,2,2,2,2,2,2,2,2,2,2,2,2,2,2,2,2,2,2,2,2,2,2,2,2,2,2,2,2,2,2,2,2,2,2,2,2,2,2,2,2,2,2,2,2,2,2,2,2,2,2,2,2,2,2,2,2,2,2,2,2,2,2,2,2,2,2,2,2,2,2,2,2,2,2,2,2,2,2,2,2,2,2,2,2,2,2,2,2,2,2,6,6,109,0,0,0,0,0,0,68,79,79,79,79,79,79,79,79,79,79,79,79,79,79,79,79,79,79,79,79,79,79,79,79,79,79,79,79,79,79,79,79,79,79,79,79,79,79,79,79,79,79,79,79,79,79,79,79,79,79,79,79,79,79,79,79,79,79,79,79,79,79,79,79,79,79,79,79,79,79,79,79,79,79,79,79,79,79,79,79,79,79,79,79,79,79,79,79,79,79,79,79,79,79,79,79,79,79,79,79,79,79,79,79,79,79,79,79,79,79,79,79,79,79,79,79,79,79,79,79,79,79,79,79,79,79,79,79,79,79,79,79,79,79,79,79,79,79,79,79,79,79,79,79,79,79,79,79,79,79,79,79,79,79,79,79,66,47,0,47,0,0,0,0,0,0,0,0,0,0,0,0,0,0,0,0,0,0,0,0,0,0,0,0,0,0,0,0,0,0,0,0,0,0,0,0,0,0,0,0,0,0,0,0,0,0,0,0,0,0,0,0,0,0,0,0,0,0,0,0,0,0,0,0,0,0,0,0,0,0,0,0,0,0,0,0,0,0,0,0,0,0,0,0,0,0,0,0,0,0,0,0,0,0,0,0,0,0,0,0,0,0,0,0,0,0,0,0,0,0,0,0,2,6,47,36,47,36,47,36,47,36,47,36,47,36,47,36,47,36,47,36,47,36,47,36,47,36,47,36,47,36,47,36,47,36,47,36,47,36,47,36,47,36,47,36,47,36,47,36,47,36,47,36,47,36,47,36,47,36,47,36,47,36,47,36,47,36,47,36,47,36,47,36,47,36,47,36,47,36,47,36,47,36,47,36,47,36,47,36,47,36,47,36,47,36,47,36,47,36,47,36,47,36,47,36,47,36,47,36,47,36,47,36,47,36,47,36,47,36,47,36,47,36,47,36,47,36,47,36,47,36,47,36,47,36,47,36,47,36,47,36,47,36,47,36,47,36,47,36,47,36,47,36,47,36,47,36,47,36,47,36,47,36,47,36,47,36,47,36,47,6,6,0,0,0,0,0,0,0,0,0,0,0,0,0,0,0,0,0,0,0,0,0,0,0,0,0,0,0,0,0,0,0,0,0,0,0,0,0,0,0,0,0,0,0,0,0,0,0,0,0,0,0,0,0,0,0,0,0,0,0,0,0,0,0,0,0,0,0,0
0,0,0,0,0,0,0,0,0,0,0,0,0,0,0,0,0,0,0,0,0,0,0,0,0,0,0,0,0,0,0,0,0,0,0,0,0,0,0,0,0,0,0,0,0,0,0,0,0,109,6,6,2,2,2,2,2,2,2,2,2,2,2,2,2,2,2,2,2,2,2,2,2,2,2,2,2,2,2,2,2,2,2,2,2,2,2,2,2,2,2,2,2,2,2,2,2,2,2,2,2,2,2,2,2,2,2,2,2,2,2,2,2,2,2,2,2,2,2,2,2,2,2,2,2,2,2,2,2,2,2,2,2,2,2,2,2,2,2,2,2,2,2,2,2,2,2,2,2,2,2,2,2,2,2,2,2,2,2,2,2,2,2,2,2,2,2,2,2,2,6,6,109,0,0,0,0,0,47,68,79,79,79,79,79,79,79,79,79,79,79,79,79,79,79,79,79,79,79,79,79,79,79,79,79,79,79,79,79,79,79,79,79,79,79,79,79,79,79,79,79,79,79,79,79,79,79,79,79,79,79,79,79,79,79,79,79,79,79,79,79,79,79,79,79,79,79,79,79,79,79,79,79,79,79,79,79,79,79,79,79,79,79,79,79,79,79,79,79,79,79,79,79,79,79,79,79,79,79,79,79,79,79,79,79,79,79,79,79,79,79,79,79,79,79,79,79,79,79,79,79,79,79,79,79,79,79,79,79,79,79,79,79,79,79,79,79,79,79,79,79,79,79,79,79,79,79,79,79,79,79,79,79,79,79,79,66,0,47,0,0,0,0,0,0,0,0,0,0,0,0,0,0,0,0,0,0,0,0,0,0,0,0,0,0,0,0,0,0,0,0,0,0,0,0,0,0,0,0,0,0,0,0,0,0,0,0,0,0,0,0,0,0,0,0,0,0,0,0,0,0,0,0,0,0,0,0,0,0,0,0,0,0,0,0,0,0,0,0,0,0,0,0,0,0,0,0,0,0,0,0,0,0,0,0,0,0,0,0,0,0,0,0,0,0,0,0,0,0,0,0,0,2,6,47,36,47,36,47,36,47,36,47,36,47,36,47,36,47,36,47,36,47,36,47,36,47,36,47,36,47,36,47,36,47,36,47,36,47,36,47,36,47,36,47,36,47,36,47,36,47,36,47,36,47,36,47,36,47,36,47,36,47,36,47,36,47,36,47,36,47,36,47,36,47,36,47,36,47,36,47,36,47,36,47,36,47,36,47,36,47,36,47,36,47,36,47,36,47,36,47,36,47,36,47,36,47,36,47,36,47,36,47,36,47,36,47,36,47,36,47,36,47,36,47,36,47,36,47,36,47,36,47,36,47,36,47,36,47,36,47,36,47,36,47,36,47,36,47,36,47,36,47,36,47,36,47,36,47,36,47,36,47,36,47,36,47,36,47,36,47,6,6,0,0,0,0,0,0,0,0,0,0,0,0,0,0,0,0,0,0,0,0,0,0,0,0,0,0,0,0,0,0,0,0,0,0,0,0,0,0,0,0,0,0,0,0,0,0,0,0,0,0,0,0,0,0,0,0,0,0,0,0,0,0,0,0,0,0,0,0
0,0,179,181,179,181,179,181,179,181,179,179,0,179,181,179,181,179,181,179,179,179,0,0,0,0,0,0,0,0,0,0,0,0,0,0,0,0,0,0,0,0,0,0,0,0,0,0,0,109,6,6,2,2,2,2,2,2,2,2,2,2,2,2,2,2,2,2,2,2,2,2,2,2,2,2,2,2,2,2,2,2,2,2,2,2,2,2,2,2,2,2,2,2,2,2,2,2,2,2,2,2,2,2,2,2,2,2,2,2,2,2,2,2,2,2,2,2,2,2,2,2,2,2,2,2,2,2,2,2,2,2,2,2,2,2,2,2,2,2,2,2,2,2,2,2,2,2,2,2,2,2,2,2,2,2,2,2,2,2,2,2,2,2,2,2,2,2,2,2,6,6,109,0,0,0,0,0,0,68,79,79,79,79,79,79,79,79,79,79,79,79,79,79,79,79,79,79,79,79,79,79,79,79,79,79,79,79,79,79,79,79,79,79,79,79,79,79,79,79,79,79,79,79,79,79,79,79,79,79,79,79,79,79,79,79,79,79,79,79,79,79,79,79,79,79,79,79,79,79,79,79,79,79,79,79,79,79,79,79,79,79,79,79,79,79,79,79,79,79,79,79,79,79,79,79,79,79,79,79,79,79,79,79,79,79,79,79,79,79,79,79,79,79,79,79,79,79,79,79,79,79,79,79,79,79,79,79,79,79,79,79,79,79,79,79,79,79,79,79,79,79,79,79,79,79,79,79,79,79,79,79,79,79,79,79,66,47,0,47,0,0,0,0,0,0,0,0,0,0,0,0,0,0,0,0,0,0,0,0,0,0,0,0,0,0,0,0,0,0,0,0,0,0,0,0,0,0,0,0,0,0,0,0,0,0,0,0,0,0,0,0,0,0,0,0,0,0,0,0,0,0,0,0,0,0,0,0,0,0,0,0,0,0,0,0,0,0,0,0,0,0,0,0,0,0,0,0,0,0,0,0,0,0,0,0,0,0,0,0,0,0,0,0,0,0,0,0,0,0,0,0,2,6,47,36,47,36,47,36,47,36,47,36,47,36,47,36,47,36,47,36,47,36,47,36,47,36,47,36,47,36,47,36,47,36,47,36,47,36,47,36,47,36,47,36,47,36,47,36,47,36,47,36,47,36,47,36,47,36,47,36,47,36,47,36,47,36,47,36,47,36,47,36,47,36,47,36,47,36,47,36,47,36,47,36,47,36,47,36,47,36,47,36,47,36,47,36,47,36,47,36,47,36,47,36,47,36,47,36,47,36,47,36,47,36,47,36,47,36,47,36,47,36,47,36,47,36,47,36,47,36,47,36,47,36,47,36,47,36,47,36,47,36,47,36,47,36,47,36,47,36,47,36,47,36,47,36,47,36,47,36,47,36,47,36,47,36,47,36,47,6,6,0,0,0,0,0,0,0,0,0,0,0,0,0,0,0,0,0,0,0,0,0,0,0,0,0,0,0,0,0,0,0,0,0,0,0,0,0,0,0,0,0,0,0,0,0,0,0,0,0,0,0,0,0,0,0,0,0,0,0,0,0,0,0,0,0,0,0,0
0,0,183,181,183,183,183,189,183,189,183,187,0,183,181,183,183,183,181,183,183,183,0,0,0,0,0,0,0,0,0,0,0,0,0,0,0,0,0,0,0,0,0,0,0,0,0,0,0,109,6,6,2,2,2,2,2,2,2,2,2,2,2,2,2,2,2,2,2,2,2,2,2,2,2,2,2,2,2,2,2,2,2,2,2,2,2,2,2,2,2,2,2,2,2,2,2,2,2,2,2,2,2,2,2,2,2,2,2,2,2,2,2,2,2,2,2,2,2,2,2,2,2,2,2,2,2,2,2,2,2,2,2,2,2,2,2,2,2,2,2,2,2,2,2,2,2,2,2,2,2,2,2,2,2,2,2,2,2,2,2,2,2,2,2,2,2,2,2,2,6,6,109,0,0,0,0,0,47,68,79,79,79,79,79,79,79,79,79,79,79,79,79,79,79,79,79,79,79,79,79,79,79,79,79,79,79,79,79,79,79,79,79,79,79,79,79,79,79,79,79,79,79,79,79,79,79,79,79,79,79,79,79,79,79,79,79,79,79,79,79,79,79,79,79,79,79,79,79,79,79,79,79,79,79,79,79,79,79,79,79,79,79,79,79,79,79,79,79,79,79,79,79,79,79,79,79,79,79,79,79,79,79,79,79,79,79,79,79,79,79,79,79,79,79,79,79,79,79,79,79,79,79,79,79,79,79,79,79,79,79,79,79,79,79,79,79,79,79,79,79,79,79,79,79,79,79,79,79,79,79,79,79,79,79,79,66,0,47,0,0,0,0,0,0,0,0,0,0,0,0,0,0,0,0,0,0,0,0,0,0,0,0,0,0,0,0,0,0,0,0,0,0,0,0,0,0,0,0,0,0,0,0,0,0,0,0,0,0,0,0,0,0,0,0,0,0,0,0,0,0,0,0,0,0,0,0,0,0,0,0,0,0,0,0,0,0,0,0,0,0,0,0,0,0,0,0,0,0,0,0,0,0,0,0,0,0,0,0,0,0,0,0,0,0,0,0,0,0,0,0,0,2,6,47,36,47,36,47,36,47,36,47,36,47,36,47,36,47,36,47,36,47,36,47,36,47,36,47,36,47,36,47,36,47,36,47,36,47,36,47,36,47,36,47,36,47,36,47,36,47,36,47,36,47,36,47,36,47,36,47,36,47,36,47,36,47,36,47,36,47,36,47,36,47,36,47,36,47,36,47,36,47,36,47,36,47,36,47,36,47,36,47,36,47,36,47,36,47,36,47,36,47,36,47,36,47,36,47,36,47,36,47,36,47,36,47,36,47,36,47,36,47,36,47,36,47,36,47,36,47,36,47,36,47,36,47,36,47,36,47,36,47,36,47,36,47,36,47,36,47,36,47,36,47,36,47,36,47,36,47,36,47,36,47,36,47,36,47,36,47,6,6,0,0,0,0,0,0,0,0,0,0,0,0,0,0,0,0,0,0,0,0,0,0,0,0,0,0,0,0,0,0,0,0,0,0,0,0,0,0,0,0,0,0,0,0,0,0,0,0,0,0,0,0,0,0,0,0,0,0,0,0,0,0,0,0,0,0,0,0
0,0,179,187,183,187,183,183,183,183,179,187,0,183,0,183,187,183,0,183,183,179,0,0,0,0,0,0,0,0,0,0,0,0,0,0,0,0,0,0,0,0,0,0,0,0,0,0,0,109,6,6,2,2,2,2,2,2,2,2,2,2,2,2,2,2,2,2,2,2,2,2,2,2,2,2,2,2,2,2,2,2,2,2,2,2,2,2,2,2,2,2,2,2,2,2,2,2,2,2,2,2,2,2,2,2,2,2,2,2,2,2,2,2,2,2,2,2,2,2,2,2,2,2,2,2,2,2,2,2,2,2,2,2,2,2,2,2,2,2,2,2,2,2,2,2,2,2,2,2,2,2,2,2,2,2,2,2,2,2,2,2,2,2,2,2,2,2,2,2,6,6,109,0,0,0,0,0,0,68,79,79,79,79,79,79,79,79,79,79,79,79,79,79,79,79,79,79,79,79,79,79,79,79,79,79,79,79,79,79,79,79,79,79,79,79,79,79,79,79,79,79,79,79,79,79,79,79,79,79,79,79,79,79,79,79,79,79,79,79,79,79,79,79,79,79,79,79,79,79,79,79,79,79,79,79,79,79,79,79,79,79,79,79,79,79,79,79,79,79,79,79,79,79,79,79,79,79,79,79,79,79,79,79,79,79,79,79,79,79,79,79,79,79,79,79,79,79,79,79,79,79,79,79,79,79,79,79,79,79,79,79,79,79,79,79,79,79,79,79,79,79,79,79,79,79,79,79,79,79,79,79,79,79,79,79,66,47,0,47,0,0,0,0,0,0,0,0,0,0,0,0,0,0,0,0,0,0,0,0,0,0,0,0,0,0,0,0,0,0,0,0,0,0,0,0,0,0,0,0,0,0,0,0,0,0,0,0,0,0,0,0,0,0,0,0,0,0,0,0,0,0,0,0,0,0,0,0,0,0,0,0,0,0,0,0,0,0,0,0,0,0,0,0,0,0,0,0,0,0,0,0,0,0,0,0,0,0,0,0,0,0,0,0,0,0,0,0,0,0,0,0,2,6,47,36,47,36,47,36,47,36,47,36,47,36,47,36,47,36,47,36,47,36,47,36,47,36,47,36,47,36,47,36,47,36,47,36,47,36,47,36,47,36,47,36,47,36,47,36,47,36,47,36,47,36,47,36,47,36,47,36,47,36,47,36,47,36,47,36,47,36,47,36,47,36,47,36,47,36,47,36,47,36,47,36,47,36,47,36,47,36,47,36,47,36,47,36,47,36,47,36,47,36,47,36,47,36,47,36,47,36,47,36,47,36,47,36,47,36,47,36,47,36,47,36,47,36,47,36,47,36,47,36,47,36,47,36,47,36,47,36,47,36,47,36,47,36,47,36,47,36,47,36,47,36,47,36,47,36,47,36,47,36,47,36,47,36,47,36,47,6,6,0,0,0,0,0,0,0,0,0,0,0,0,0,0,0,0,0,0,0,0,0,0,0,0,0,0,0,0,0,0,0,0,0,0,0,0,0,0,0,0,0,0,0,0,0,0,0,0,0,0,0,0,0,0,0,0,0,0,0,0,0,0,0,0,0,0,0,0
0,0,0,0,0,0,0,0,0,0,0,0,0,0,0,0,0,0,0,0,0,0,0,0,0,0,0,0,0,0,0,0,0,0,0,0,0,0,0,0,0,0,0,0,0,0,0,0,0,109,6,6,2,2,2,2,2,2,2,2,2,2,2,2,2,2,2,2,2,2,2,2,2,2,2,2,2,2,2,2,2,2,2,2,2,2,2,2,2,2,2,2,2,2,2,2,2,2,2,2,2,2,2,2,2,2,2,2,2,2,2,2,2,2,2,2,2,2,2,2,2,2,2,2,2,2,2,2,2,2,2,2,2,2,2,2,2,2,2,2,2,2,2,2,2,2,2,2,2,2,2,2,2,2,2,2,2,2,2,2,2,2,2,2,2,2,2,2,2,2,6,6,109,0,0,0,0,0,47,68,79,79,79,79,79,79,79,79,79,79,79,79,79,79,79,79,79,79,79,79,79,79,79,79,79,79,79,79,79,79,79,79,79,79,79,79,79,79,79,79,79,79,79,79,79,79,79,79,79,79,79,79,79,79,79,79,79,79,79,79,79,79,79,79,79,79,79,79,79,79,79,79,79,79,79,79,79,79,79,79,79,79,79,79,79,79,79,79,79,79,79,79,79,79,79,79,79,79,79,79,79,79,79,79,79,79,79,79,79,79,79,79,79,79,79,79,79,79,79,79,79,79,79,79,79,79,79,79,79,79,79,79,79,79,79,79,79,79,79,79,79,79,79,79,79,79,79,79,79,79,79,79,79,79,79,79,66,0,47,0,0,0,0,0,0,0,0,0,0,0,0,0,0,0,0,0,0,0,0,0,0,0,0,0,0,0,0,0,0,0,0,0,0,0,0,0,0,0,0,0,0,0,0,0,0,0,0,0,0,0,0,0,0,0,0,0,0,0,0,0,0,0,0,0,0,0,0,0,0,0,0,0,0,0,0,0,0,0,0,0,0,0,0,0,0,0,0,0,0,0,0,0,0,0,0,0,0,0,0,0,0,0,0,0,0,0,0,0,0,0,0,0,2,6,47,36,47,36,47,36,47,36,47,36,47,36,47,36,47,36,47,36,47,36,47,36,47,36,47,36,47,36,47,36,47,36,47,36,47,36,47,36,47,36,47,36,47,36,47,36,47,36,47,36,47,36,47,36,47,36,47,36,47,36,47,36,47,36,47,36,47,36,47,36,47,36,47,36,47,36,47,36,47,36,47,36,47,36,47,36,47,36,47,36,47,36,47,36,47,36,47,36,47,36,47,36,47,36,47,36,47,36,47,36,47,36,47,36,47,36,47,36,47,36,47,36,47,36,47,36,47,36,47,36,47,36,47,36,47,36,47,36,47,36,47,36,47,36,47,36,47,36,47,36,47,36,47,36,47,36,47,36,47,36,47,36,47,36,47,36,47,6,6,0,0,0,0,0,0,0,0,0,0,0,0,0,0,0,0,0,0,0,0,0,0,0,0,0,0,0,0,0,0,0,0,0,0,0,0,0,0,0,0,0,0,0,0,0,0,0,0,47,47,47,0,0,0,0,0,0,47,0,47,47,47,0,0,0,0,0,0
0,0,0,0,0,0,0,0,0,0,0,0,0,0,0,0,0,0,0,0,0,0,0,0,0,0,0,0,0,0,0,0,0,0,0,0,0,0,0,0,0,0,0,0,0,0,0,0,0,109,6,6,2,2,2,2,2,2,2,2,2,2,2,2,2,2,2,2,2,2,2,2,2,2,2,2,2,2,2,2,2,2,2,2,2,2,2,2,2,2,2,2,2,2,2,2,2,2,2,2,2,2,2,2,2,2,2,2,2,2,2,2,2,2,2,2,2,2,2,2,2,2,2,2,2,2,2,2,2,2,2,2,2,2,2,2,2,2,2,2,2,2,2,2,2,2,2,2,2,2,2,2,2,2,2,2,2,2,2,2,2,2,2,2,2,2,2,2,2,2,6,6,109,0,0,0,0,0,0,68,79,79,79,79,79,79,79,79,79,79,79,79,79,79,79,79,79,79,79,79,79,79,79,79,79,79,79,79,79,79,79,79,79,79,79,79,79,79,79,79,79,79,79,79,79,79,79,79,79,79,79,79,79,79,79,79,79,79,79,79,79,79,79,79,79,79,79,79,79,79,79,79,79,79,79,79,79,79,79,79,79,79,79,79,79,79,79,79,79,79,79,79,79,79,79,79,79,79,79,79,79,79,79,79,79,79,79,79,79,79,79,79,79,79,79,79,79,79,79,79,79,79,79,79,79,79,79,79,79,79,79,79,79,79,79,79,79,79,79,79,79,79,79,79,79,79,79,79,79,79,79,79,79,79,79,79,66,47,0,47,0,0,0,0,0,0,0,0,0,0,0,0,0,0,0,0,0,0,0,0,0,0,0,0,0,0,0,0,0,0,0,0,0,0,0,0,0,0,0,0,0,0,0,0,0,0,0,0,0,0,0,0,0,0,0,0,0,0,0,0,0,0,0,0,0,0,0,0,0,0,0,0,0,0,0,0,0,0,0,0,0,0,0,0,0,0,0,0,0,0,0,0,0,0,0,0,0,0,0,0,0,0,0,0,0,0,0,0,0,0,0,0,2,6,47,36,47,36,47,36,47,36,47,36,47,36,47,36,47,36,47,36,47,36,47,36,47,36,47,36,47,36,47,36,47,36,47,36,47,36,47,36,47,36,47,36,47,36,47,36,47,36,47,36,47,36,47,36,47,36,47,36,47,36,47,36,47,36,47,36,47,36,47,36,47,36,47,36,47,36,47,36,47,36,47,36,47,36,47,36,47,36,47,36,47,36,47,36,47,36,47,36,47,36,47,36,47,36,47,36,47,36,47,36,47,36,47,36,47,36,47,36,47,36,47,36,47,36,47,36,47,36,47,36,47,36,47,36,47,36,47,36,47,36,47,36,47,36,47,36,47,36,47,36,47,36,47,36,47,36,47,36,47,36,47,36,47,36,47,36,47,6,6,0,0,0,0,0,0,0,0,0,0,0,0,0,0,0,0,0,0,0,0,0,0,0,0,0,0,0,0,0,0,0,0,0,0,0,47,47,47,0,0,0,0,0,0,69,70,0,0,47,0,0,0,0,0,47,47,0,47,0,47,0,0,0,0,0,0,0,0
0,0,0,0,0,0,0,0,0,0,0,0,0,0,0,0,0,0,0,0,0,0,0,0,0,0,0,0,0,0,0,0,0,0,0,0,0,0,0,0,0,0,0,0,0,0,0,0,0,109,6,6,2,2,2,2,2,2,2,2,2,2,2,2,2,2,2,2,2,2,2,2,2,2,2,2,2,2,2,2,2,2,2,2,2,2,2,2,2,2,2,2,2,2,2,2,2,2,2,2,2,2,2,2,2,2,2,2,2,2,2,2,2,2,2,2,2,2,2,2,2,2,2,2,2,2,2,2,2,2,2,2,2,2,2,2,2,2,2,2,2,2,2,2,2,2,2,2,2,2,2,2,2,2,2,2,2,2,2,2,2,2,2,2,2,2,2,2,2,2,6,6,109,0,0,0,0,0,47,68,79,79,79,79,79,79,79,79,79,79,79,79,79,79,79,79,79,79,79,79,79,79,79,79,79,79,79,79,79,79,79,79,79,79,79,79,79,79,79,79,79,79,79,79,79,79,79,79,79,79,79,79,79,79,79,79,79,79,79,79,79,79,79,79,79,79,79,79,79,79,79,79,79,79,79,79,79,79,79,79,79,79,79,79,79,79,79,79,79,79,79,79,79,79,79,79,79,79,79,79,79,79,79,79,79,79,79,79,79,79,79,79,79,79,79,79,79,79,79,79,79,79,79,79,79,79,79,79,79,79,79,79,79,79,79,79,79,79,79,79,79,79,79,79,79,79,79,79,79,79,79,79,79,79,79,79,66,0,47,0,0,0,0,0,0,0,0,0,0,0,0,0,0,0,0,0,0,0,0,0,0,0,0,0,0,0,0,0,0,0,0,0,0,0,0,0,0,0,0,0,0,0,0,0,0,0,0,0,0,0,0,0,0,0,0,0,0,0,0,0,0,0,0,0,0,0,0,0,0,0,0,0,0,0,0,0,0,0,0,0,0,0,0,0,0,0,0,0,0,0,0,0,0,0,0,0,0,0,0,0,0,0,0,0,0,0,0,0,0,0,0,0,2,6,47,36,47,36,47,36,47,36,47,36,47,36,47,36,47,36,47,36,47,36,47,36,47,36,47,36,47,36,47,36,47,36,47,36,47,36,47,36,47,36,47,36,47,36,47,36,47,36,47,36,47,36,47,36,47,36,47,36,47,36,47,36,47,36,47,36,47,36,47,36,47,36,47,36,47,36,47,36,47,36,47,36,47,36,47,36,47,36,47,36,47,36,47,36,47,36,47,36,47,36,47,36,47,36,47,36,47,36,47,36,47,36,47,36,47,36,47,36,47,36,47,36,47,36,47,36,47,36,47,36,47,36,47,36,47,36,47,36,47,36,47,36,47,36,47,36,47,36,47,36,47,36,47,36,47,36,47,36,47,36,47,36,47,36,47,36,47,6,6,0,0,47,0,0,0,0,0,0,0,0,0,0,0,0,0,0,0,47,47,0,0,0,0,0,0,0,0,0,47,47,47,0,0,0,0,0,47,0,0,136,0,0,0,68,64,64,0,47,47,0,0,0,0,47,0,0,47,0,47,0,0,0,0,0,0,0,0
0,0,0,0,0,0,0,0,0,0,0,0,0,0,0,0,0,0,0,0,0,0,0,0,0,0,0,0,0,0,0,0,0,0,0,0,0,0,0,0,0,0,0,0,0,0,0,0,0,109,6,6,2,2,2,2,2,2,2,2,2,2,2,2,2,2,2,2,2,2,2,2,2,2,2,2,2,2,2,2,2,2,2,2,2,2,2,2,2,2,2,2,2,2,2,2,2,2,2,2,2,2,2,2,2,2,2,2,2,2,2,2,2,2,2,2,2,2,2,2,2,2,2,2,2,2,2,2,2,2,2,2,2,2,2,2,2,2,2,2,2,2,2,2,2,2,2,2,2,2,2,2,2,2,2,2,2,2,2,2,2,2,2,2,2,2,2,2,2,2,6,6,109,0,0,0,0,0,0,68,79,79,79,79,79,79,79,79,79,79,79,79,79,79,79,79,79,79,79,79,79,79,79,79,79,79,79,79,79,79,79,79,79,79,79,79,79,79,79,79,79,79,79,79,79,79,79,79,79,79,79,79,79,79,79,79,79,79,79,79,79,79,79,79,79,79,79,79,79,79,79,79,79,79,79,79,79,79,79,79,79,79,79,79,79,79,79,79,79,79,79,79,79,79,79,79,79,79,79,79,79,79,79,79,79,79,79,79,79,79,79,79,79,79,79,79,79,79,79,79,79,79,79,79,79,79,79,79,79,79,79,79,79,79,79,79,79,79,79,79,79,79,79,79,79,79,79,79,79,79,79,79,79,79,79,79,66,47,0,47,0,0,0,0,0,0,0,0,0,0,0,0,0,0,0,0,0,0,0,0,0,0,0,0,0,0,0,0,0,0,0,0,0,0,0,0,0,0,0,0,0,0,0,0,0,0,0,0,0,0,0,0,0,0,0,0,0,0,0,0,0,0,0,0,0,0,0,0,0,0,0,0,0,0,0,0,0,0,0,0,0,0,0,0,0,0,0,0,0,0,0,0,0,0,0,0,0,0,0,0,0,0,0,0,0,0,0,0,0,0,0,0,2,6,47,36,47,36,47,36,47,36,47,36,47,36,47,36,47,36,47,36,47,36,47,36,47,36,47,36,47,36,47,36,47,36,47,36,47,36,47,36,47,36,47,36,47,36,47,36,47,36,47,36,47,36,47,36,47,36,47,36,47,36,47,36,47,36,47,36,47,36,47,36,47,36,47,36,47,36,47,36,47,36,47,36,47,36,47,36,47,36,47,36,47,36,47,36,47,36,47,36,47,36,47,36,47,36,47,36,47,36,47,36,47,36,47,36,47,36,47,36,47,36,47,36,47,36,47,36,47,36,47,36,47,36,47,36,47,36,47,36,47,36,47,36,47,36,47,36,47,36,47,36,47,36,47,36,47,36,47,36,47,36,47,36,47,36,47,36,47,6,6,0,47,47,0,0,0,47,47,0,0,0,0,0,0,0,47,0,0,47,0,0,0,0,0,0,0,0,0,0,47,0,47,0,0,0,0,0,0,0,0,1,0,0,0,68,77,77,0,0,0,0,0,0,0,47,47,47,47,0,0,0,0,0,0,47,47,47,0
0,0,0,0,0,0,0,0,0,0,0,0,0,0,0,0,0,0,0,0,0,0,0,0,0,0,0,0,0,0,0,0,0,0,0,0,0,0,0,0,0,0,0,0,0,0,0,0,0,109,6,6,2,2,2,2,2,2,2,2,2,2,2,2,2,2,2,2,2,2,2,2,2,2,2,2,2,2,2,2,2,2,2,2,2,2,2,2,2,2,2,2,2,2,2,2,2,2,2,2,2,2,2,2,2,2,2,2,2,2,2,2,2,2,2,2,2,2,2,2,2,2,2,2,2,2,2,2,2,2,2,2,2,2,2,2,2,2,2,2,2,2,2,2,2,2,2,2,2,2,2,2,2,2,2,2,2,2,2,2,2,2,2,2,2,2,2,2,2,2,6,6,109,0,0,0,0,0,47,68,79,79,79,79,79,79,79,79,79,79,79,79,79,79,79,79,79,79,79,79,79,79,79,79,79,79,79,79,79,79,79,79,79,79,79,79,79,79,79,79,79,79,79,79,79,79,79,79,79,79,79,79,79,79,79,79,79,79,79,79,79,79,79,79,79,79,79,79,79,79,79,79,79,79,79,79,79,79,79,79,79,79,79,79,79,79,79,79,79,79,79,79,79,79,79,79,79,79,79,79,79,79,79,79,79,79,79,79,79,79,79,79,79,79,79,79,79,79,79,79,79,79,79,79,79,79,79,79,79,79,79,79,79,79,79,79,79,79,79,79,79,79,79,79,79,79,79,79,79,79,79,79,79,79,79,79,66,0,47,0,0,0,0,0,0,0,0,0,0,0,0,0,0,0,0,0,0,0,0,0,0,0,0,0,0,0,0,0,0,0,0,0,0,0,0,0,0,0,0,0,0,0,0,0,0,0,0,0,0,0,0,0,0,0,0,0,0,0,0,0,0,0,0,0,0,0,0,0,0,0,0,0,0,0,0,0,0,0,0,0,0,0,0,0,0,0,0,0,0,0,0,0,0,0,0,0,0,0,0,0,0,0,0,0,0,0,0,0,0,0,0,0,2,6,47,36,47,36,47,36,47,36,47,36,47,36,47,36,47,36,47,36,47,36,47,36,47,36,47,36,47,36,47,36,47,36,47,36,47,36,47,36,47,36,47,36,47,36,47,36,47,36,47,36,47,36,47,36,47,36,47,36,47,36,47,36,47,36,47,36,47,36,47,36,47,36,47,36,47,36,47,36,47,36,47,36,47,36,47,36,47,36,47,36,47,36,47,36,47,36,47,36,47,36,47,36,47,36,47,36,47,36,47,36,47,36,47,36,47,36,47,36,47,36,47,36,47,36,47,36,47,36,47,36,47,36,47,36,47,36,47,36,47,36,47,36,47,36,47,36,47,137,137,137,137,137,137,137,137,137,137,36,47,36,47,36,47,36,47,36,47,6,6,0,0,0,0,0,0,47,0,0,0,0,0,0,0,0,47,0,0,0,0,0,47,47,0,0,69,70,0,0,0,0,47,0,47,47,47,0,0,0,0,0,0,0,0,72,82,82,0,0,0,0,47,0,0,0,0,0,0,0,0,0,0,0,0,47,0,47,47
0,0,0,0,0,0,0,0,0,0,0,0,0,0,0,0,0,0,0,0,0,0,0,0,0,0,0,0,0,0,0,0,0,0,0,0,0,0,0,0,0,0,0,0,0,0,0,0,0,109,6,6,2,2,2,2,2,2,2,2,2,2,2,2,2,2,2,2,2,2,2,2,2,2,2,2,2,2,2,2,2,2,2,2,2,2,2,2,2,2,2,2,2,2,2,2,2,2,2,2,2,2,2,2,2,2,2,2,2,2,2,2,2,2,2,2,2,2,2,2,2,2,2,2,2,2,2,2,2,2,2,2,2,2,2,2,2,2,2,2,2,2,2,2,2,2,2,2,2,2,2,2,2,2,2,2,2,2,2,2,2,2,2,2,2,2,2,2,2,2,6,6,109,0,0,0,0,0,0,72,76,79,79,79,79,79,79,79,79,79,79,79,79,79,79,79,79,79,79,79,79,79,79,79,79,79,79,79,79,79,79,79,79,79,79,79,79,79,79,79,79,79,79,79,79,79,79,79,79,79,79,79,79,79,79,79,79,79,79,79,79,79,79,79,79,79,79,79,79,79,79,79,79,79,79,79,79,79,79,79,79,79,79,79,79,79,79,79,79,79,79,79,79,79,79,79,79,79,79,79,79,79,79,79,79,79,79,79,79,79,79,79,79,79,79,79,79,79,79,79,79,79,79,79,79,79,79,79,79,79,79,79,79,79,79,79,79,79,79,79,79,79,79,79,79,79,79,79,79,79,79,79,79,79,79,79,66,47,0,47,0,0,0,0,0,0,0,0,0,0,0,0,0,0,0,0,0,0,0,0,0,0,0,0,0,0,0,0,0,0,0,0,0,0,0,0,0,0,0,0,0,0,0,0,0,0,0,0,0,0,0,0,0,0,0,0,0,0,0,0,0,0,0,0,0,0,0,0,0,0,0,0,0,0,0,0,0,0,0,0,0,0,0,0,0,0,0,0,0,0,0,0,0,0,0,0,0,0,0,0,0,0,0,0,0,0,0,0,0,0,0,0,2,6,47,36,47,36,47,36,47,36,47,36,47,36,47,36,47,36,47,36,47,36,47,36,47,36,47,36,47,36,47,36,47,36,47,36,47,36,47,36,47,36,47,36,47,36,47,36,47,36,47,36,47,36,47,36,47,36,47,36,47,36,47,36,47,36,47,36,47,36,47,36,47,36,47,36,47,36,47,36,47,36,47,36,47,36,47,36,47,36,47,36,47,36,47,36,47,36,47,36,47,36,137,137,137,137,137,137,137,137,137,137,137,137,47,36,47,36,47,36,47,36,47,36,47,36,47,36,47,36,47,36,47,36,47,36,47,36,47,36,47,36,47,36,47,36,47,137,137,6,5,5,5,5,5,5,6,6,6,137,137,36,47,36,47,36,47,36,47,6,6,0,0,0,0,0,0,0,0,148,149,0,0,0,47,0,47,0,0,0,0,0,0,47,0,0,77,77,0,0,0,0,0,0,47,0,0,0,0,0,0,136,0,47,0,0,0,0,0,0,47,0,47,0,0,0,0,47,47,0,0,0,0,0,0,47,0,0,0
0,0,0,0,0,0,0,0,0,0,0,0,0,0,0,0,0,0,0,0,0,0,0,0,0,0,0,0,0,0,0,0,0,0,0,0,0,0,0,0,0,0,0,0,0,0,0,0,0,109,6,6,2,2,2,2,2,2,2,2,2,2,2,2,2,2,2,2,2,2,2,2,2,2,2,2,2,2,2,2,2,2,2,2,2,2,2,2,2,2,2,2,2,2,2,2,2,2,2,2,2,2,2,2,2,2,2,2,2,2,2,2,2,2,2,2,2,2,2,2,2,2,2,2,2,2,2,2,2,2,2,2,2,2,2,2,2,2,2,2,2,2,2,2,2,2,2,2,2,2,2,2,2,2,2,2,2,2,2,2,2,2,2,2,2,2,2,2,2,2,6,6,109,0,0,0,0,0,47,0,68,79,79,79,79,79,79,79,79,79,79,79,79,79,79,79,79,79,79,79,79,79,79,79,79,79,79,79,79,79,79,79,79,79,79,79,79,79,79,79,79,79,79,79,79,79,79,79,79,79,79,79,79,79,79,79,79,79,79,79,79,79,79,79,79,79,79,79,79,79,79,79,79,79,79,79,79,79,79,79,79,79,79,79,79,79,79,79,79,79,79,79,79,79,79,79,79,79,79,79,79,79,79,79,79,79,79,79,79,79,79,79,79,79,79,79,79,79,79,79,79,79,79,79,79,79,79,79,79,79,79,79,79,79,79,79,79,79,79,79,79,79,79,79,79,79,79,79,79,79,79,79,79,79,79,79,66,0,47,0,0,0,0,0,0,0,0,0,0,0,0,0,0,0,0,0,0,0,0,0,0,0,0,0,0,0,0,0,0,0,0,0,0,0,0,0,0,0,0,0,0,0,0,0,0,0,0,0,0,0,0,0,0,0,0,0,0,0,0,0,0,0,0,0,0,0,0,0,0,0,0,0,0,0,0,0,0,0,0,0,0,0,0,0,0,0,0,0,0,0,0,0,0,0,0,0,0,0,0,0,0,0,0,0,0,0,0,0,0,0,0,0,2,6,47,36,47,36,47,36,47,36,47,36,47,36,47,36,47,36,47,36,47,36,47,36,47,36,47,36,47,36,47,36,47,36,47,36,47,36,47,137,137,137,137,137,137,36,47,36,47,36,47,36,47,36,47,36,47,36,47,36,47,36,47,36,47,36,47,36,47,36,47,36,47,36,47,36,47,36,47,36,47,36,47,36,47,36,47,36,47,36,47,36,47,36,47,36,47,36,47,137,137,137,6,5,5,5,5,5,5,5,5,5,6,6,137,137,47,36,47,36,47,36,47,36,47,36,47,36,47,36,47,36,47,36,47,36,47,36,47,36,47,36,137,137,137,137,137,6,5,5,93,93,93,93,93,93,5,5,6,6,6,137,137,36,47,36,137,137,137,6,6,0,0,47,47,47,47,0,156,211,182,0,0,0,47,47,47,136,0,0,0,47,47,47,0,0,72,71,0,0,0,0,0,0,47,47,0,0,0,0,0,2,0,47,47,47,0,0,0,0,47,47,47,0,47,0,0,0,47,0,0,0,0,47,0,0,0,0,0
0,0,0,0,0,0,0,0,0,0,0,0,0,0,0,0,0,0,0,0,0,0,0,0,0,0,0,0,0,0,0,0,0,0,0,0,0,0,0,0,0,0,0,0,0,0,0,0,0,109,6,6,2,2,2,2,2,2,2,2,2,2,2,2,2,2,2,2,2,2,2,2,2,2,2,2,2,2,2,2,2,2,2,2,2,2,2,2,2,2,2,2,2,2,2,2,2,2,2,2,2,2,2,2,2,2,2,2,2,2,2,2,2,2,2,2,2,2,2,2,2,2,2,2,2,2,2,2,2,2,2,2,2,2,2,2,2,2,2,2,2,2,2,2,2,2,2,2,2,2,2,2,2,2,2,2,2,2,2,2,2,2,2,2,2,2,2,2,2,2,6,6,109,0,0,0,0,0,0,47,68,79,79,79,79,79,79,79,79,79,79,79,79,79,79,79,79,79,79,79,79,79,79,79,79,79,79,79,79,79,79,79,79,79,79,79,79,79,79,79,79,79,79,79,79,79,79,79,79,79,79,79,79,79,79,79,79,79,79,79,79,79,79,79,79,79,79,79,79,79,79,79,79,79,79,79,79,79,79,79,79,79,79,79,79,79,79,79,79,79,79,79,79,79,79,79,79,79,79,79,79,79,79,79,79,79,79,79,79,79,79,79,79,79,79,79,79,79,79,79,79,79,79,79,79,79,79,79,79,79,79,79,79,79,79,79,79,79,79,79,79,79,79,79,79,79,79,79,79,79,79,79,79,79,79,79,66,47,0,47,0,0,0,0,0,0,0,0,0,0,0,0,0,0,0,0,0,0,0,0,0,0,0,0,0,0,0,0,0,0,0,0,0,0,0,0,0,0,0,0,0,0,0,0,0,0,0,0,0,0,0,0,0,0,0,0,0,0,0,0,0,0,0,0,0,0,0,0,0,0,0,0,0,0,0,0,0,0,0,0,0,0,0,0,0,0,0,0,0,0,0,0,0,0,0,0,0,0,0,0,0,0,0,0,0,0,0,0,0,0,0,0,2,6,47,36,47,36,47,36,47,36,47,36,47,36,47,36,47,36,47,36,47,36,47,36,47,36,47,36,47,36,47,36,47,36,47,36,47,137,137,6,5,5,5,5,6,137,137,137,47,36,47,36,47,36,47,36,47,36,47,36,47,36,47,36,47,36,47,36,47,36,47,36,47,36,47,36,47,36,47,36,47,36,47,36,47,36,47,36,47,36,47,36,47,36,47,137,137,137,137,6,5,5,5,93,47,93,111,111,111,93,47,93,5,5,6,6,137,36,47,36,47,36,47,36,47,36,47,36,47,36,47,36,47,36,47,36,47,36,137,137,137,137,6,6,6,5,5,5,47,93,47,0,47,0,47,0,47,93,5,5,5,5,6,137,137,137,6,5,5,5,5,0,0,47,0,0,47,0,101,102,0,0,136,0,0,0,0,1,0,0,0,0,0,0,0,0,0,0,0,47,0,0,0,0,0,0,0,0,136,137,137,6,0,0,0,0,0,0,0,0,0,0,0,0,47,47,47,0,0,0,0,47,0,47,0,0,0,0,0
0,0,0,0,0,0,0,0,0,0,0,0,0,0,0,0,0,0,0,0,0,0,0,0,0,0,0,0,0,0,0,0,0,0,0,0,0,0,0,0,0,0,0,0,0,0,0,0,0,109,6,6,2,2,2,2,2,2,2,2,2,2,2,2,2,2,2,2,2,2,2,2,2,2,2,2,2,2,2,2,2,2,2,2,2,2,2,2,2,2,2,2,2,2,2,2,2,2,2,2,2,2,2,2,2,2,2,2,2,2,2,2,2,2,2,2,2,2,2,2,2,2,2,2,2,2,2,2,2,2,2,2,2,2,2,2,2,2,2,2,2,2,2,2,2,2,2,2,2,2,2,2,2,2,2,2,2,2,2,2,2,2,2,2,2,2,2,2,2,2,6,6,109,0,0,0,0,0,47,0,68,79,79,79,79,79,79,79,79,79,79,79,79,79,79,79,79,79,79,79,79,79,79,79,79,79,79,79,79,79,79,79,79,79,79,79,79,79,79,79,79,79,79,79,79,79,79,79,79,79,79,79,79,79,79,79,79,79,79,79,79,79,79,79,79,79,79,79,79,79,79,79,79,79,79,79,79,79,79,79,79,79,79,79,79,79,79,79,79,79,79,79,79,79,79,79,79,79,79,79,79,79,79,79,79,79,79,79,79,79,79,79,79,79,79,79,79,79,79,79,79,79,79,79,79,79,79,79,79,79,79,79,79,79,79,79,79,79,79,79,79,79,79,79,79,79,79,79,79,79,79,79,79,79,79,79,66,0,47,0,0,0,0,0,0,0,0,0,0,0,0,0,0,0,0,0,0,0,0,0,0,0,0,0,0,0,0,0,0,0,0,0,0,0,0,0,0,0,0,0,0,0,0,0,0,0,0,0,0,0,0,0,0,0,0,0,0,0,0,0,0,0,0,0,0,0,0,0,0,0,0,0,0,0,0,0,0,0,0,0,0,0,0,0,0,0,0,0,0,0,0,0,0,0,0,0,0,0,0,0,0,0,0,0,0,0,0,0,0,0,0,0,2,6,47,36,47,36,47,36,47,36,47,36,47,36,47,36,47,36,47,36,47,36,47,36,47,36,47,36,47,36,47,36,47,36,47,137,137,6,5,5,93,93,93,93,5,5,5,6,137,137,47,36,47,36,47,36,47,36,47,36,47,36,47,36,47,36,47,36,47,36,47,36,47,36,47,36,47,36,47,36,47,36,47,36,47,36,47,36,47,36,47,36,137,137,137,6,5,5,5,5,93,93,93,0,0,0,111,111,111,0,0,0,93,93,5,5,6,137,137,36,47,36,47,36,47,36,47,36,47,36,47,36,47,36,47,137,137,137,6,5,5,5,5,5,5,93,93,93,0,0,0,0,0,0,0,0,0,0,93,93,93,93,5,5,5,5,5,93,93,152,153,0,0,47,0,47,47,0,104,103,0,0,1,0,0,0,0,0,0,47,47,47,0,0,0,0,0,0,47,47,0,0,136,0,0,0,0,0,2,47,47,2,137,137,137,0,0,0,52,0,0,0,0,0,0,0,0,0,0,0,0,47,47,47,0,0,0,0,0
0,0,0,0,0,0,0,0,0,0,0,0,0,0,0,0,0,0,0,0,0,0,0,0,0,0,0,0,0,0,0,0,0,0,0,0,0,0,0,0,0,0,0,0,0,0,0,0,0,109,6,6,2,2,2,2,2,2,2,2,2,2,2,2,2,2,2,2,2,2,2,2,2,2,2,2,2,2,2,2,2,2,2,2,2,2,2,2,2,2,2,2,2,2,2,2,2,2,2,2,2,2,2,2,2,2,2,2,2,2,2,2,2,2,2,2,2,2,2,2,2,2,2,2,2,2,2,2,2,2,2,2,2,2,2,2,2,2,2,2,2,2,2,2,2,2,2,2,2,2,2,2,2,2,2,2,2,2,2,2,2,2,2,2,2,2,2,2,2,2,6,6,109,0,0,0,0,0,0,47,68,79,79,79,79,79,79,79,79,79,79,79,79,79,79,79,79,79,79,79,79,79,79,79,79,79,79,79,79,79,79,79,79,79,79,79,79,79,79,79,79,79,79,79,79,79,79,79,79,79,79,79,79,79,79,79,79,79,79,79,79,79,79,79,79,79,79,79,79,79,79,79,79,79,79,79,79,79,79,79,79,79,79,79,79,79,79,79,79,79,79,79,79,79,79,79,79,79,79,79,79,79,79,79,79,79,79,79,79,79,79,79,79,79,79,79,79,79,79,79,79,79,79,79,79,79,79,79,79,79,79,79,79,79,79,79,79,79,79,79,79,79,79,79,79,79,79,79,79,79,79,79,79,79,79,79,66,47,0,47,0,0,0,0,0,0,0,0,0,0,0,0,0,0,0,0,0,0,0,0,0,0,0,0,0,0,0,0,0,0,0,0,0,0,0,0,0,0,0,0,0,0,0,0,0,0,0,0,0,0,0,0,0,0,0,0,0,0,0,0,0,0,0,0,0,0,0,0,0,0,0,0,0,0,0,0,0,0,0,0,0,0,0,0,0,0,0,0,0,0,0,0,0,0,0,0,0,0,0,0,0,0,0,0,0,0,0,0,0,0,0,0,2,6,47,36,47,36,47,36,47,36,47,36,47,36,47,36,137,137,137,137,137,137,137,137,137,137,47,36,47,36,47,137,137,137,137,5,5,5,93,47,0,47,0,47,93,47,93,5,5,6,137,137,137,137,47,36,47,36,47,36,47,36,47,36,47,36,47,36,47,36,47,36,47,137,137,137,137,137,137,137,137,137,47,36,47,36,47,36,47,36,47,137,6,6,5,5,93,47,93,47,0,47,0,47,0,47,111,111,111,47,0,47,0,47,93,47,5,5,6,137,137,137,137,36,47,36,47,36,47,36,47,36,137,137,137,6,6,5,5,47,93,47,93,47,93,47,0,47,0,47,0,47,0,47,0,47,0,47,0,47,0,47,93,47,93,47,93,47,0,47,0,0,0,47,0,0,0,0,0,0,0,0,0,47,47,0,0,136,0,47,0,47,0,0,0,0,0,0,0,0,0,0,2,137,137,137,137,137,6,47,47,47,47,47,2,0,0,0,0,0,0,0,52,0,0,0,0,0,0,0,0,0,0,0,0,0,0,0,0
0,0,0,0,0,0,0,0,0,0,0,0,0,0,0,0,0,0,0,0,0,0,0,0,0,0,0,0,0,0,0,0,0,0,0,0,0,0,0,0,0,0,0,0,0,0,0,0,0,109,6,6,2,2,2,2,2,2,2,2,2,2,2,2,2,2,2,2,2,2,2,2,2,2,2,2,2,2,2,2,2,2,2,2,2,2,2,2,2,2,2,2,2,2,2,2,2,2,2,2,2,2,2,2,2,2,2,2,2,2,2,2,2,2,2,2,2,2,2,2,2,2,2,2,2,2,2,2,2,2,2,2,2,2,2,2,2,2,2,2,2,2,2,2,2,2,2,2,2,2,2,2,2,2,2,2,2,2,2,2,2,2,2,2,2,2,2,2,2,2,6,6,109,0,0,0,0,0,47,0,68,79,79,79,79,79,79,79,79,79,79,79,79,79,79,79,79,79,79,79,79,79,79,79,79,79,79,79,79,79,79,79,79,79,79,79,79,79,79,79,79,79,79,79,79,79,79,79,79,79,79,79,79,79,79,79,79,79,79,79,79,79,79,79,79,79,79,79,79,79,79,79,79,79,79,79,79,79,79,79,79,79,79,79,79,79,79,79,79,79,79,79,79,79,79,79,79,79,79,79,79,79,79,79,79,79,79,79,79,79,79,79,79,79,79,79,79,79,79,79,79,79,79,79,79,79,79,79,79,79,79,79,79,79,79,79,79,79,79,79,79,79,79,79,79,79,79,79,79,79,79,79,79,79,79,79,66,0,47,0,0,0,0,0,0,0,0,0,0,0,0,0,0,0,0,0,0,0,0,0,0,0,0,0,0,0,0,0,0,0,0,0,0,0,0,0,0,0,0,0,0,0,0,0,0,0,0,0,0,0,0,0,0,0,0,0,0,0,0,0,0,0,0,0,0,0,0,0,0,0,0,0,0,0,0,0,0,0,0,0,0,0,0,0,0,0,0,0,0,0,0,0,0,0,0,0,0,0,0,0,0,0,0,0,0,0,0,0,0,0,0,0,2,6,47,36,47,36,47,36,47,36,47,36,47,36,137,137,6,5,5,5,5,5,5,5,5,6,137,137,137,137,137,6,5,5,5,93,93,93,0,0,0,0,0,79,111,79,111,79,111,5,5,5,6,6,137,137,137,137,137,137,137,36,47,36,47,36,47,36,47,36,47,137,137,6,5,5,5,5,5,5,6,6,137,137,47,36,47,36,47,137,137,6,6,5,93,93,0,0,0,0,0,0,0,0,0,111,120,111,120,111,0,0,0,0,0,0,93,93,5,5,5,6,6,137,137,137,137,137,137,137,137,137,6,6,5,5,5,93,93,0,0,0,0,0,0,0,0,0,0,0,0,0,0,0,0,0,0,0,0,0,0,0,0,0,0,0,0,0,0,0,0,0,0,0,0,0,0,0,0,47,47,47,136,0,47,0,0,2,0,47,0,0,0,0,0,0,0,52,0,136,137,137,6,47,47,47,47,47,47,47,47,47,47,47,2,17,17,17,17,17,17,17,17,17,17,136,137,137,137,137,137,137,137,137,137,137,137,137,137
0,0,0,0,0,0,0,0,0,0,0,0,0,0,0,0,0,0,0,0,0,0,0,0,0,0,0,0,0,0,0,0,0,0,0,0,0,0,0,0,0,0,0,0,0,0,0,0,0,109,6,6,2,2,2,2,2,2,2,2,2,2,2,2,2,2,2,2,2,2,2,2,2,2,2,2,2,2,2,2,2,2,2,2,2,2,2,2,2,2,2,2,2,2,2,2,2,2,2,2,2,2,2,2,2,2,2,2,2,2,2,2,2,2,2,2,2,2,2,2,2,2,2,2,2,2,2,2,2,2,2,2,2,2,2,2,2,2,2,2,2,2,2,2,2,2,2,2,2,2,2,2,2,2,2,2,2,2,2,2,2,2,2,2,2,2,2,2,2,2,6,6,109,0,0,0,0,0,0,47,68,79,79,79,79,79,79,79,79,79,79,79,79,79,79,79,79,79,79,79,79,79,79,79,79,79,79,79,79,79,79,79,79,79,79,79,79,79,79,79,79,79,79,79,79,79,79,79,79,79,79,79,79,79,79,79,79,79,79,79,79,79,79,79,79,79,79,79,79,79,79,79,79,79,79,79,79,79,79,79,79,79,79,79,79,79,79,79,79,79,79,79,79,79,79,79,79,79,79,79,79,79,79,79,79,79,79,79,79,79,79,79,79,79,79,79,79,79,79,79,79,79,79,79,79,79,79,79,79,79,79,79,79,79,79,79,79,79,79,79,79,79,79,79,79,79,79,79,79,79,79,79,79,79,79,79,66,47,0,47,0,0,0,0,0,0,0,0,0,0,0,0,0,0,0,0,0,0,0,0,0,0,0,0,0,0,0,0,0,0,0,0,0,0,0,0,0,0,0,0,0,0,0,0,0,0,0,0,0,0,0,0,0,0,0,0,0,0,0,0,0,0,0,0,0,0,0,0,0,0,0,0,0,0,0,0,0,0,0,0,0,0,0,0,0,0,0,0,0,0,0,0,0,0,0,0,0,0,0,0,0,0,0,0,0,0,0,0,0,0,0,0,2,6,47,36,47,36,47,36,47,36,47,137,137,137,6,5,5,93,47,93,47,93,47,93,47,5,5,5,5,5,5,5,47,93,47,0,47,0,120,120,111,79,111,79,111,79,111,79,111,93,47,93,5,5,5,6,6,6,6,6,6,137,137,137,47,36,47,36,137,137,137,6,5,5,47,93,47,93,47,93,5,5,6,6,137,137,137,137,137,6,6,5,5,93,111,0,111,0,47,0,47,0,47,0,47,0,111,120,111,0,47,0,47,0,47,0,47,0,47,93,47,5,5,5,5,5,5,5,5,5,5,5,5,5,47,111,47,0,111,0,47,0,47,0,47,0,47,0,47,0,47,0,47,0,47,0,47,0,47,0,47,0,47,0,47,0,47,0,47,0,47,0,0,0,0,0,0,17,0,47,0,47,2,137,137,137,137,6,0,0,0,0,17,0,52,0,0,0,0,2,47,47,47,47,47,47,47,47,47,47,47,47,47,47,2,137,137,137,137,137,137,137,137,137,137,6,47,47,47,47,47,47,47,47,47,47,47,47,47
0,0,0,0,0,0,0,0,0,0,0,0,0,0,0,0,0,0,0,0,0,0,0,0,0,0,0,0,0,0,0,0,0,0,0,0,0,0,0,0,0,0,0,0,0,0,0,0,0,109,6,6,2,2,2,2,2,2,2,2,2,2,2,2,2,2,2,2,2,2,2,2,2,2,2,2,2,2,2,2,2,2,2,2,2,2,2,2,2,2,2,2,2,2,2,2,2,2,2,2,2,2,2,2,2,2,2,2,2,2,2,2,2,2,2,2,2,2,2,2,2,2,2,2,2,2,2,2,2,2,2,2,2,2,2,2,2,2,2,2,2,2,2,2,2,2,2,2,2,2,2,2,2,2,2,2,2,2,2,2,2,2,2,2,2,2,2,2,2,2,6,6,109,0,0,0,0,0,47,0,68,79,79,79,79,79,79,79,79,79,79,79,79,79,79,79,79,79,79,79,79,79,79,79,79,79,79,79,79,79,79,79,79,79,79,79,79,79,79,79,79,79,79,79,79,79,79,79,79,79,79,79,79,79,79,79,79,79,79,79,79,79,79,79,79,79,79,79,79,79,79,79,79,79,79,79,79,79,79,79,79,79,79,79,79,79,79,79,79,79,79,79,79,79,79,79,79,79,79,79,79,79,79,79,79,79,79,79,79,79,79,79,79,79,79,79,79,79,79,79,79,79,79,79,79,79,79,79,79,79,79,79,79,79,79,79,79,79,79,79,79,79,79,79,79,79,79,79,79,79,79,79,79,79,79,79,66,0,47,0,0,0,0,0,0,0,0,0,0,0,0,0,0,0,0,0,0,0,0,0,0,0,0,0,0,0,0,0,0,0,0,0,0,0,0,0,0,0,0,0,0,0,0,0,0,0,0,0,0,0,0,0,0,0,0,0,0,0,0,0,0,0,0,0,0,0,0,0,0,0,0,0,0,0,0,0,0,0,0,0,0,0,0,0,0,0,0,0,0,0,0,0,0,0,0,0,0,0,0,0,0,0,0,0,0,0,0,0,0,0,0,0,2,6,47,36,47,36,47,137,137,137,137,6,5,5,5,93,93,0,0,0,0,0,0,0,0,93,93,93,93,93,93,93,0,0,0,0,0,0,79,79,111,79,111,79,0,0,0,0,0,0,0,0,93,93,93,5,5,5,5,5,5,5,6,6,137,137,137,137,6,5,5,5,93,93,0,0,0,0,0,0,93,93,5,5,5,6,6,6,6,5,5,93,93,0,120,111,120,0,0,0,0,0,0,0,0,0,111,0,111,0,0,0,0,0,0,0,0,0,0,79,0,93,93,93,93,93,93,93,93,93,93,93,93,93,111,120,111,111,120,111,0,0,0,0,0,0,0,0,0,0,0,92,92,92,92,92,0,0,0,0,0,0,0,0,0,0,0,0,0,148,149,136,137,137,137,137,137,137,137,137,137,137,6,47,47,47,47,6,137,137,137,137,137,17,17,17,17,17,17,2,47,47,47,47,47,47,47,47,47,47,47,47,47,47,47,47,47,47,47,47,47,47,47,47,47,47,47,47,47,47,47,47,47,47,47,47,47,47,47
0,0,0,0,0,0,0,0,0,0,0,0,0,0,0,0,0,0,0,0,0,0,0,0,0,0,0,0,0,0,0,0,0,0,0,0,0,0,0,0,0,0,0,0,0,0,0,0,0,109,6,6,2,2,2,2,2,2,2,2,2,2,2,2,2,2,2,2,2,2,2,2,2,2,2,2,2,2,2,2,2,2,2,2,2,2,2,2,2,2,2,2,2,2,2,2,2,2,2,2,2,2,2,2,2,2,2,2,2,2,2,2,2,2,2,2,2,2,2,2,2,2,2,2,2,2,2,2,2,2,2,2,2,2,2,2,2,2,2,2,2,2,2,2,2,2,2,2,2,2,2,2,2,2,2,2,2,2,2,2,2,2,2,2,2,2,2,2,2,2,6,6,109,0,0,0,0,0,0,47,72,76,79,79,79,79,79,79,79,79,79,79,79,79,79,79,79,79,79,79,79,79,79,79,79,79,79,79,79,79,79,79,79,79,79,79,79,79,79,79,79,79,79,79,79,79,79,79,79,79,79,79,79,79,79,79,79,79,79,79,79,79,79,79,79,79,79,79,79,79,79,79,79,79,79,79,79,79,79,79,79,79,79,79,79,79,79,79,79,79,79,79,79,79,79,79,79,79,79,79,79,79,79,79,79,79,79,79,79,79,79,79,79,79,79,79,79,79,79,79,79,79,79,79,79,79,79,79,79,79,79,79,79,79,79,79,79,79,79,79,79,79,79,79,79,79,79,79,79,79,79,79,79,79,79,79,66,47,0,47,0,0,0,0,0,0,0,0,0,0,0,0,0,0,0,0,0,0,0,0,0,0,0,0,0,0,0,0,0,0,0,0,0,0,0,0,0,0,0,0,0,0,0,0,0,0,0,0,0,0,0,0,0,0,0,0,0,0,0,0,47,47,47,0,0,0,0,47,0,0,0,0,0,0,47,0,0,0,0,0,0,0,0,0,0,0,0,0,0,0,0,0,0,0,0,0,0,0,0,0,0,0,0,0,0,0,0,0,0,0,0,0,2,6,137,137,137,137,137,6,6,5,5,5,93,47,93,47,0,47,0,47,0,47,0,47,0,47,0,47,0,47,0,47,0,47,0,47,0,47,0,47,0,47,0,47,0,47,0,47,0,47,79,47,0,79,0,47,93,47,93,47,93,47,5,5,5,5,5,5,5,47,93,47,0,47,0,111,0,111,0,47,0,47,93,47,93,5,5,5,5,47,93,47,0,111,111,111,111,47,0,47,0,47,0,47,0,47,92,47,92,47,92,47,0,47,0,47,79,47,79,79,0,47,0,47,0,47,0,47,0,47,0,47,0,47,111,111,111,111,111,111,0,47,0,47,0,47,0,47,0,47,92,137,137,137,137,137,92,47,92,47,0,47,0,47,0,47,0,148,149,137,137,6,47,47,47,47,47,47,47,47,47,47,47,47,47,47,47,47,47,47,47,47,2,137,137,137,137,137,137,6,47,47,47,47,47,47,47,47,47,47,47,47,47,47,47,47,47,47,47,47,47,47,47,47,47,47,47,47,47,47,47,47,47,47,47,47,47,47,47
0,0,0,0,0,0,0,0,0,0,0,0,0,0,0,0,0,0,0,0,0,0,0,0,0,0,0,0,0,0,0,0,0,0,0,0,0,0,0,0,0,0,0,0,0,0,0,0,0,109,6,6,2,2,2,2,2,2,2,2,2,2,2,2,2,2,2,2,2,2,2,2,2,2,2,2,2,2,2,2,2,2,2,2,2,2,2,2,2,2,2,2,2,2,2,2,2,2,2,2,2,2,2,2,2,2,2,2,2,2,2,2,2,2,2,2,2,2,2,2,2,2,2,2,2,2,2,2,2,2,2,2,2,2,2,2,2,2,2,2,2,2,2,2,2,2,2,2,2,2,2,2,2,2,2,2,2,2,2,2,2,2,2,2,2,2,2,2,2,2,6,6,109,0,0,0,0,0,47,0,47,68,79,79,79,79,79,79,79,79,79,79,79,79,79,79,79,79,79,79,79,79,79,79,79,79,79,79,79,79,79,79,79,79,79,79,79,79,79,79,79,79,79,79,79,79,79,79,79,79,79,79,79,79,79,79,79,79,79,79,79,79,79,79,79,79,79,79,79,79,79,79,79,79,79,79,79,79,79,79,79,79,79,79,79,79,79,79,79,79,79,79,79,79,79,79,79,79,79,79,79,79,79,79,79,79,79,79,79,79,79,79,79,79,79,79,79,79,79,79,79,79,79,79,79,79,79,79,79,79,79,79,79,79,79,79,79,79,79,79,79,79,79,79,79,79,79,79,79,79,79,79,79,79,79,79,66,0,47,0,0,0,0,0,0,0,0,0,0,0,0,0,0,0,0,0,0,0,0,0,0,0,0,0,0,0,0,0,0,0,0,0,0,0,0,0,0,0,0,0,0,0,0,0,0,0,0,0,0,0,0,0,0,0,0,47,47,47,47,47,47,47,47,0,0,0,47,47,47,0,0,0,0,0,0,0,0,0,0,0,0,0,0,0,0,0,0,0,0,0,0,0,0,0,0,136,0,0,0,0,0,0,0,0,0,0,0,0,0,0,0,0,2,6,6,6,5,5,5,5,5,93,93,93,0,0,0,0,0,0,0,0,0,0,0,0,0,0,0,0,0,0,0,0,0,0,0,0,0,0,0,92,92,92,92,92,92,0,0,0,0,0,0,79,111,0,0,0,0,0,0,0,0,0,93,93,93,93,93,93,93,0,0,0,0,0,0,120,120,111,111,0,0,111,0,0,0,93,93,93,93,0,0,0,0,111,111,111,0,0,0,0,0,0,92,92,92,137,137,137,137,137,137,92,92,92,0,0,79,79,79,0,0,0,111,111,0,111,111,111,111,0,0,0,0,0,0,111,111,111,111,0,0,0,0,0,0,0,0,92,92,137,137,6,5,5,5,6,137,137,137,92,92,0,0,0,0,148,149,137,137,6,6,6,47,36,45,47,36,45,47,36,45,47,47,37,47,48,47,37,34,34,47,47,32,47,37,47,40,47,47,47,47,47,47,47,47,47,47,47,47,47,47,47,47,47,47,47,47,47,47,47,47,47,47,47,47,47,47,47,47,47,47,47,47,47,47,47,47,47,47
0,0,0,0,0,0,0,0,0,0,0,0,0,0,0,0,0,0,0,0,0,0,0,0,0,0,0,0,0,0,0,0,0,0,0,0,0,0,0,0,0,0,0,0,0,0,0,0,0,109,6,6,2,2,2,2,2,2,2,2,2,2,2,2,2,2,2,2,2,2,2,2,2,2,2,2,2,2,2,2,2,2,2,2,2,2,2,2,2,2,2,2,2,2,2,2,2,2,2,2,2,2,2,2,2,2,2,2,2,2,2,2,2,2,2,2,2,2,2,2,2,2,2,2,2,2,2,2,2,2,2,2,2,2,2,2,2,2,2,2,2,2,2,2,2,2,2,2,2,2,2,2,2,2,2,2,2,2,2,2,2,2,2,2,2,2,2,2,2,2,6,6,109,0,0,0,0,0,0,47,0,68,79,79,79,79,79,79,79,79,79,79,79,79,79,79,79,79,79,79,79,79,79,79,79,79,79,79,79,79,79,79,79,79,79,79,79,79,79,79,79,79,79,79,79,79,79,79,79,79,79,79,79,79,79,79,79,79,79,79,79,79,79,79,79,79,79,79,79,79,79,79,79,79,79,79,79,79,79,79,79,79,79,79,79,79,79,79,79,79,79,79,79,79,79,79,79,79,79,79,79,79,79,79,79,79,79,79,79,79,79,79,79,79,79,79,79,79,79,79,79,79,79,79,79,79,79,79,79,79,79,79,79,79,79,79,79,79,79,79,79,79,79,79,79,79,79,79,79,79,79,79,79,79,79,79,66,47,0,47,0,0,0,0,0,0,0,0,0,0,0,0,0,0,0,0,0,0,0,0,0,0,0,0,0,0,0,0,0,0,0,0,181,178,178,181,0,181,0,178,0,181,178,0,0,0,0,0,0,0,0,0,0,0,0,0,0,47,47,47,47,47,0,0,0,47,47,47,47,47,0,0,0,0,0,0,0,0,0,0,0,0,0,0,0,0,0,0,0,0,136,0,0,0,0,2,0,0,0,0,0,0,0,0,0,0,0,0,0,0,0,0,1,5,5,5,47,93,47,93,47,0,111,0,111,0,111,0,47,0,47,0,47,0,47,0,47,0,47,0,47,0,47,0,47,0,47,0,47,92,47,137,137,137,137,137,137,92,47,92,47,0,47,111,79,0,47,0,47,0,47,0,47,0,47,0,47,0,111,0,111,0,47,0,47,0,47,111,111,111,111,111,111,111,47,0,47,0,111,111,111,0,47,0,47,111,47,111,47,92,47,92,47,92,137,137,137,6,5,5,5,5,6,137,137,137,47,92,47,0,79,0,79,0,47,111,111,111,111,120,111,0,47,0,47,0,47,0,47,0,47,0,47,92,47,92,47,92,47,137,137,6,5,5,36,47,36,5,6,6,6,137,137,92,47,148,149,137,137,6,6,6,6,6,47,40,50,47,40,50,47,40,50,43,47,37,47,50,47,37,34,34,43,47,45,47,36,47,40,47,47,47,47,47,47,47,47,47,47,47,47,47,47,47,47,47,47,47,47,47,47,47,47,47,47,47,47,47,47,47,47,47,47,47,47,47,47,47,47,47,47
0,0,0,0,0,0,0,0,0,0,0,0,0,0,0,0,0,0,0,0,0,0,0,0,0,0,0,0,0,0,0,0,0,0,0,0,0,0,0,0,0,0,0,0,0,0,0,0,0,109,6,6,2,2,2,2,2,2,2,2,2,2,2,2,2,2,2,2,2,2,2,2,2,2,2,2,2,2,2,2,2,2,2,2,2,2,2,2,2,2,2,2,2,2,2,2,2,2,2,2,2,2,2,2,2,2,2,2,2,2,2,2,2,2,2,2,2,2,2,2,2,2,2,2,2,2,2,2,2,2,2,2,2,2,2,2,2,2,2,2,2,2,2,2,2,2,2,2,2,2,2,2,2,2,2,2,2,2,2,2,2,2,2,2,2,2,2,2,2,2,6,6,109,0,0,0,0,0,47,0,47,68,79,79,79,79,79,79,79,79,79,79,79,79,79,79,79,79,79,79,79,79,79,79,79,79,79,79,79,79,79,79,79,79,79,79,79,79,79,79,79,79,79,79,79,79,79,79,79,79,79,79,79,79,79,79,79,79,79,79,79,79,79,79,79,79,79,79,79,79,79,79,79,79,79,79,79,79,79,79,79,79,79,79,79,79,79,79,79,79,79,79,79,79,79,79,79,79,79,79,79,79,79,79,79,79,79,79,79,79,79,79,79,79,79,79,79,79,79,79,79,79,79,79,79,79,79,79,79,79,79,79,79,79,79,79,79,79,79,79,79,79,79,79,79,79,79,79,79,79,79,79,79,79,79,79,66,0,47,0,0,0,0,0,0,0,0,0,0,0,0,0,0,47,0,47,0,0,0,0,0,0,0,0,0,0,0,0,0,47,0,0,186,178,182,182,182,182,182,182,0,186,178,0,0,47,0,47,47,0,0,0,0,0,0,0,0,47,0,0,0,47,0,0,0,0,0,47,0,0,0,0,0,0,0,0,0,0,0,0,0,0,0,0,0,0,0,0,47,0,2,47,0,0,47,1,0,47,0,0,47,0,0,47,0,0,47,0,0,47,0,0,54,54,54,54,0,0,0,0,0,0,111,111,111,0,111,0,0,0,0,0,0,0,0,0,0,0,0,0,0,0,0,0,0,0,0,92,92,137,137,6,5,5,5,6,6,137,137,137,92,92,79,0,0,79,0,0,0,0,0,0,0,0,0,0,0,0,120,111,120,0,0,0,0,0,0,111,111,111,111,111,0,0,0,0,0,111,111,111,111,111,0,0,0,0,0,92,92,137,137,137,137,137,6,5,5,5,36,47,36,47,5,5,6,6,137,137,92,0,79,79,79,0,111,111,0,111,111,111,111,0,0,0,0,0,0,0,0,0,92,92,137,137,137,137,137,137,137,6,5,5,36,47,36,47,36,47,5,5,6,6,6,137,137,137,137,6,5,5,5,6,6,6,47,47,47,47,47,47,47,47,47,47,47,47,47,47,47,47,47,47,47,47,47,47,47,47,47,47,47,47,47,47,47,47,47,47,47,47,47,47,47,47,47,47,47,47,47,47,47,47,47,47,47,47,47,47,47,47,47,47,47,47,47,47,47,47,47,47,47
0,0,0,0,0,0,0,0,0,0,0,0,0,0,0,0,0,0,0,0,0,0,0,0,0,0,0,0,0,0,0,0,0,0,0,0,0,0,0,0,0,0,0,0,0,0,0,0,0,109,6,6,2,2,2,2,2,2,2,2,2,2,2,2,2,2,2,2,2,2,2,2,2,2,2,2,2,2,2,2,2,2,2,2,2,2,2,2,2,2,2,2,2,2,2,2,2,2,2,2,2,2,2,2,2,2,2,2,2,2,2,2,2,2,2,2,2,2,2,2,2,2,2,2,2,2,2,2,2,2,2,2,2,2,2,2,2,2,2,2,2,2,2,2,2,2,2,2,2,2,2,2,2,2,2,2,2,2,2,2,2,2,2,2,2,2,2,2,2,2,6,6,109,0,0,0,0,0,0,47,0,72,76,79,79,79,79,79,75,67,67,67,67,67,76,79,79,79,79,79,79,79,79,79,79,79,79,79,79,79,79,79,79,79,79,79,79,79,79,79,79,79,79,79,79,79,79,79,79,79,79,79,79,79,79,79,75,67,67,67,67,67,67,67,67,76,79,79,79,79,79,79,79,79,79,79,79,79,79,79,79,79,79,79,79,79,79,79,79,79,79,79,79,79,79,79,79,79,79,75,67,67,67,67,67,67,76,79,79,75,67,67,67,67,67,76,79,79,79,79,79,79,79,79,79,79,79,79,79,79,79,79,79,79,79,79,79,79,79,79,79,79,79,79,79,79,79,79,79,79,79,79,79,79,79,79,66,47,0,47,0,0,0,0,0,0,0,0,0,0,0,0,0,0,0,0,0,0,0,0,0,0,0,0,0,0,0,0,47,47,0,0,182,0,182,186,176,186,176,186,178,186,178,0,0,0,0,47,0,47,0,0,0,0,0,0,47,0,184,176,184,176,184,176,184,182,47,0,47,0,0,136,0,0,0,0,0,0,0,47,0,0,0,0,0,0,0,0,0,47,1,0,47,0,0,47,0,0,47,0,0,47,0,0,47,0,0,47,0,0,47,0,0,0,0,0,0,47,0,47,0,47,111,47,111,47,111,47,0,47,0,47,92,47,92,47,92,47,0,47,0,47,0,47,0,47,92,137,137,6,5,5,36,47,36,5,5,5,6,6,137,137,92,47,0,47,0,47,0,47,0,47,0,47,0,47,0,47,111,111,111,47,0,47,0,47,92,47,92,47,92,47,0,47,0,47,0,47,111,111,111,47,0,47,0,47,92,137,137,6,6,5,5,5,5,47,36,47,36,47,36,47,36,47,5,5,6,6,137,47,79,47,0,47,0,47,0,47,0,47,0,47,0,47,0,47,0,47,92,47,137,137,6,6,6,5,5,5,5,5,36,47,36,47,36,47,36,47,36,47,5,5,5,5,5,5,5,5,36,47,36,6,6,6,47,47,47,47,47,47,47,47,47,47,47,47,47,47,47,47,47,47,47,47,47,47,47,47,47,47,47,47,47,47,47,47,47,47,47,47,47,47,47,47,47,47,47,47,47,47,47,47,47,47,47,47,47,47,47,47,47,47,47,47,47,47,47,47,47,47,47
0,0,0,0,0,0,0,0,0,0,0,0,0,0,0,0,0,0,0,0,0,0,0,0,0,0,0,0,0,0,0,0,0,0,0,0,0,0,0,0,0,0,0,0,0,0,0,0,0,109,6,6,2,2,2,2,2,2,2,2,2,2,2,2,2,2,2,2,2,2,2,2,2,2,2,2,2,2,2,2,2,2,2,2,2,2,2,2,2,2,2,2,2,2,2,2,2,2,2,2,2,2,2,2,2,2,2,2,2,2,2,2,2,2,2,2,2,2,2,2,2,2,2,2,2,2,2,2,2,2,2,2,2,6,6,6,6,6,6,6,6,6,6,6,6,6,101,110,110,110,110,110,110,110,110,110,110,110,110,110,102,2,2,2,2,2,2,2,2,2,6,6,109,0,0,0,0,0,47,0,47,93,72,76,79,79,79,75,71,93,47,93,47,93,72,76,79,79,79,79,79,79,79,79,79,79,79,79,79,79,79,79,79,79,79,79,79,211,79,79,79,79,79,75,67,67,67,76,79,79,79,79,79,79,79,75,71,93,47,93,47,93,47,93,47,72,76,79,79,79,75,67,67,67,111,76,111,79,75,67,67,67,67,67,76,79,79,79,79,79,79,75,67,67,67,67,76,79,79,66,47,93,47,93,47,93,72,76,75,71,47,93,47,93,47,72,76,79,79,79,79,79,79,79,79,79,79,79,79,79,79,79,79,79,79,79,79,79,79,79,79,79,79,79,79,79,79,79,79,79,79,79,79,79,79,75,71,0,47,0,0,0,0,0,0,0,0,0,0,0,0,0,47,0,0,0,47,184,176,184,176,184,182,0,0,0,0,47,47,47,47,47,47,47,47,0,47,0,136,47,0,47,1,0,0,47,0,47,47,0,0,0,0,0,0,0,0,0,184,176,184,176,182,0,182,182,0,0,0,0,0,1,0,0,0,0,0,0,0,0,0,0,0,136,137,137,0,0,47,0,0,47,0,0,47,136,0,47,53,0,47,0,0,47,0,0,47,0,0,47,0,53,53,53,53,0,0,0,0,0,0,0,0,0,0,0,0,0,92,92,92,137,137,137,137,137,137,92,92,92,92,92,92,92,92,137,137,6,5,5,36,47,36,47,36,47,36,47,5,5,6,6,137,137,92,92,0,0,0,0,0,0,0,0,0,0,0,0,111,111,111,0,0,92,92,137,137,137,137,137,137,137,92,92,0,0,0,0,111,0,111,0,0,0,92,92,137,6,6,5,5,47,36,47,36,47,36,47,36,47,36,47,36,47,36,47,5,5,6,137,137,92,92,92,92,92,92,92,92,92,92,92,92,92,92,92,92,137,137,137,6,6,5,5,5,47,36,47,36,47,36,47,36,47,36,47,36,47,36,47,36,47,36,47,36,47,36,47,36,47,36,6,6,6,47,47,47,47,47,47,47,47,47,47,47,47,47,47,47,47,47,47,47,47,47,47,47,47,47,47,47,47,47,47,47,47,47,47,47,47,47,47,47,47,47,47,47,47,47,47,47,47,47,47,47,47,47,47,47,47,47,47,47,47,47,47,47,47,47,47,47
0,0,0,0,0,0,0,0,0,0,0,0,0,0,0,0,0,0,0,0,0,0,0,0,0,0,0,0,0,0,0,0,0,0,0,0,0,0,0,0,0,0,0,0,0,0,0,0,0,109,6,6,2,2,2,2,2,2,2,2,2,2,2,2,2,2,2,2,2,2,2,2,2,2,2,2,2,2,2,2,2,2,2,2,2,2,2,2,2,2,2,2,2,2,2,2,2,2,2,2,2,2,2,2,2,2,2,2,2,2,2,6,6,6,6,6,6,6,6,6,6,6,6,6,6,6,6,6,6,6,6,2,2,6,6,6,6,6,6,6,6,6,6,6,6,6,109,0,178,0,178,181,178,0,181,178,181,178,181,178,109,6,6,6,6,6,6,6,6,2,6,6,109,0,0,0,0,0,0,47,0,47,93,72,76,79,75,71,93,0,6,6,6,47,93,72,76,79,79,79,79,79,79,79,79,75,67,67,67,67,67,67,76,79,79,79,79,79,211,79,79,79,75,71,93,47,93,72,76,79,79,79,79,79,79,66,93,0,6,6,6,6,6,6,0,47,72,67,67,67,71,47,93,47,111,111,111,67,111,47,93,47,93,47,72,67,67,67,67,67,67,71,93,47,93,47,72,76,75,71,0,47,0,47,0,47,93,72,71,47,0,1,5,5,0,47,72,67,76,79,79,79,79,79,79,79,79,79,79,79,79,79,79,79,79,79,79,79,79,79,79,79,79,79,79,79,79,79,79,79,79,79,79,79,75,71,93,47,0,47,0,0,0,0,0,0,0,0,0,0,0,0,0,47,47,47,0,184,176,184,176,182,182,0,0,0,136,47,0,0,47,47,47,47,47,47,0,0,1,0,47,0,0,0,0,0,0,0,0,0,0,0,47,47,0,0,0,0,176,0,180,176,176,0,176,176,0,136,0,0,0,0,0,0,0,0,0,0,0,0,0,0,0,2,47,2,0,0,0,0,136,0,0,0,0,2,137,137,137,0,0,0,232,233,0,0,232,233,0,0,0,136,137,137,137,137,137,0,143,0,143,0,47,0,47,0,47,92,137,137,137,6,5,5,5,5,6,137,137,137,137,137,137,137,137,6,5,5,36,47,36,47,36,47,36,47,36,47,36,47,5,5,6,6,137,137,47,92,47,92,47,92,47,0,47,0,47,0,47,0,47,92,47,137,137,6,5,5,5,5,6,6,137,137,47,92,47,0,111,0,111,0,47,92,137,137,6,5,5,47,36,47,36,47,36,47,36,47,36,47,36,47,36,47,36,47,36,47,5,5,6,137,137,137,137,137,137,137,137,137,137,137,137,137,137,137,137,6,5,5,5,5,36,47,36,47,36,47,36,47,36,47,36,47,36,47,36,47,36,47,36,47,36,47,36,47,36,47,36,47,36,6,6,6,47,47,47,47,47,47,47,47,47,47,47,47,47,47,47,47,47,47,47,47,47,47,47,47,47,47,47,47,47,47,47,47,47,47,47,47,47,47,47,47,47,47,47,47,47,47,47,47,47,47,47,47,47,47,47,47,47,47,47,47,47,47,47,47,47,47,47
0,0,0,0,0,0,0,0,0,0,0,0,0,0,0,0,0,0,0,0,0,0,0,0,0,0,0,0,0,0,0,0,0,0,0,0,0,0,0,0,0,0,0,0,0,0,0,0,0,109,6,6,2,2,2,2,2,2,2,2,2,2,2,2,2,6,6,6,6,6,6,6,6,6,6,6,6,6,6,6,6,6,6,6,6,6,6,6,6,6,6,6,6,6,6,6,6,6,6,6,6,6,6,6,6,6,2,2,2,2,2,6,6,6,6,6,6,6,6,6,6,6,6,6,6,6,6,6,6,6,6,6,6,6,6,101,110,110,110,110,110,110,110,110,110,110,103,0,182,178,182,186,0,0,186,182,186,176,186,0,109,6,6,6,6,6,6,6,6,2,6,6,109,0,0,0,0,0,47,0,47,0,47,93,72,67,71,93,47,1,5,5,5,5,47,93,72,67,76,79,79,79,79,79,75,71,47,93,47,93,47,93,72,67,67,67,67,211,76,79,79,75,71,93,47,6,47,93,68,79,79,79,79,79,111,71,47,2,6,6,6,6,6,6,6,0,47,93,47,93,47,0,1,5,111,111,111,93,111,0,1,5,5,0,47,93,47,93,47,93,47,93,0,6,6,0,47,72,71,93,47,0,47,0,47,0,47,93,47,0,47,27,27,27,47,0,47,93,72,67,67,67,67,76,79,79,79,75,67,67,67,67,67,76,79,79,79,79,79,79,79,75,67,67,67,67,67,76,79,79,79,79,79,75,71,93,47,0,47,0,0,0,0,0,0,0,0,0,47,0,47,0,0,0,0,0,0,176,0,180,176,176,176,0,0,0,2,47,0,0,47,0,47,0,47,0,0,0,0,0,47,0,136,47,0,47,0,0,0,0,0,0,0,0,0,0,0,0,47,47,0,0,136,47,0,47,0,1,0,0,0,136,0,0,0,0,0,0,0,136,137,137,137,6,47,2,0,0,0,0,2,137,137,137,137,6,47,47,2,0,0,0,0,0,0,0,0,0,0,0,0,2,47,47,47,47,2,0,0,0,0,0,0,92,92,92,137,137,6,5,5,5,36,47,36,47,5,5,5,5,5,5,5,5,5,5,36,47,36,47,36,47,36,47,36,47,36,47,36,47,36,47,5,5,6,6,137,137,137,137,137,137,137,92,92,92,92,92,92,92,92,137,137,6,5,5,36,47,36,47,5,5,6,6,137,137,92,92,92,92,92,92,137,137,6,6,5,47,36,47,36,47,36,47,36,47,36,47,36,47,36,47,36,47,36,47,36,47,36,47,5,5,5,5,5,5,5,5,5,5,5,5,5,5,5,5,5,5,36,47,36,47,36,47,36,47,36,47,36,47,36,47,36,47,36,47,36,47,36,47,36,47,36,47,36,47,36,47,36,47,36,5,6,6,47,47,47,47,47,47,47,47,47,47,47,47,47,47,47,47,47,47,47,47,47,47,47,47,47,47,47,47,47,47,47,47,47,47,47,47,47,47,47,47,47,47,47,47,47,47,47,47,47,47,47,47,47,47,47,47,47,47,47,47,47,47,47,47,47,47,47
0,0,0,0,0,0,0,0,0,0,0,0,0,0,0,0,0,0,0,0,0,0,0,0,0,0,0,0,0,0,0,0,0,0,0,0,0,0,0,0,0,0,0,0,0,0,0,0,0,109,6,6,6,6,6,6,6,6,6,6,6,2,2,2,2,6,6,6,6,6,6,6,6,6,6,6,6,6,6,6,6,6,6,6,6,6,6,6,6,6,6,6,6,6,6,6,6,6,6,6,6,6,6,6,6,6,2,2,2,2,2,6,6,101,110,110,110,110,110,110,110,110,110,110,110,110,110,110,102,6,6,6,6,6,6,109,0,0,0,0,0,0,0,0,0,0,0,0,188,188,176,186,178,0,182,182,182,182,186,178,104,110,110,110,110,110,102,6,6,2,6,6,109,0,0,0,0,0,0,47,111,47,111,47,111,111,93,47,0,27,0,0,27,27,0,47,93,47,72,67,67,67,67,67,71,47,0,47,0,47,0,47,93,47,93,47,211,47,72,67,67,71,93,47,1,5,5,47,72,76,79,75,67,67,111,47,0,2,6,6,6,6,5,5,5,47,0,47,0,0,0,0,27,27,111,111,111,111,111,47,0,0,27,0,0,47,0,47,0,0,0,0,1,5,5,5,0,93,93,47,0,47,0,47,0,47,0,47,0,47,0,0,0,0,0,0,0,0,93,93,93,93,93,72,76,79,75,71,93,47,93,47,93,72,67,67,67,67,67,76,75,71,93,47,93,47,93,72,76,79,79,79,75,71,93,47,0,47,0,47,0,0,0,0,0,0,0,0,0,0,0,0,0,0,0,0,0,0,0,0,0,136,47,47,0,0,1,0,0,0,47,0,47,0,47,0,0,0,136,0,47,0,2,0,47,0,0,0,47,0,47,0,47,47,0,0,0,0,47,47,0,0,1,0,0,0,47,0,0,0,0,2,0,0,0,0,0,52,0,2,47,47,47,47,47,2,137,137,137,137,6,47,47,47,47,47,47,47,2,0,244,245,244,245,244,245,244,245,244,245,0,2,47,47,47,47,2,47,92,47,92,47,92,137,137,137,6,5,5,47,36,47,36,47,36,47,36,47,36,47,36,47,36,47,36,47,36,47,36,47,36,47,36,47,36,47,36,47,36,47,36,47,36,47,5,5,5,5,5,5,5,6,6,137,137,137,137,137,137,137,137,6,5,5,36,47,36,47,36,47,36,47,5,5,6,6,137,137,137,137,137,137,6,6,5,5,36,47,36,47,36,47,36,47,36,47,36,47,36,47,36,47,36,47,36,47,36,47,36,47,36,47,36,47,36,47,36,47,36,47,36,47,36,47,36,47,36,47,36,47,36,47,36,47,36,47,36,47,36,47,36,47,36,47,36,47,36,47,36,47,36,47,36,47,36,47,36,47,36,47,36,47,6,6,47,47,47,47,47,47,47,47,47,47,47,47,47,47,47,47,47,47,47,47,47,47,47,47,47,47,47,47,47,47,47,47,47,47,47,47,47,47,47,47,47,47,47,47,47,47,47,47,47,47,47,47,47,47,47,47,47,47,47,47,47,47,47,47,47,47,47
0,0,0,0,0,0,0,0,0,0,0,0,0,0,0,0,0,0,0,0,0,0,0,0,0,0,0,0,0,0,0,0,0,0,0,0,0,0,0,0,0,0,0,0,0,0,0,0,0,109,6,6,6,6,6,6,6,6,6,6,6,6,6,6,6,6,6,101,110,110,110,110,110,110,110,110,110,110,110,110,110,110,102,6,6,101,110,110,110,110,110,110,110,110,110,102,6,6,101,110,110,110,110,102,6,6,2,2,2,2,2,6,6,109,0,0,0,0,0,0,0,0,0,0,0,0,0,0,109,6,6,6,101,110,110,103,47,0,0,0,0,0,0,0,0,0,0,0,181,178,181,178,181,178,178,178,0,179,179,0,0,0,0,0,0,0,109,6,6,6,6,6,109,0,0,0,0,0,0,0,47,111,47,0,111,0,111,0,0,0,0,0,0,0,0,0,0,0,47,93,47,93,47,93,47,0,47,0,47,0,52,0,47,6,6,211,6,0,47,93,47,93,47,0,190,27,191,0,47,72,67,71,47,93,111,0,47,2,6,5,5,5,47,0,47,0,0,0,0,0,0,0,0,0,111,111,111,0,0,0,0,0,0,0,0,0,0,0,0,0,0,0,27,27,27,27,0,0,0,0,0,0,0,0,47,0,47,0,0,0,0,0,0,0,0,0,0,0,0,0,0,0,0,93,72,67,71,93,0,1,5,5,0,93,93,93,93,93,93,72,71,93,0,6,6,6,0,93,72,67,67,67,71,93,47,0,47,0,0,0,0,0,0,0,0,0,0,47,0,47,0,47,0,0,0,0,0,47,0,47,0,1,47,0,47,0,0,0,0,0,0,0,0,0,0,0,0,0,2,137,137,137,6,0,47,0,0,0,0,47,0,0,0,0,0,0,47,0,0,0,0,0,0,47,0,47,0,136,137,137,137,6,0,0,0,0,0,0,0,2,47,47,47,47,47,47,47,47,47,47,47,47,47,47,47,47,47,47,2,137,137,137,137,137,137,137,137,137,137,137,137,6,47,47,47,47,2,137,137,137,137,137,137,6,5,5,5,47,36,47,36,47,36,47,36,47,36,47,36,47,36,47,36,47,36,47,36,47,36,47,36,47,36,47,36,47,36,47,36,47,36,47,36,47,36,47,36,47,36,47,36,5,5,5,5,5,5,5,5,5,5,5,36,47,36,47,36,47,36,47,36,47,36,47,5,5,5,5,5,5,5,5,5,5,36,47,36,47,36,47,36,47,36,47,36,47,36,47,36,47,36,47,36,47,36,47,36,47,36,47,36,47,36,47,36,47,36,47,36,47,36,47,36,47,36,47,36,47,36,47,36,47,36,47,36,47,36,47,36,47,36,47,36,47,36,47,36,47,36,47,36,47,36,47,36,47,36,47,36,47,36,47,6,6,47,47,47,47,47,47,47,47,47,47,47,47,47,47,47,47,47,47,47,47,47,47,47,47,47,47,47,47,47,47,47,47,47,47,47,47,47,47,47,47,47,47,47,47,47,47,47,47,47,47,47,47,47,47,47,47,47,47,47,47,47,47,47,47,47,47,47
0,0,0,0,0,0,0,0,0,0,0,0,0,0,0,0,0,0,0,0,0,0,0,0,6,6,6,0,0,0,0,0,0,0,0,6,0,0,0,0,0,0,0,6,6,6,0,0,0,109,6,101,110,110,110,110,110,110,102,6,6,6,6,6,6,6,6,109,0,0,0,0,0,0,0,0,0,0,0,0,0,0,109,6,6,109,0,0,0,0,0,0,0,0,0,109,6,6,109,0,0,0,0,109,6,6,6,6,6,6,6,6,6,109,0,0,0,0,0,0,0,0,0,0,47,47,47,0,104,110,102,6,109,0,0,0,47,0,0,0,0,0,0,0,0,47,0,0,186,0,182,182,186,0,182,182,0,0,179,176,0,0,0,0,0,0,109,6,6,6,6,6,109,0,0,0,0,0,0,0,111,47,111,47,111,111,0,0,0,0,0,0,0,0,0,0,0,0,0,0,0,6,6,47,0,47,0,47,0,47,0,47,2,6,6,6,211,6,0,47,0,47,0,0,0,0,0,0,0,93,93,47,0,47,111,47,0,1,5,47,0,47,0,47,0,0,0,0,0,52,0,0,0,0,0,0,0,0,0,0,0,0,0,0,0,0,0,0,0,0,0,0,0,0,0,0,0,0,0,0,0,0,0,0,0,0,0,0,0,0,0,0,0,0,0,0,0,0,0,0,0,0,0,0,93,93,93,0,0,0,27,27,0,0,0,0,0,0,0,93,93,0,1,5,5,5,5,0,93,93,93,47,93,47,0,0,0,0,0,0,0,0,0,0,0,0,0,0,47,0,47,0,0,0,136,137,137,0,47,0,0,0,47,47,0,0,136,0,0,0,0,0,52,0,136,137,137,137,6,47,47,47,2,0,47,0,0,0,17,47,0,17,0,0,0,17,0,0,0,0,0,0,136,0,0,0,0,2,47,47,47,2,137,137,137,137,137,137,137,6,47,47,47,47,47,47,47,47,47,47,47,47,47,47,47,47,47,47,47,47,47,47,47,47,47,47,47,47,47,47,47,47,47,47,47,47,2,5,5,5,5,5,5,5,36,47,36,47,36,47,36,47,36,47,36,47,36,47,36,47,36,47,36,47,36,47,36,47,36,47,36,47,36,47,36,47,36,47,36,47,36,47,36,47,36,47,36,47,36,47,36,47,36,47,36,47,36,47,36,47,36,47,36,47,36,47,36,47,36,47,36,47,36,47,36,47,36,47,36,47,36,47,36,47,36,47,36,47,36,47,36,47,36,47,36,47,36,47,36,47,36,47,36,47,36,47,36,47,36,47,36,47,36,47,36,47,36,47,36,47,36,47,36,47,36,47,36,47,36,47,36,47,36,47,36,47,36,47,36,47,36,47,36,47,36,47,36,47,36,47,36,47,36,47,36,47,36,47,36,47,36,47,6,6,47,47,47,47,47,47,47,47,47,47,47,47,47,47,47,47,47,47,47,47,47,47,47,47,47,47,47,47,47,47,47,47,47,47,47,47,47,47,47,47,47,47,47,47,47,47,47,47,47,47,47,47,47,47,47,47,47,47,47,47,47,47,47,47,47,47,47
0,0,0,0,0,0,0,0,0,0,0,0,0,6,6,6,0,0,0,0,6,6,0,0,0,0,6,6,0,0,0,0,0,0,0,6,6,0,0,0,0,6,6,6,0,0,0,0,0,109,6,109,0,0,0,0,0,0,104,110,110,110,110,102,6,6,6,109,0,0,0,0,47,47,47,0,0,0,0,0,0,0,104,110,110,103,0,0,0,0,47,47,47,47,0,104,110,110,103,0,0,0,0,109,6,6,6,6,6,6,6,6,6,109,0,47,47,0,0,0,0,0,0,0,0,0,47,0,0,0,109,6,109,0,0,0,47,0,47,0,0,0,0,47,0,47,0,0,182,0,186,182,182,0,182,182,0,179,179,176,0,0,0,0,0,0,104,110,110,110,110,110,103,0,0,0,0,0,0,0,47,0,47,0,0,0,0,0,0,0,0,0,0,0,0,0,0,0,0,0,2,6,6,6,0,0,47,0,47,0,47,0,1,5,5,5,5,5,0,0,0,0,0,0,0,0,0,0,0,0,0,0,0,111,111,111,47,0,47,0,47,0,0,0,0,0,0,0,0,0,0,0,52,0,0,0,0,0,0,0,0,0,0,0,0,0,0,0,0,0,0,0,0,0,0,0,0,0,0,0,0,0,17,0,0,0,0,0,0,0,17,0,0,0,0,0,0,0,0,0,0,0,0,0,0,0,197,197,197,0,0,0,0,0,0,0,0,0,0,0,0,0,27,0,27,27,27,0,0,0,0,0,0,0,0,0,0,0,0,0,0,0,0,0,0,0,0,0,0,0,0,0,0,0,2,47,2,47,0,47,0,136,0,0,0,0,2,137,137,137,47,0,47,0,2,47,47,47,47,47,47,47,2,137,137,137,137,137,137,137,137,137,137,137,137,137,0,0,0,0,0,0,2,137,137,137,137,6,47,47,47,47,47,47,47,47,47,47,47,47,47,47,47,47,47,47,47,47,47,47,47,47,47,47,47,47,47,47,47,47,47,47,47,47,47,47,47,47,47,47,47,47,47,47,47,47,2,47,36,47,36,47,36,47,36,47,36,47,36,47,36,47,36,47,36,47,36,47,36,47,36,47,36,47,36,47,36,47,36,47,36,47,36,47,36,47,36,47,36,47,36,47,36,47,36,47,36,47,36,47,36,47,36,47,36,47,36,47,36,47,36,47,36,47,36,47,36,47,36,47,36,47,36,47,36,47,36,47,36,47,36,47,36,47,36,47,36,47,36,47,36,47,36,47,36,47,36,47,36,47,36,47,36,47,36,47,36,47,36,47,36,47,36,47,36,47,36,47,36,47,36,47,36,47,36,47,36,47,36,47,36,47,36,47,36,47,36,47,36,47,36,47,36,47,36,47,36,47,36,47,36,47,36,47,36,47,36,47,36,47,36,47,6,6,47,47,47,47,47,47,47,47,47,47,47,47,47,47,47,47,47,47,47,47,47,47,47,47,47,47,47,47,47,47,47,47,47,47,47,47,47,47,47,47,47,47,47,47,47,47,47,47,47,47,47,47,47,47,47,47,47,47,47,47,47,47,47,47,47,47,47
0,0,0,0,0,0,0,0,0,0,0,0,0,0,0,0,0,0,0,6,6,0,0,0,0,0,0,6,0,0,0,6,0,0,0,0,6,0,0,0,0,0,0,0,0,0,0,0,0,109,6,109,0,47,47,47,47,47,0,178,178,178,178,109,6,101,110,103,0,0,0,0,47,0,0,0,0,0,0,0,0,0,0,0,0,0,0,0,0,0,47,0,0,0,0,0,0,0,0,0,0,0,0,104,110,110,110,110,110,110,110,110,110,103,0,0,47,0,0,0,0,0,0,0,0,47,47,0,0,0,104,110,103,0,0,0,47,47,47,0,0,0,0,47,0,47,0,0,0,0,0,0,0,0,0,0,0,0,0,0,0,0,0,0,0,0,0,0,0,47,0,47,0,0,0,0,0,0,0,0,0,0,0,0,0,0,0,0,0,0,0,0,0,17,0,0,0,0,0,0,1,5,5,5,0,0,0,0,0,0,0,0,0,0,0,0,0,0,0,0,0,0,0,0,0,0,0,0,0,0,0,0,111,111,111,111,111,0,0,0,0,0,0,0,0,0,0,0,0,0,0,0,0,0,0,0,0,232,233,0,0,0,0,0,0,0,174,0,0,0,174,0,205,0,0,0,0,0,0,0,0,0,136,0,0,0,0,0,0,0,136,0,0,0,52,0,0,0,136,3,3,0,0,0,0,0,0,0,0,0,0,0,0,0,0,0,0,0,0,0,0,0,0,0,0,0,0,0,0,0,0,0,0,0,0,0,0,0,0,0,0,0,0,0,0,0,0,0,0,0,136,137,137,137,6,47,2,0,0,0,0,2,137,137,137,137,6,47,47,2,0,47,0,0,2,47,47,47,47,47,47,47,47,47,47,47,47,47,47,47,47,47,47,47,47,2,137,137,137,137,137,137,6,47,47,47,47,47,47,47,47,47,47,47,47,47,47,47,47,47,47,47,47,47,47,47,47,47,47,47,47,47,47,47,47,47,47,47,47,47,47,47,47,47,47,47,47,47,47,47,47,47,47,47,47,47,2,47,36,47,36,47,36,47,36,47,36,47,36,47,36,47,36,47,36,47,36,47,36,47,36,47,36,47,36,47,36,47,36,47,36,47,36,47,36,47,36,47,36,47,36,47,36,47,36,47,36,47,36,47,36,47,36,47,36,47,36,47,36,47,36,47,36,47,36,47,36,47,36,47,36,47,36,47,36,47,36,47,36,47,36,47,36,47,36,47,36,47,36,47,36,47,36,47,36,47,36,47,36,47,36,47,36,47,36,47,36,47,36,47,36,47,36,47,36,47,36,47,36,47,36,47,36,47,36,47,36,47,36,47,36,47,36,47,36,47,36,47,36,47,36,47,36,47,36,47,36,47,36,47,36,47,36,47,36,47,36,47,36,47,36,47,6,6,47,47,47,47,47,47,47,47,47,47,47,47,47,47,47,47,47,47,47,47,47,47,47,47,47,47,47,47,47,47,47,47,47,47,47,47,47,47,47,47,47,47,47,47,47,47,47,47,47,47,47,47,47,47,47,47,47,47,47,47,47,47,47,47,47,47,47
0,0,0,0,0,0,0,0,6,6,0,0,0,0,0,0,0,0,0,0,0,0,0,0,0,0,0,0,0,0,0,0,0,0,0,0,0,0,0,0,0,0,0,0,0,0,0,0,0,109,6,109,0,47,0,0,0,47,0,186,182,178,182,109,6,109,0,0,0,0,0,0,47,47,47,0,0,47,47,47,0,0,0,47,0,47,0,0,0,0,47,0,47,0,0,0,0,0,0,0,0,0,0,0,0,0,47,0,47,0,0,0,0,47,47,47,47,0,0,0,0,0,0,0,0,0,0,0,0,0,0,0,0,0,0,0,0,0,0,0,0,0,0,47,47,47,0,0,0,0,0,0,0,0,0,0,0,47,47,47,0,0,0,0,0,0,0,0,0,47,47,47,0,0,0,0,0,0,0,0,0,0,0,0,0,0,0,0,0,0,136,137,137,137,0,0,0,0,0,0,0,0,0,27,0,0,0,0,0,0,0,0,0,0,0,0,0,0,0,0,0,0,52,0,0,0,136,137,0,0,0,0,111,111,111,111,111,0,0,0,0,0,0,0,0,0,0,0,0,0,0,0,136,137,0,0,0,0,0,0,0,0,136,137,137,137,137,137,137,137,97,111,111,52,0,0,0,0,0,0,52,0,2,0,0,0,0,0,52,0,2,0,92,92,92,92,92,0,2,137,137,137,137,3,3,0,0,0,0,0,0,3,0,0,0,0,0,0,0,0,0,0,0,0,0,0,0,0,0,0,0,0,0,0,0,0,0,0,0,0,0,0,0,0,0,0,0,0,0,0,2,47,47,47,47,47,2,137,137,137,137,6,47,47,47,47,47,47,47,2,137,137,137,137,6,47,47,47,47,47,47,47,47,47,47,47,47,47,47,47,47,47,47,47,47,47,47,47,47,47,47,47,47,47,47,47,47,47,47,47,47,47,47,47,47,47,47,47,47,47,47,47,47,47,47,47,47,47,47,47,47,47,47,47,47,47,47,47,47,47,47,47,47,47,47,47,47,47,47,47,47,47,47,47,47,47,2,47,36,47,36,47,36,47,36,47,36,47,36,47,36,47,36,47,36,47,36,47,36,47,36,47,36,47,36,47,36,47,36,47,36,47,36,47,36,47,36,47,36,47,36,47,36,47,36,47,36,47,36,47,36,47,36,47,36,47,36,47,36,47,36,47,36,47,36,47,36,47,36,47,36,47,36,47,36,47,36,47,36,47,36,47,36,47,36,47,36,47,36,47,36,47,36,47,36,47,36,47,36,47,36,47,36,47,36,47,36,47,36,47,36,47,36,47,36,47,36,47,36,47,36,47,36,47,36,47,36,47,36,47,36,47,36,47,36,47,36,47,36,47,36,47,36,47,36,47,36,47,36,47,36,47,36,47,36,47,36,47,36,47,36,47,6,6,47,47,47,47,47,47,47,47,47,47,47,47,47,47,47,47,47,47,47,47,47,47,47,47,47,47,47,47,47,47,47,47,47,47,47,47,47,47,47,47,47,47,47,47,47,47,47,47,47,47,47,47,47,47,47,47,47,47,47,47,47,47,47,47,47,47,47
6,6,6,0,0,0,0,6,6,0,0,0,0,0,0,0,0,0,0,0,0,0,0,0,0,0,0,0,0,0,0,0,0,0,0,0,0,0,0,0,0,0,0,0,0,0,0,0,0,104,110,103,0,47,0,47,0,47,0,182,182,182,178,104,110,103,0,47,47,47,0,0,0,0,0,0,0,0,0,47,0,0,0,47,47,47,0,0,0,0,47,47,47,0,0,0,0,0,0,0,0,0,0,0,0,0,47,0,47,0,0,0,0,0,0,0,0,0,0,0,0,0,0,0,0,0,0,0,0,0,0,0,0,0,0,0,0,0,0,0,0,0,0,0,0,0,0,0,0,0,0,0,47,0,0,0,0,47,0,0,0,0,0,0,0,47,47,0,0,0,0,0,0,0,0,0,0,0,0,0,0,53,0,0,0,52,0,0,0,0,2,6,6,6,0,0,0,0,0,0,0,0,0,0,0,0,0,17,0,0,0,0,0,0,0,0,0,0,0,0,0,0,0,0,0,0,2,6,137,137,137,0,0,111,111,111,0,0,0,0,0,0,92,92,92,92,0,0,0,0,0,0,2,6,0,92,92,92,92,92,92,0,2,6,6,6,6,6,111,6,120,111,120,92,47,92,92,92,92,92,47,92,47,92,47,92,92,92,92,92,92,92,69,65,65,65,70,0,2,211,6,211,6,137,137,137,137,3,199,0,47,136,137,137,3,3,0,0,0,0,0,0,0,0,0,0,0,0,0,0,0,0,0,0,0,0,0,0,0,0,0,0,0,0,0,143,136,137,137,137,6,47,47,47,47,47,47,47,47,47,47,47,47,47,47,47,47,47,47,47,47,47,47,47,47,47,47,47,47,47,47,47,47,47,47,47,47,47,47,47,47,47,47,47,47,47,47,47,47,47,47,47,47,47,47,47,47,47,47,47,47,47,47,47,47,47,47,47,47,47,47,47,47,47,47,47,47,47,47,47,47,47,47,47,47,47,47,47,47,47,47,47,47,47,47,47,47,47,47,47,47,47,47,47,47,47,2,47,36,47,36,47,36,47,36,47,36,47,36,47,36,47,36,47,36,47,36,47,36,47,36,47,36,47,36,47,36,47,36,47,36,47,36,47,36,47,36,47,36,47,36,47,36,47,36,47,36,47,36,47,36,47,36,47,36,47,36,47,36,47,36,47,36,47,36,47,36,47,36,47,36,47,36,47,36,47,36,47,36,47,36,47,36,47,36,47,36,47,36,47,36,47,36,47,36,47,36,47,36,47,36,47,36,47,36,47,36,47,36,47,36,47,36,47,36,47,36,47,36,47,36,47,36,47,36,47,36,47,36,47,36,47,36,47,36,47,36,47,36,47,36,47,36,47,36,47,36,47,36,47,36,47,36,47,36,47,36,47,36,47,36,47,6,6,47,47,47,47,47,47,47,47,47,47,47,47,47,47,47,47,47,47,47,47,47,47,47,47,47,47,47,47,47,47,47,47,47,47,47,47,47,47,47,47,47,47,47,47,47,47,47,47,47,47,47,47,47,47,47,47,47,47,47,47,47,47,47,47,47,47,47
0,0,6,6,6,0,0,0,0,0,0,0,0,0,0,0,0,0,0,0,0,0,0,0,0,0,0,0,0,0,0,0,0,0,0,0,0,0,0,0,0,0,0,0,0,0,0,0,0,0,0,0,0,47,47,47,0,0,0,0,0,0,0,0,0,0,0,0,0,47,0,0,0,0,0,0,0,0,47,47,0,0,0,0,0,0,0,0,0,0,0,0,0,0,0,0,47,47,47,47,0,0,0,0,0,0,47,47,47,0,0,0,0,0,0,0,0,47,0,0,0,0,0,0,0,47,47,0,0,0,0,0,0,0,0,0,0,0,0,101,110,102,0,0,0,0,0,0,0,47,47,0,47,0,0,0,0,47,47,0,0,0,0,0,0,47,0,0,0,101,110,110,110,102,0,143,0,143,0,143,136,137,0,0,0,0,0,0,0,0,0,6,6,0,0,47,0,0,0,0,111,47,0,0,0,52,0,136,0,0,0,0,0,0,0,0,92,92,92,0,0,0,0,92,92,0,2,6,6,6,6,0,111,111,111,111,111,47,0,47,0,47,69,65,65,70,92,47,92,47,92,47,2,6,0,69,65,65,65,65,70,0,2,6,6,6,6,6,111,6,111,111,111,65,65,65,65,65,65,65,65,65,65,65,65,65,65,65,65,65,65,65,73,79,79,79,66,47,2,211,6,211,6,6,6,6,6,137,137,47,0,2,6,6,137,137,137,137,3,3,0,18,0,0,52,0,0,52,0,0,52,0,0,52,0,0,52,0,0,232,233,0,0,0,0,0,2,47,47,47,47,47,47,47,47,47,47,47,47,47,47,47,47,47,47,47,47,47,47,47,47,47,47,47,47,47,47,47,47,47,47,47,47,47,47,47,47,47,47,47,47,47,47,47,47,47,47,47,47,47,47,47,47,47,47,47,47,47,47,47,47,47,47,47,47,47,47,47,47,47,47,47,47,47,47,47,47,47,47,47,47,47,47,47,47,47,47,47,47,47,47,47,47,47,47,47,47,47,47,47,47,47,47,47,47,47,2,47,36,47,36,47,36,47,36,47,36,47,36,47,36,47,36,47,36,47,36,47,36,47,36,47,36,47,36,47,36,47,36,47,36,47,36,47,36,47,36,47,36,47,36,47,36,47,36,47,36,47,36,47,36,47,36,47,36,47,36,47,36,47,36,47,36,47,36,47,36,47,36,47,36,47,36,47,36,47,36,47,36,47,36,47,36,47,36,47,36,47,36,47,36,47,36,47,36,47,36,47,36,47,36,47,36,47,36,47,36,47,36,47,36,47,36,47,36,47,36,47,36,47,36,47,36,47,36,47,36,47,36,47,36,47,36,47,36,47,36,47,36,47,36,47,36,47,36,47,36,47,36,47,36,47,36,47,36,47,36,47,36,47,36,47,6,6,47,47,47,47,47,47,47,47,47,47,47,47,47,47,47,47,47,47,47,47,47,47,47,47,47,47,47,47,47,47,47,47,47,47,47,47,47,47,47,47,47,47,47,47,47,47,47,47,47,47,47,47,47,47,47,47,47,47,47,47,47,47,47,47,47,47,47
0,0,0,0,0,0,0,0,0,0,0,0,0,0,0,0,52,0,0,0,232,233,0,0,0,52,0,0,0,232,233,0,0,0,52,0,0,0,232,233,0,0,0,52,0,0,0,0,0,0,0,0,0,0,0,0,0,0,0,0,47,0,47,47,0,0,47,0,0,47,0,0,0,0,0,0,0,0,0,0,0,0,0,0,0,0,0,0,0,0,0,0,0,0,0,0,0,0,0,47,0,101,110,110,110,110,110,110,110,110,110,110,110,110,110,102,0,47,0,47,0,101,110,102,0,47,0,0,0,0,0,0,0,47,47,47,47,0,0,109,6,104,110,110,102,0,0,0,0,47,0,0,47,0,0,0,0,0,101,110,110,102,0,47,0,47,0,0,0,109,6,6,6,109,143,0,143,0,143,0,2,6,47,0,47,92,47,92,92,92,92,0,0,0,47,92,120,120,111,111,111,92,47,0,0,0,0,2,47,92,47,92,47,92,47,92,69,65,70,92,47,92,47,69,70,92,47,2,6,6,0,92,111,111,111,111,111,92,47,92,47,92,68,79,79,74,65,65,65,65,70,0,47,0,47,68,79,79,79,79,66,92,0,6,6,6,6,6,111,111,111,111,111,79,79,79,79,79,79,79,79,79,79,79,79,79,79,79,79,79,79,79,79,79,79,79,66,0,2,6,6,211,6,6,6,6,6,6,6,0,47,2,6,6,6,6,6,6,137,137,137,137,0,0,0,0,0,0,0,0,0,0,0,0,0,0,0,0,0,0,0,0,0,0,0,0,2,47,47,47,47,47,47,47,47,47,47,47,47,47,47,47,47,47,47,47,47,47,47,47,47,47,47,47,47,47,47,47,47,47,47,47,47,47,47,47,47,47,47,47,47,47,47,47,47,47,47,47,47,47,47,47,47,47,47,47,47,47,47,47,47,47,47,47,47,47,47,47,47,47,47,47,47,47,47,47,47,47,47,47,47,47,47,47,47,47,47,47,47,47,47,47,47,47,47,47,47,47,47,47,47,47,47,47,47,47,2,47,36,47,36,47,36,47,36,47,36,47,36,47,36,47,36,47,36,47,36,47,36,47,36,47,36,47,36,47,36,47,36,47,36,47,36,47,36,47,36,47,36,47,36,47,36,47,36,47,36,47,36,47,36,47,36,47,36,47,36,47,36,47,36,47,36,47,36,47,36,47,36,47,36,47,36,47,36,47,36,47,36,47,36,47,36,47,36,47,36,47,36,47,36,47,36,47,36,47,36,47,36,47,36,47,36,47,36,47,36,47,36,47,36,47,36,47,36,47,36,47,36,47,36,47,36,47,36,47,36,47,36,47,36,47,36,47,36,47,36,47,36,47,36,47,36,47,36,47,36,47,36,47,36,47,36,47,36,47,36,47,36,47,36,47,6,6,47,47,47,47,47,47,47,47,47,47,47,47,47,47,47,47,47,47,47,47,47,47,47,47,47,47,47,47,47,47,47,47,47,47,47,47,47,47,47,47,47,47,47,47,47,47,47,47,47,47,47,47,47,47,47,47,47,47,47,47,47,47,47,47,47,47,47
0,0,0,0,0,0,0,0,0,0,0,53,0,0,0,0,0,0,0,0,0,0,0,0,0,0,0,0,0,0,0,0,0,0,0,0,0,0,0,0,0,0,0,0,0,0,0,0,0,0,0,0,0,0,0,0,0,0,0,0,47,0,47,0,0,0,47,47,47,47,0,0,101,110,110,110,110,102,183,178,187,183,180,179,180,178,182,0,182,0,0,0,0,0,0,0,0,47,0,47,0,109,6,6,6,6,6,6,6,6,6,6,6,6,6,109,0,47,47,47,0,109,6,109,0,0,0,0,0,0,47,0,0,47,0,0,0,0,0,109,6,80,6,69,70,80,0,0,0,47,47,47,47,0,0,0,0,0,109,6,6,109,0,47,47,47,0,0,0,109,6,6,6,109,0,143,0,143,0,143,2,6,0,47,92,69,65,65,65,65,70,47,92,47,92,69,111,111,111,111,111,65,70,47,92,47,92,47,92,69,65,65,65,65,65,65,73,79,74,65,65,65,65,73,74,70,92,47,92,47,92,69,73,111,111,111,65,65,65,65,65,65,73,79,79,79,79,79,79,79,74,65,65,65,65,73,79,79,79,79,74,70,0,47,0,47,0,47,0,47,111,111,111,79,79,79,79,79,79,79,79,79,79,79,79,79,79,79,79,79,79,79,79,79,79,79,66,47,0,6,6,6,6,6,6,6,6,6,0,47,0,2,6,6,6,6,6,6,6,6,6,6,0,92,92,92,92,92,92,92,92,92,0,0,0,0,0,0,0,0,0,0,0,0,0,0,2,47,47,47,47,47,47,47,47,47,47,47,47,47,47,47,47,47,47,47,47,47,47,47,47,47,47,47,47,47,47,47,47,47,47,47,47,47,47,47,47,47,47,47,47,47,47,47,47,47,47,47,47,47,47,47,47,47,47,47,47,47,47,47,47,47,47,47,47,47,47,47,47,47,47,47,47,47,47,47,47,47,47,47,47,47,47,47,47,47,47,47,47,47,47,47,47,47,47,47,47,47,47,47,47,47,47,47,47,47,2,47,36,47,36,47,36,47,36,47,36,47,36,47,36,47,36,47,36,47,36,47,36,47,36,47,36,47,36,47,36,47,36,47,36,47,36,47,36,47,36,47,36,47,36,47,36,47,36,47,36,47,36,47,36,47,36,47,36,47,36,47,36,47,36,47,36,47,36,47,36,47,36,47,36,47,36,47,36,47,36,47,36,47,36,47,36,47,36,47,36,47,36,47,36,47,36,47,36,47,36,47,36,47,36,47,36,47,36,47,36,47,36,47,36,47,36,47,36,47,36,47,36,47,36,47,36,47,36,47,36,47,36,47,36,47,36,47,36,47,36,47,36,47,36,47,36,47,36,47,36,47,36,47,36,47,36,47,36,47,36,47,36,47,36,47,6,6,47,47,47,47,47,47,47,47,47,47,47,47,47,47,47,47,47,47,47,47,47,47,47,47,47,47,47,47,47,47,47,47,47,47,47,47,47,47,47,47,47,47,47,47,47,47,47,47,47,47,47,47,47,47,47,47,47,47,47,47,47,47,47,47,47,47,47
0,0,0,0,0,6,6,6,0,6,6,137,0,0,0,0,0,0,0,0,0,0,92,92,92,92,0,0,0,0,0,92,92,92,0,0,0,0,0,0,0,6,6,6,0,0,0,0,101,110,110,110,110,110,110,110,110,102,0,0,47,47,47,0,0,0,0,0,0,0,0,0,109,6,6,6,6,109,183,177,183,183,176,183,0,182,182,182,182,101,110,102,0,0,0,0,0,47,47,47,0,109,6,6,6,6,6,6,6,6,6,6,6,6,6,109,0,0,0,0,0,109,6,104,110,102,0,0,0,47,47,0,0,47,0,47,0,0,0,109,6,77,6,77,77,77,110,110,110,110,110,110,110,110,110,110,110,110,103,6,6,109,0,0,0,0,0,0,0,109,6,6,6,109,143,0,143,0,143,0,143,0,143,92,69,73,79,79,79,79,74,65,65,65,65,73,79,111,79,111,79,79,74,65,65,65,65,65,65,73,79,79,79,79,79,79,79,79,79,79,79,79,79,79,79,74,65,65,65,65,65,73,79,79,79,79,79,79,79,79,79,79,79,79,79,79,79,79,79,79,79,79,79,79,79,79,79,79,79,79,79,74,65,65,65,65,65,65,65,111,111,111,111,111,79,79,79,79,79,79,79,79,79,79,79,79,79,79,79,79,79,79,79,79,79,79,74,70,47,0,6,6,6,6,6,6,6,0,47,0,47,2,6,6,6,6,6,6,6,6,6,0,0,69,65,65,65,65,65,65,65,70,92,92,92,92,92,92,92,0,0,0,0,0,0,0,2,47,47,47,47,47,47,47,47,47,47,47,47,47,47,47,47,47,47,47,47,47,47,47,47,47,47,47,47,47,47,47,47,47,47,47,47,47,47,47,47,47,47,47,47,47,47,47,47,47,47,47,47,47,47,47,47,47,47,47,47,47,47,47,47,47,47,47,47,47,47,47,47,47,47,47,47,47,47,47,47,47,47,47,47,47,47,47,47,47,47,47,47,47,47,47,47,47,47,47,47,47,47,47,47,47,47,47,47,47,2,47,36,47,36,47,36,47,36,47,36,47,36,47,36,47,36,47,36,47,36,47,36,47,36,47,36,47,36,47,36,47,36,47,36,47,36,47,36,47,36,47,36,47,36,47,36,47,36,47,36,47,36,47,36,47,36,47,36,47,36,47,36,47,36,47,36,47,36,47,36,47,36,47,36,47,36,47,36,47,36,47,36,47,36,47,36,47,36,47,36,47,36,47,36,47,36,47,36,47,36,47,36,47,36,47,36,47,36,47,36,47,36,47,36,47,36,47,36,47,36,47,36,47,36,47,36,47,36,47,36,47,36,47,36,47,36,47,36,47,36,47,36,47,36,47,36,47,36,47,36,47,36,47,36,47,36,47,36,47,36,47,36,47,36,47,6,6,47,47,47,47,47,47,47,47,47,47,47,47,47,47,47,47,47,47,47,47,47,47,47,47,47,47,47,47,47,47,47,47,47,47,47,47,47,47,47,47,47,47,47,47,47,47,47,47,47,47,47,47,47,47,47,47,47,47,47,47,47,47,47,47,47,47,47
0,0,0,0,0,0,0,0,0,6,0,0,0,0,92,92,92,0,0,0,0,0,6,6,6,6,0,0,0,0,92,6,6,6,0,0,0,92,92,92,0,0,0,6,6,6,0,0,109,6,6,6,6,6,6,6,6,109,0,0,0,0,0,0,0,0,0,0,0,0,0,0,109,6,6,6,6,109,177,0,177,177,180,0,180,0,177,177,0,109,6,109,0,0,0,0,0,0,0,0,0,109,6,6,2,2,2,2,2,2,2,2,2,6,6,104,110,110,110,110,110,103,6,6,6,109,0,0,0,0,0,0,0,47,47,47,0,0,0,109,6,72,81,72,71,72,81,6,6,6,6,6,6,6,6,6,6,6,6,6,6,104,110,110,110,110,110,110,110,103,6,6,6,109,0,143,0,143,0,143,0,143,92,69,73,79,79,79,79,79,79,79,79,79,79,79,79,79,79,79,79,79,79,79,79,79,79,79,79,79,79,79,79,79,79,79,79,79,79,79,79,79,79,79,79,79,79,79,79,79,79,79,79,79,79,79,79,79,79,79,79,79,79,79,79,79,79,79,79,79,79,79,79,79,79,79,79,79,79,79,79,79,79,79,79,79,79,79,79,79,79,79,79,79,79,79,79,79,79,79,79,79,79,79,79,79,79,79,79,79,79,79,79,79,79,79,79,74,70,47,0,47,0,47,0,47,0,47,0,47,0,2,6,6,6,6,6,6,6,6,6,47,0,68,64,79,68,79,69,79,66,74,65,65,65,65,65,65,70,92,0,0,0,0,0,0,2,47,47,47,47,47,47,47,47,47,47,47,47,47,47,47,47,47,47,47,47,47,47,47,47,47,47,47,47,47,47,47,47,47,47,47,47,47,47,47,47,47,47,47,47,47,47,47,47,47,47,47,47,47,47,47,47,47,47,47,47,47,47,47,47,47,47,47,47,47,47,47,47,47,47,47,47,47,47,47,47,47,47,47,47,47,47,47,47,47,47,47,47,47,47,47,47,47,47,47,47,47,47,47,47,47,47,47,47,47,2,47,36,47,36,47,36,47,36,47,36,47,36,47,36,47,36,47,36,47,36,47,36,47,36,47,36,47,36,47,36,47,36,47,36,47,36,47,36,47,36,47,36,47,36,47,36,47,36,47,36,47,36,47,36,47,36,47,36,47,36,47,36,47,36,47,36,47,36,47,36,47,36,47,36,47,36,47,36,47,36,47,36,47,36,47,36,47,36,47,36,47,36,47,36,47,36,47,36,47,36,47,36,47,36,47,36,47,36,47,36,47,36,47,36,47,36,47,36,47,36,47,36,47,36,47,36,47,36,47,36,47,36,47,36,47,36,47,36,47,36,47,36,47,36,47,36,47,36,47,36,47,36,47,36,47,36,47,36,47,36,47,36,47,36,47,6,6,47,47,47,47,47,47,47,47,47,47,47,47,47,47,47,47,47,47,47,47,47,47,47,47,47,47,47,47,47,47,47,47,47,47,47,47,47,47,47,47,47,47,47,47,47,47,47,47,47,47,47,47,47,47,47,47,47,47,47,47,47,47,47,47,47,47,47
0,0,0,0,0,0,0,6,6,6,0,0,0,0,6,6,6,92,92,0,0,0,0,0,0,0,0,0,0,0,6,6,0,0,0,0,0,6,6,6,0,0,0,0,0,0,0,0,109,6,6,6,6,6,6,6,6,104,110,110,110,110,110,110,110,110,110,110,110,110,110,110,103,6,6,6,6,104,110,110,110,110,110,110,110,110,110,110,110,103,6,104,110,110,110,110,110,110,110,110,110,103,6,6,2,2,2,2,2,2,2,2,2,6,6,6,6,6,6,6,6,6,6,6,6,104,110,110,110,110,110,110,110,110,110,110,110,110,110,103,6,6,6,6,6,6,6,6,6,6,6,6,6,6,6,6,6,6,6,6,6,6,6,6,6,6,6,6,6,6,6,6,6,109,143,0,143,0,143,0,143,0,69,73,79,79,79,79,79,79,79,79,79,79,79,79,79,79,79,79,79,79,79,79,79,79,79,79,79,79,79,79,79,79,79,79,79,79,79,79,79,79,79,79,79,79,79,79,79,79,79,79,79,79,79,79,79,79,79,79,79,79,79,79,79,79,79,79,79,79,79,79,79,79,79,79,79,79,79,79,79,79,79,79,79,79,79,79,79,79,79,79,79,79,79,79,79,79,79,79,79,79,79,79,79,79,79,79,79,79,79,79,79,79,79,79,79,79,74,65,65,65,65,65,65,65,65,65,70,0,47,2,6,6,6,6,6,6,6,6,6,0,47,68,77,79,64,79,72,79,64,79,83,79,83,79,69,79,82,70,92,0,0,0,0,0,2,47,47,47,47,47,47,47,47,47,47,47,47,47,47,47,47,47,47,47,47,47,47,47,47,47,47,47,47,47,47,47,47,47,47,47,47,47,47,47,47,47,47,47,47,47,47,47,47,47,47,47,47,47,47,47,47,47,47,47,47,47,47,47,47,47,47,47,47,47,47,47,47,47,47,47,47,47,47,47,47,47,47,47,47,47,47,47,47,47,47,47,47,47,47,47,47,47,47,47,47,47,47,47,47,47,47,47,47,47,2,47,36,47,36,47,36,47,36,47,36,47,36,47,36,47,36,47,36,47,36,47,36,47,36,47,36,47,36,47,36,47,36,47,36,47,36,47,36,47,36,47,36,47,36,47,36,47,36,47,36,47,36,47,36,47,36,47,36,47,36,47,36,47,36,47,36,47,36,47,36,47,36,47,36,47,36,47,36,47,36,47,36,47,36,47,36,47,36,47,36,47,36,47,36,47,36,47,36,47,36,47,36,47,36,47,36,47,36,47,36,47,36,47,36,47,36,47,36,47,36,47,36,47,36,47,36,47,36,47,36,47,36,47,36,47,36,47,36,47,36,47,36,47,36,47,36,47,36,47,36,47,36,47,36,47,36,47,36,47,36,47,36,47,36,47,6,6,47,47,47,47,47,47,47,47,47,47,47,47,47,47,47,47,47,47,47,47,47,47,47,47,47,47,47,47,47,47,47,47,47,47,47,47,47,47,47,47,47,47,47,47,47,47,47,47,47,47,47,47,47,47,47,47,47,47,47,47,47,47,47,47,47,47,47
0,0,0,0,0,0,0,0,0,0,0,0,0,0,0,0,6,6,6,0,0,0,0,0,0,0,0,0,0,0,0,0,0,0,0,0,0,0,0,0,0,0,0,0,0,0,0,0,109,6,6,2,2,2,2,6,6,6,6,6,6,6,6,6,6,6,6,6,6,6,6,6,6,6,6,6,6,6,6,6,6,6,6,6,6,6,6,6,6,6,6,6,6,6,6,6,6,6,6,6,6,6,6,6,2,2,2,2,2,2,2,2,2,6,6,6,6,6,6,6,6,6,6,6,6,6,6,6,6,6,6,6,6,6,6,6,6,6,6,6,6,6,2,2,2,2,2,2,2,2,2,2,2,2,2,2,2,2,2,6,6,6,6,6,6,6,6,6,6,6,6,6,6,109,0,143,0,143,0,143,0,143,68,79,79,79,79,79,79,79,79,79,79,79,79,79,79,79,79,79,79,79,79,79,79,79,79,79,79,79,79,79,79,79,79,79,79,79,79,79,79,79,79,79,79,79,79,79,79,79,79,79,79,79,79,79,79,79,79,79,79,79,79,79,79,79,79,79,79,79,79,79,79,79,79,79,79,79,79,79,79,79,79,79,79,79,79,79,79,79,79,79,79,79,79,79,79,79,79,79,79,79,79,79,79,79,79,79,79,79,79,79,79,79,79,79,79,79,79,79,79,79,79,79,79,79,79,79,74,70,0,47,6,6,6,6,6,6,6,6,0,47,69,73,79,79,79,79,79,79,79,79,72,79,68,79,82,79,77,74,70,0,0,0,0,0,2,47,47,47,47,47,47,47,47,47,47,47,47,47,47,47,47,47,47,47,47,47,47,47,47,47,47,47,47,47,47,47,47,47,47,47,47,47,47,47,47,47,47,47,47,47,47,47,47,47,47,47,47,47,47,47,47,47,47,47,47,47,47,47,47,47,47,47,47,47,47,47,47,47,47,47,47,47,47,47,47,47,47,47,47,47,47,47,47,47,47,47,47,47,47,47,47,47,47,47,47,47,47,47,47,47,47,47,47,47,2,47,36,47,36,47,36,47,36,47,36,47,36,47,36,47,36,47,36,47,36,47,36,47,36,47,36,47,36,47,36,47,36,47,36,47,36,47,36,47,36,47,36,47,36,47,36,47,36,47,36,47,36,47,36,47,36,47,36,47,36,47,36,47,36,47,36,47,36,47,36,47,36,47,36,47,36,47,36,47,36,47,36,47,36,47,36,47,36,47,36,47,36,47,36,47,36,47,36,47,36,47,36,47,36,47,36,47,36,47,36,47,36,47,36,47,36,47,36,47,36,47,36,47,36,47,36,47,36,47,36,47,36,47,36,47,36,47,36,47,36,47,36,47,36,47,36,47,36,47,36,47,36,47,36,47,36,47,36,47,36,47,36,47,36,47,6,6,47,47,47,47,47,47,47,47,47,47,47,47,47,47,47,47,47,47,47,47,47,47,47,47,47,47,47,47,47,47,47,47,47,47,47,47,47,47,47,47,47,47,47,47,47,47,47,47,47,47,47,47,47,47,47,47,47,47,47,47,47,47,47,47,47,47,47
0,0,0,0,0,0,0,0,0,0,0,0,0,0,0,0,0,0,0,0,0,0,0,0,0,0,0,0,0,0,0,0,0,0,0,0,0,0,0,0,0,0,0,0,0,0,0,0,109,6,6,2,2,2,2,6,6,6,6,6,6,6,6,6,6,6,6,6,6,6,6,6,6,6,6,6,6,6,6,6,6,6,6,6,6,6,6,6,6,6,6,6,6,6,6,6,6,6,6,6,6,6,6,6,2,2,2,2,2,2,2,2,2,2,2,2,2,2,2,2,2,2,2,6,6,6,6,6,6,6,6,6,6,6,6,6,6,6,6,6,6,6,2,2,2,2,2,2,2,2,2,2,2,2,2,2,2,2,2,2,2,2,2,2,2,2,2,2,2,2,2,6,6,109,143,0,143,0,143,0,143,69,73,79,79,79,79,79,79,79,79,79,79,79,79,79,79,79,79,79,79,79,79,79,79,79,79,79,79,79,79,79,79,79,79,79,79,79,79,79,79,79,79,79,79,79,79,79,79,79,79,79,79,79,79,79,79,79,79,79,79,79,79,79,79,79,79,79,79,79,79,79,79,79,79,79,79,79,79,79,79,79,79,79,79,79,79,79,79,79,79,79,79,79,79,79,79,79,79,79,79,79,79,79,79,79,79,79,79,79,79,79,79,79,79,79,79,79,79,79,79,79,79,79,79,79,79,79,79,74,70,0,47,6,6,6,6,6,6,0,47,69,73,68,66,79,82,79,68,79,79,79,79,79,79,79,79,79,79,79,66,0,0,0,0,0,2,47,47,47,47,47,47,47,47,47,47,47,47,47,47,47,47,47,47,47,47,47,47,47,47,47,47,47,47,47,47,47,47,47,47,47,47,47,47,47,47,47,47,47,47,47,47,47,47,47,47,47,47,47,47,47,47,47,47,47,47,47,47,47,47,47,47,47,47,47,47,47,47,47,47,47,47,47,47,47,47,47,47,47,47,47,47,47,47,47,47,47,47,47,47,47,47,47,47,47,47,47,47,47,47,47,47,47,47,47,2,47,36,47,36,47,36,47,36,47,36,47,36,47,36,47,36,47,36,47,36,47,36,47,36,47,36,47,36,47,36,47,36,47,36,47,36,47,36,47,36,47,36,47,36,47,36,47,36,47,36,47,36,47,36,47,36,47,36,47,36,47,36,47,36,47,36,47,36,47,36,47,36,47,36,47,36,47,36,47,36,47,36,47,36,47,36,47,36,47,36,47,36,47,36,47,36,47,36,47,36,47,36,47,36,47,36,47,36,47,36,47,36,47,36,47,36,47,36,47,36,47,36,47,36,47,36,47,36,47,36,47,36,47,36,47,36,47,36,47,36,47,36,47,36,47,36,47,36,47,36,47,36,47,36,47,36,47,36,47,36,47,36,47,36,47,6,6,47,47,47,47,47,47,47,47,47,47,47,47,47,47,47,47,47,47,47,47,47,47,47,47,47,47,47,47,47,47,47,47,47,47,47,47,47,47,47,47,47,47,47,47,47,47,47,47,47,47,47,47,47,47,47,47,47,47,47,47,47,47,47,47,47,47,47
0,0,0,0,0,0,0,0,0,0,0,0,0,0,0,0,0,0,0,0,0,0,0,0,0,0,0,0,0,0,0,0,0,0,0,0,0,0,0,0,0,0,0,0,0,0,0,0,109,6,6,2,2,2,2,2,2,2,2,2,2,2,2,2,2,2,2,2,2,2,2,2,2,2,2,2,2,2,2,2,2,2,2,2,2,2,2,2,2,2,2,2,2,2,2,2,2,2,2,2,2,2,2,2,2,2,2,2,2,2,2,2,2,2,2,2,2,2,2,2,2,2,2,2,2,2,2,2,2,2,2,2,2,2,2,2,2,2,2,2,2,2,2,2,2,2,2,2,2,2,2,2,2,2,2,2,2,2,2,2,2,2,2,2,2,2,2,2,2,2,2,6,6,109,0,143,0,143,0,143,0,68,79,79,79,79,79,79,79,79,79,79,79,79,79,79,79,79,79,79,79,79,79,79,79,79,79,79,79,79,79,79,79,79,79,79,79,79,79,79,79,79,79,79,79,79,79,79,79,79,79,79,79,79,79,79,79,79,79,79,79,79,79,79,79,79,79,79,79,79,79,79,79,79,79,79,79,79,79,79,79,79,79,79,79,79,79,79,79,79,79,79,79,79,79,79,79,79,79,79,79,79,79,79,79,79,79,79,79,79,79,79,79,79,79,79,79,79,79,79,79,79,79,79,79,79,79,79,79,79,74,70,0,47,0,47,0,47,0,47,69,73,79,68,82,79,68,68,72,79,80,70,79,80,79,80,79,64,79,64,66,0,0,0,0,0,2,47,47,47,47,47,47,47,47,47,47,47,47,47,47,47,47,47,47,47,47,47,47,47,47,47,47,47,47,47,47,47,47,47,47,47,47,47,47,47,47,47,47,47,47,47,47,47,47,47,47,47,47,47,47,47,47,47,47,47,47,47,47,47,47,47,47,47,47,47,47,47,47,47,47,47,47,47,47,47,47,47,47,47,47,47,47,47,47,47,47,47,47,47,47,47,47,47,47,47,47,47,47,47,47,47,47,47,47,47,2,47,36,47,36,47,36,47,36,47,36,47,36,47,36,47,36,47,36,47,36,47,36,47,36,47,36,47,36,47,36,47,36,47,36,47,36,47,36,47,36,47,36,47,36,47,36,47,36,47,36,47,36,47,36,47,36,47,36,47,36,47,36,47,36,47,36,47,36,47,36,47,36,47,36,47,36,47,36,47,36,47,36,47,36,47,36,47,36,47,36,47,36,47,36,47,36,47,36,47,36,47,36,47,36,47,36,47,36,47,36,47,36,47,36,47,36,47,36,47,36,47,36,47,36,47,36,47,36,47,36,47,36,47,36,47,36,47,36,47,36,47,36,47,36,47,36,47,36,47,36,47,36,47,36,47,36,47,36,47,36,47,36,47,36,47,6,6,47,47,47,47,47,47,47,47,47,47,47,47,47,47,47,47,47,47,47,47,47,47,47,47,47,47,47,47,47,47,47,47,47,47,47,47,47,47,47,47,47,47,47,47,47,47,47,47,47,47,47,47,47,47,47,47,47,47,47,47,47,47,47,47,47,47,47
0,0,0,0,0,0,0,0,0,0,0,0,0,0,0,0,0,0,0,0,0,0,0,0,0,0,0,0,0,0,0,0,0,0,0,0,0,0,0,0,0,0,0,0,0,0,0,0,109,6,6,2,2,2,2,2,2,2,2,2,2,2,2,2,2,2,2,2,2,2,2,2,2,2,2,2,2,2,2,2,2,2,2,2,2,2,2,2,2,2,2,2,2,2,2,2,2,2,2,2,2,2,2,2,2,2,2,2,2,2,2,2,2,2,2,2,2,2,2,2,2,2,2,2,2,2,2,2,2,2,2,2,2,2,2,2,2,2,2,2,2,2,2,2,2,2,2,2,2,2,2,2,2,2,2,2,2,2,2,2,2,2,2,2,2,2,2,2,2,2,2,6,6,109,143,0,143,0,143,0,143,68,79,79,79,79,79,79,79,79,79,79,79,79,79,79,79,79,79,79,79,79,79,79,79,79,79,79,79,79,79,79,79,79,79,79,79,79,79,79,79,79,79,79,79,79,79,79,79,79,79,79,79,79,79,79,79,79,79,79,79,79,79,79,79,79,79,79,79,79,79,79,79,79,79,79,79,79,79,79,79,79,79,79,79,79,79,79,79,79,79,79,79,79,79,79,79,79,79,79,79,79,79,79,79,79,79,79,79,79,79,79,79,79,79,79,79,79,79,79,79,79,79,79,79,79,79,79,79,79,79,74,65,65,65,65,65,65,65,65,73,79,79,79,79,79,79,79,79,79,77,66,79,77,79,82,79,68,79,66,66,0,0,0,0,0,2,47,47,47,47,47,47,47,47,47,47,47,47,47,47,47,47,47,47,47,47,47,47,47,47,47,47,47,47,47,47,47,47,47,47,47,47,47,47,47,47,47,47,47,47,47,47,47,47,47,47,47,47,47,47,47,47,47,47,47,47,47,47,47,47,47,47,47,47,47,47,47,47,47,47,47,47,47,47,47,47,47,47,47,47,47,47,47,47,47,47,47,47,47,47,47,47,47,47,47,47,47,47,47,47,47,47,47,47,47,2,47,36,47,36,47,36,47,36,47,36,47,36,47,36,47,36,47,36,47,36,47,36,47,36,47,36,47,36,47,36,47,36,47,36,47,36,47,36,47,36,47,36,47,36,47,36,47,36,47,36,47,36,47,36,47,36,47,36,47,36,47,36,47,36,47,36,47,36,47,36,47,36,47,36,47,36,47,36,47,36,47,36,47,36,47,36,47,36,47,36,47,36,47,36,47,36,47,36,47,36,47,36,47,36,47,36,47,36,47,36,47,36,47,36,47,36,47,36,47,36,47,36,47,36,47,36,47,36,47,36,47,36,47,36,47,36,47,36,47,36,47,36,47,36,47,36,47,36,47,36,47,36,47,36,47,36,47,36,47,36,47,36,47,36,47,6,6,47,47,47,47,47,47,47,47,47,47,47,47,47,47,47,47,47,47,47,47,47,47,47,47,47,47,47,47,47,47,47,47,47,47,47,47,47,47,47,47,47,47,47,47,47,47,47,47,47,47,47,47,47,47,47,47,47,47,47,47,47,47,47,47,47,47,47
0,0,0,0,92,92,92,92,92,92,92,92,92,92,92,92,92,92,92,92,92,92,92,92,92,92,92,92,92,92,92,92,92,92,92,92,92,92,92,92,92,92,92,92,92,92,92,92,109,6,6,2,2,2,2,2,2,2,2,2,2,2,2,2,2,2,2,2,2,2,2,2,2,2,2,2,2,2,2,2,2,2,2,2,2,2,2,2,2,2,2,2,2,2,2,2,2,2,2,2,2,2,2,2,2,2,2,2,2,2,2,2,2,2,2,2,2,2,2,2,2,2,2,2,2,2,2,2,2,2,2,2,2,2,2,2,2,2,2,2,2,2,2,2,2,2,2,2,2,2,2,2,2,2,2,2,2,2,2,2,2,2,2,2,2,2,2,2,2,2,2,6,6,109,0,143,0,143,0,143,0,68,79,79,79,79,79,79,79,79,79,79,79,79,79,79,79,79,79,79,79,79,79,79,79,79,79,79,79,79,79,79,79,79,79,79,79,79,79,79,79,79,79,79,79,79,79,79,79,79,79,79,79,79,79,79,79,79,79,79,79,79,79,79,79,79,79,79,79,79,79,79,79,79,79,79,79,79,79,79,79,79,79,79,79,79,79,79,79,79,79,79,79,79,79,79,79,79,79,79,79,79,79,79,79,79,79,79,79,79,79,79,79,79,79,79,79,79,79,79,79,79,79,79,79,79,79,79,79,79,79,79,79,79,79,79,79,79,79,79,79,79,79,79,79,79,79,79,79,79,79,79,79,79,79,79,79,79,79,79,66,47,0,0,0,0,2,47,47,47,47,47,47,47,47,47,47,47,47,47,47,47,47,47,47,47,47,47,47,47,47,47,47,47,47,47,47,47,47,47,47,47,47,47,47,47,47,47,47,47,47,47,47,47,47,47,47,47,47,47,47,47,47,47,47,47,47,47,47,47,47,47,47,47,47,47,47,47,47,47,47,47,47,47,47,47,47,47,47,47,47,47,47,47,47,47,47,47,47,47,47,47,47,47,47,47,47,47,47,47,47,47,47,47,47,47,2,47,36,47,36,47,36,47,36,47,36,47,36,47,36,47,36,47,36,47,36,47,36,47,36,47,36,47,36,47,36,47,36,47,36,47,36,47,36,47,36,47,36,47,36,47,36,47,36,47,36,47,36,47,36,47,36,47,36,47,36,47,36,47,36,47,36,47,36,47,36,47,36,47,36,47,36,47,36,47,36,47,36,47,36,47,36,47,36,47,36,47,36,47,36,47,36,47,36,47,36,47,36,47,36,47,36,47,36,47,36,47,36,47,36,47,36,47,36,47,36,47,36,47,36,47,36,47,36,47,36,47,36,47,36,47,36,47,36,47,36,47,36,47,36,47,36,47,36,47,36,47,36,47,36,47,36,47,36,47,36,47,36,47,36,47,6,6,47,47,47,47,47,47,47,47,47,47,47,47,47,47,47,47,47,47,47,47,47,47,47,47,47,47,47,47,47,47,47,47,47,47,47,47,47,47,47,47,47,47,47,47,47,47,47,47,47,47,47,47,47,47,47,47,47,47,47,47,47,47,47,47,47,47,47
