2,6,6,6,2,6,6,6,2,6,6,6,2,6,6,6,2,6,6,6,2,6,6,6,2,6,6,6,2,6,6,6,2,6,6,6,2,6,6,6,2,6,6,6,2,6,6,6,2,6,6,6,2,6,6,6,2,6,6,6,2,6,6,6,2,6,6,6,2,6,6,6,2,6,6,6,2,6,6,6,2,6,6,6,2,6,6,6,2,6,6,100,47,111,47,111,47,111,47,98,95,0,0,0,79,0,0,0,0,79,0,0,126,0,0,79,0,0,0,0,79,0,0,0,0,0,0,0,0,79,0,0,0,79,0,0,0,32,0,0,79,0,0,0,0,79,0,0,0,126,0,0,79,0,0,0,0,79,0,0,0,0,79,0,0,0,79,0,0,32,0,0,79,0,0,0,79,0,0,0,79,0,0,0,32,0,0,79,0,0,0,0,79,0,0,0,0,32,0,0,0,79,0,0,0,126,0,0,0,79,0,0,0,0,0,0,0,45,6,6,6,6,6,6,6,45,6,6,6,6,6,6,6,6,6,6,6,6,6,6,45,6,6,6,6,45,6,6,6,6,6,6,6,6,6,6,6,6,6,6,6,6,6,6,6,6,6,6,6,6,6,6,6,6,6,6,6,6,6,6,6,6,6,6,6,6,6,6,6,6,6,6,6,6,6,6,6,6,6,6,6,6,6,6,6,6,6,6,6,6,6,6,6,6,6,6,6,6,6,6,6,6,6,6,6,6,6,6,6,6,6,6,45,6,6,6,2,6,6,6,2,6,6,6,2,6,6,6,2,6,6,6,2,6,6,6,2,6,6,6,2,6,6,6,2,6,6,6,2,6,6,6,2,6,6,6,2,6,6,6,2,6,6,6,2,6,6,6,2,6,6,6,2,6,6,6,2,6,6,6,2,6,6,6,2,6,6,6,2,6,6,6,2,6,6,6,2,6,6,6,2,6,6,6,2,6,6,6,2,6,6,6,2,6,6,6,2,6,6,6,2,6,6,6,2,6,6,6,2,6,6,6,2,6,6,6,2,6,6,6,2,6,6,6,2,6,6,6,2,6,6,6,2,6,6,6,2,6,6,6,2,6,6,6,2,6,6,6,2,6,6,6,2,6,6,6,2,6,6,6,2,6,6,6,2,6,6,6,2,6,6,6,2,6,6,6,2,6,6,6,2,6,6,6,2,6,6,6,2,6,6,6,2,6,6,6,2,6,6,6,2,6,6,6,2,6,6,6,2,6,6,6,2,6,6,6,2,6,6,6,2,6,6,6,2,6,6,6,2,6,6,6,2,6,6,6,2,6,6,6,2,6,6,6,2,6,6,6,2,6,6,6,2,6,6,6,2,6,6,6,2,6,6,6,2,6,6,6,2,6,6,6,2,6,6,6,2,6,6,6,2,6,6,6,2,6,6,6,2,6,6,6,2,6,6,6,2,6,6,6,2,6,6,6,2,6,6,6,2,6,6,6,2,6,6,6,2,6,6,6,2,6,6,6,2,6,6,6,2,6,6,6,2,6,6,6,2,6,6,6,2,6,6,6,2,6,6,6,2,6,6,6,2,6,100,111,111,111,111,111,111,111,98,34,0,0,47,0,0,0,47,0,0,0,47,0,0,0,47,0,0,0,47,0,0,0,47,0,0,126,0,0,47,79,0,0,0,47,0,0,79,0,47,0,0,0,0,47,0,0,47,0,0,0,47,0,0,0,0,47,0,0,47,0,0,0,0,47,0,0,0,0,47,0,0,0,0,47,0,0,0,0,47,0,0,0,47,0,0,0,47,0,0,0,47,0,0,0,47,0,0,0,0,47,0,0,47,0,0,0,0,47,0,0,0,0,47,0,0,47,0,47,0,36,100,111,111,111,111,111,111,111,111,111,111,111,111,111,111,111,111,111,111,111,111,111,111,111,111,111,111,111,111,111,111,111,111,111,111,111,111,111,111,111,111,111,111,111,111,111,111,111,111,111,111,111,111,111,111,111,111,111,111,111,111,111,111,111,111,111,111,111,111,111,111,111,111,111,111,111,111,111,111,111,111,111,111,111,111,111,111,111,111,111,111,111,111,111,111,111,111,111,111,111,111,111,111,111,111,111,111,111,111,111,111,111,111,111,111,111,111,111,111,111,111,111,111,111,111,111,111,111,111,111,111,111,111,111,111,111,111,111,111,111,111,111,111,111,111,111,111,111,111,111,111,111,111,111,111,111,111,111,111,111,111,111,111,111,111,111,111,111,111,111,111,111,111,111,111,111,111,111,111,111,111,111,111,111,111,111,111,111,111,111,111,111,111,111,111,111,111,111,111,111,111,111,111,111,111,111,111,111,111,111,111,111,111,111,111,111,111,111,111,111,111,111,111,111,111,111,111,111,109,6,6,6,2,6,6,6,2,6,6,6,2,6,6,6,2,6,6,6,2,6,6,6,2,6,6,6,2,6,6,6,2,6,6,6,2,6,6,6,2,6,6,6,2,6,6,6,2,6,6,6,2,6,6,6,2,6,6,6,2,6,6,6,2,6,6,6,2,6,6,6,2,6,6,6,2,6,6,6,2,6,6,6,2,6,6,6,2,6,6,6,2,6,6,6,2,6,6,6,2,6,6,6,2,6,6,6,2,6,6,6,2,6,6,6,2,6,6,6,2,6,6,6,2,6,6,6,2,6,6,6,2,6,6,6,2,6,6,6,2,6,6,6,2,6,6,6,2,6,6,6,2,6,6,6,2,6,6,6,2,6,6,6,2,6,6,6,2,6,6,6,2,6,6,6,2,6,6,6,2,6,6,6,2,6,6,6,2,6,6,6,2,6,6,6,2,6,6,6,2,6,6,6,2,6,6,6,2,6,6,6,2,6,6,6,2,6,6,6,2,6,6,6,2,6,6,6,2,6,6,6,2,6,6,6,2,6,6,6,2,6,6,6,2,6,6,6,2,6,6,6,2,6,6,6,2,6,6,6,2,6,6,6,2,6,6,6,2,6,6,6,2,6,6,6,2,6,6,6,2,6,6,6,2,6,6,6,100,79,79,79,79,79,98,95,0,0,0,0,0,0,0,0,0,0,0,0,0,0,0,0,0,0,0,0,0,0,0,0,0,0,0,0,0,0,0,0,0,0,0,0,0,0,0,0,0,0,0,36,47,47,47,47,47,47,47,47,47,47
2,6,6,6,2,6,6,6,2,6,6,6,2,6,6,6,2,6,6,6,2,6,6,6,2,6,6,6,2,6,6,6,2,6,6,6,2,6,6,6,2,6,6,6,2,6,6,6,2,6,6,6,2,6,6,6,2,6,6,6,2,6,6,6,2,6,6,6,2,6,6,6,2,6,6,6,2,6,6,6,2,6,6,6,2,6,6,6,2,6,6,100,47,111,47,111,47,111,47,98,95,0,0,0,79,0,0,0,0,79,0,0,32,0,0,79,0,0,0,0,79,0,0,0,0,0,0,0,0,79,0,0,0,79,0,0,0,126,0,0,79,0,0,0,0,79,0,0,0,32,0,0,79,0,0,0,0,79,0,0,0,0,79,0,0,0,79,0,0,126,0,0,79,0,0,0,79,0,0,0,79,0,0,0,126,0,0,79,0,0,0,0,79,0,0,0,0,126,0,0,0,79,0,0,0,32,0,0,0,79,0,0,0,0,0,0,0,45,6,6,6,6,6,6,6,45,6,6,6,6,6,6,6,6,6,6,6,6,6,6,45,6,6,6,6,45,6,6,6,6,6,6,6,6,6,6,6,6,6,6,6,6,6,6,6,6,6,6,6,6,6,6,6,6,6,6,6,6,6,6,6,6,6,6,6,6,6,6,6,6,6,6,6,6,6,6,6,6,6,6,6,6,6,6,6,6,6,6,6,6,6,6,6,6,6,6,6,6,6,6,6,6,6,6,6,6,6,6,6,6,6,6,45,6,6,6,2,6,6,6,2,6,6,6,2,6,6,6,2,6,6,6,2,6,6,6,2,6,6,6,2,6,6,6,2,6,6,6,2,6,6,6,2,6,6,6,2,6,6,6,2,6,6,6,2,6,6,6,2,6,6,6,2,6,6,6,2,6,6,6,2,6,6,6,2,6,6,6,2,6,6,6,2,6,6,6,2,6,6,6,2,6,6,6,2,6,6,6,2,6,6,6,2,6,6,6,2,6,6,6,2,6,6,6,2,6,6,6,2,6,6,6,2,6,6,6,2,6,6,6,2,6,6,6,2,6,6,6,2,6,6,6,2,6,6,6,2,6,6,6,2,6,6,6,2,6,6,6,2,6,6,6,2,6,6,6,2,6,6,6,2,6,6,6,2,6,6,6,2,6,6,6,2,6,6,6,2,6,6,6,2,6,6,6,2,6,6,6,2,6,6,6,2,6,6,6,2,6,6,6,2,6,6,6,2,6,6,6,2,6,6,6,2,6,6,6,2,6,6,6,2,6,6,6,2,6,6,6,2,6,6,6,2,6,6,6,2,6,6,6,2,6,6,6,2,6,6,6,2,6,6,6,2,6,6,6,2,6,6,6,2,6,6,6,2,6,6,6,2,6,6,6,2,6,6,6,2,6,6,6,2,6,6,6,2,6,6,6,2,6,6,6,2,6,6,6,2,6,6,6,2,6,6,6,2,6,6,6,2,6,6,6,2,6,6,6,2,6,6,6,2,6,6,6,2,6,6,6,2,6,6,6,2,6,6,6,2,6,6,6,2,6,6,6,2,6,6,6,2,6,6,6,2,6,100,111,111,111,111,111,111,111,98,34,0,0,47,0,0,0,47,0,0,0,47,0,0,0,47,0,0,0,47,0,0,0,47,0,0,32,0,0,47,79,0,0,0,47,0,0,79,0,47,0,0,0,0,47,0,0,47,0,0,0,47,0,0,0,0,47,0,0,47,0,0,0,0,47,0,0,0,0,47,0,0,0,0,47,0,0,0,0,47,0,0,0,47,0,0,0,47,0,0,0,47,0,0,0,47,0,0,0,0,47,0,0,47,0,0,0,0,47,0,0,0,0,47,0,0,47,0,47,0,36,100,111,111,111,111,111,111,111,111,111,111,111,111,111,111,111,111,111,111,111,111,111,111,111,111,111,111,111,111,111,111,111,111,111,111,111,111,111,111,111,111,111,111,111,111,111,111,111,111,111,111,111,111,111,111,111,111,111,111,111,111,111,111,111,111,111,111,111,111,111,111,111,111,111,111,111,111,111,111,111,111,111,111,111,111,111,111,111,111,111,111,111,111,111,111,111,111,111,111,111,111,111,111,111,111,111,111,111,111,111,111,111,111,111,111,111,111,111,111,111,111,111,111,111,111,111,111,111,111,111,111,111,111,111,111,111,111,111,111,111,111,111,111,111,111,111,111,111,111,111,111,111,111,111,111,111,111,111,111,111,111,111,111,111,111,111,111,111,111,111,111,111,111,111,111,111,111,111,111,111,111,111,111,111,111,111,111,111,111,111,111,111,111,111,111,111,111,111,111,111,111,111,111,111,111,111,111,111,111,111,111,111,111,111,111,111,111,111,111,111,111,111,111,111,111,111,111,111,109,6,6,6,2,6,6,6,2,6,6,6,2,6,6,6,2,6,6,6,2,6,6,6,2,6,6,6,2,6,6,6,2,6,6,6,2,6,6,6,2,6,6,6,2,6,6,6,2,6,6,6,2,6,6,6,2,6,6,6,2,6,6,6,2,6,6,6,2,6,6,6,2,6,6,6,2,6,6,6,2,6,6,6,2,6,6,6,2,6,6,6,2,6,6,6,2,6,6,6,2,6,6,6,2,6,6,6,2,6,6,6,2,6,6,6,2,6,6,6,2,6,6,6,2,6,6,6,2,6,6,6,2,6,6,6,2,6,6,6,2,6,6,6,2,6,6,6,2,6,6,6,2,6,6,6,2,6,6,6,2,6,6,6,2,6,6,6,2,6,6,6,2,6,6,6,2,6,6,6,2,6,6,6,2,6,6,6,2,6,6,6,2,6,6,6,2,6,6,6,2,6,6,6,2,6,6,6,2,6,6,6,2,6,6,6,2,6,6,6,2,6,6,6,2,6,6,6,2,6,6,6,2,6,6,6,2,6,6,6,2,6,6,6,2,6,6,6,2,6,6,6,2,6,6,6,2,6,6,6,2,6,6,6,2,6,6,6,2,6,6,6,2,6,6,6,2,6,6,6,2,6,6,6,2,6,6,6,100,79,79,79,79,79,98,95,0,0,0,0,0,0,0,0,0,0,0,0,0,0,0,0,0,0,0,0,0,0,0,0,0,0,0,0,0,0,0,0,0,0,0,0,0,0,0,0,0,0,0,36,47,47,47,47,47,47,47,47,47,47
2,6,6,6,2,6,6,6,2,6,6,6,2,6,6,6,2,6,6,6,2,6,6,6,2,6,6,6,2,6,6,6,2,6,6,6,2,6,6,6,2,6,6,6,2,6,6,6,2,6,6,6,2,6,6,6,2,6,6,6,2,6,6,6,2,6,6,6,2,6,6,6,2,6,6,6,2,6,6,6,2,6,6,6,2,6,6,6,2,6,6,100,47,111,47,111,47,111,47,98,95,0,0,0,79,0,0,0,0,79,0,0,126,0,0,79,0,0,0,0,79,0,0,0,0,0,0,0,0,79,0,0,0,79,0,0,0,32,0,0,79,0,0,0,0,79,0,0,0,126,0,0,79,0,0,0,0,79,0,0,0,0,79,0,0,0,79,0,0,32,0,0,79,0,0,0,79,0,0,0,79,0,0,0,32,0,0,79,0,0,0,0,79,0,0,0,0,32,0,0,0,79,0,0,0,126,0,0,0,79,0,0,0,0,0,0,0,45,6,6,6,6,6,6,6,45,6,6,6,6,6,6,6,6,6,6,6,6,6,6,45,6,6,6,6,45,6,6,6,6,6,6,6,6,6,6,6,6,6,6,6,6,6,6,6,6,6,6,6,6,6,6,6,6,6,6,6,6,6,6,6,6,6,6,6,6,6,6,6,6,6,6,6,6,6,6,6,6,6,6,6,6,6,6,6,6,6,6,6,6,6,6,6,6,6,6,6,6,6,6,6,6,6,6,6,6,6,6,6,6,6,6,45,6,6,6,2,6,6,6,2,6,6,6,2,6,6,6,2,6,6,6,2,6,6,6,2,6,6,6,2,6,6,6,2,6,6,6,2,6,6,6,2,6,6,6,2,6,6,6,2,6,6,6,2,6,6,6,2,6,6,6,2,6,6,6,2,6,6,6,2,6,6,6,2,6,6,6,2,6,6,6,2,6,6,6,2,6,6,6,2,6,6,6,2,6,6,6,2,6,6,6,2,6,6,6,2,6,6,6,2,6,6,6,2,6,6,6,2,6,6,6,2,6,6,6,2,6,6,6,2,6,6,6,2,6,6,6,2,6,6,6,2,6,6,6,2,6,6,6,2,6,6,6,2,6,6,6,2,6,6,6,2,6,6,6,2,6,6,6,2,6,6,6,2,6,6,6,2,6,6,6,2,6,6,6,2,6,6,6,2,6,6,6,2,6,6,6,2,6,6,6,2,6,6,6,2,6,6,6,2,6,6,6,2,6,6,6,2,6,6,6,2,6,6,6,2,6,6,6,2,6,6,6,2,6,6,6,2,6,6,6,2,6,6,6,2,6,6,6,2,6,6,6,2,6,6,6,2,6,6,6,2,6,6,6,2,6,6,6,2,6,6,6,2,6,6,6,2,6,6,6,2,6,6,6,2,6,6,6,2,6,6,6,2,6,6,6,2,6,6,6,2,6,6,6,2,6,6,6,2,6,6,6,2,6,6,6,2,6,6,6,2,6,6,6,2,6,6,6,2,6,6,6,2,6,6,6,2,6,6,6,2,6,6,6,2,6,6,6,2,6,6,6,2,6,6,6,2,6,6,6,2,6,100,111,111,111,111,111,111,111,98,34,0,0,47,0,0,0,47,0,0,0,47,0,0,0,47,0,0,0,47,0,0,0,47,0,0,126,0,0,47,79,0,0,0,47,0,0,79,0,47,0,0,0,0,47,0,0,47,0,0,0,47,0,0,0,0,47,0,0,47,0,0,0,0,47,0,0,0,0,47,0,0,0,0,47,0,0,0,0,47,0,0,0,47,0,0,0,47,0,0,0,47,0,0,0,47,0,0,0,0,47,0,0,47,0,0,0,0,47,0,0,0,0,47,0,0,47,0,47,0,36,100,111,111,111,111,111,111,111,111,111,111,111,111,111,111,111,111,111,111,111,111,111,111,111,111,111,111,111,111,111,111,111,111,111,111,111,111,111,111,111,111,111,111,111,111,111,111,111,111,111,111,111,111,111,111,111,111,111,111,111,111,111,111,111,111,111,111,111,111,111,111,111,111,111,111,111,111,111,111,111,111,111,111,111,111,111,111,111,111,111,111,111,111,111,111,111,111,111,111,111,111,111,111,111,111,111,111,111,111,111,111,111,111,111,111,111,111,111,111,111,111,111,111,111,111,111,111,111,111,111,111,111,111,111,111,111,111,111,111,111,111,111,111,111,111,111,111,111,111,111,111,111,111,111,111,111,111,111,111,111,111,111,111,111,111,111,111,111,111,111,111,111,111,111,111,111,111,111,111,111,111,111,111,111,111,111,111,111,111,111,111,111,111,111,111,111,111,111,111,111,111,111,111,111,111,111,111,111,111,111,111,111,111,111,111,111,111,111,111,111,111,111,111,111,111,111,111,111,109,6,6,6,2,6,6,6,2,6,6,6,2,6,6,6,2,6,6,6,2,6,6,6,2,6,6,6,2,6,6,6,2,6,6,6,2,6,6,6,2,6,6,6,2,6,6,6,2,6,6,6,2,6,6,6,2,6,6,6,2,6,6,6,2,6,6,6,2,6,6,6,2,6,6,6,2,6,6,6,2,6,6,6,2,6,6,6,2,6,6,6,2,6,6,6,2,6,6,6,2,6,6,6,2,6,6,6,2,6,6,6,2,6,6,6,2,6,6,6,2,6,6,6,2,6,6,6,2,6,6,6,2,6,6,6,2,6,6,6,2,6,6,6,2,6,6,6,2,6,6,6,2,6,6,6,2,6,6,6,2,6,6,6,2,6,6,6,2,6,6,6,2,6,6,6,2,6,6,6,2,6,6,6,2,6,6,6,2,6,6,6,2,6,6,6,2,6,6,6,2,6,6,6,2,6,6,6,2,6,6,6,2,6,6,6,2,6,6,6,2,6,6,6,2,6,6,6,2,6,6,6,2,6,6,6,2,6,6,6,2,6,6,6,2,6,6,6,2,6,6,6,2,6,6,6,2,6,6,6,2,6,6,6,2,6,6,6,2,6,6,6,2,6,6,6,2,6,6,6,2,6,6,6,2,6,6,6,100,79,79,79,79,79,98,95,0,0,0,0,0,0,0,0,0,0,0,0,0,0,0,0,0,0,0,0,0,0,0,0,0,0,0,0,0,0,0,0,0,0,0,0,0,0,0,0,0,0,0,36,47,47,47,47,47,47,47,47,47,47
2,6,6,6,2,6,6,6,2,6,6,6,2,6,6,6,2,6,6,6,2,6,6,6,2,6,6,6,2,6,6,6,2,6,6,6,2,6,6,6,2,6,6,6,2,6,6,6,2,6,6,6,2,6,6,6,2,6,6,6,2,6,6,6,2,6,6,6,2,6,6,6,2,6,6,6,2,6,6,6,2,6,6,6,2,6,6,6,2,6,6,100,47,111,47,111,47,111,47,98,95,0,0,0,79,0,0,0,0,79,0,0,32,0,0,79,0,0,0,0,79,0,0,0,0,0,0,0,0,79,0,0,0,79,0,0,0,126,0,0,79,0,0,0,0,79,0,0,0,32,0,0,79,0,0,0,0,79,0,0,0,0,79,0,0,0,79,0,0,126,0,0,79,0,0,0,79,0,0,0,79,0,0,0,126,0,0,79,0,0,0,0,79,0,0,0,0,126,0,0,0,79,0,0,0,32,0,0,0,79,0,0,0,0,0,0,0,45,6,6,6,6,6,6,6,45,6,6,6,6,6,6,6,6,6,6,6,6,6,6,45,6,6,6,6,45,6,6,6,6,6,6,6,6,6,6,6,6,6,6,6,6,6,6,6,6,6,6,6,6,6,6,6,6,6,6,6,6,6,6,6,6,6,6,6,6,6,6,6,6,6,6,6,6,6,6,6,6,6,6,6,6,6,6,6,6,6,6,6,6,6,6,6,6,6,6,6,6,6,6,6,6,6,6,6,6,6,6,6,6,6,6,45,6,6,6,2,6,6,6,2,6,6,6,2,6,6,6,2,6,6,6,2,6,6,6,2,6,6,6,2,6,6,6,2,6,6,6,2,6,6,6,2,6,6,6,2,6,6,6,2,6,6,6,2,6,6,6,2,6,6,6,2,6,6,6,2,6,6,6,2,6,6,6,2,6,6,6,2,6,6,6,2,6,6,6,2,6,6,6,2,6,6,6,2,6,6,6,2,6,6,6,2,6,6,6,2,6,6,6,2,6,6,6,2,6,6,6,2,6,6,6,2,6,6,6,2,6,6,6,2,6,6,6,2,6,6,6,2,6,6,6,2,6,6,6,2,6,6,6,2,6,6,6,2,6,6,6,2,6,6,6,2,6,6,6,2,6,6,6,2,6,6,6,2,6,6,6,2,6,6,6,2,6,6,6,2,6,6,6,2,6,6,6,2,6,6,6,2,6,6,6,2,6,6,6,2,6,6,6,2,6,6,6,2,6,6,6,2,6,6,6,2,6,6,6,2,6,6,6,2,6,6,6,2,6,6,6,2,6,6,6,2,6,6,6,2,6,6,6,2,6,6,6,2,6,6,6,2,6,6,6,2,6,6,6,2,6,6,6,2,6,6,6,2,6,6,6,2,6,6,6,2,6,6,6,2,6,6,6,2,6,6,6,2,6,6,6,2,6,6,6,2,6,6,6,2,6,6,6,2,6,6,6,2,6,6,6,2,6,6,6,2,6,6,6,2,6,6,6,2,6,6,6,2,6,6,6,2,6,6,6,2,6,6,6,2,6,6,6,2,6,6,6,2,6,6,6,2,6,6,6,2,6,100,111,111,111,111,111,111,111,98,34,0,0,47,0,0,0,47,0,0,0,47,0,0,0,47,0,0,0,47,0,0,0,47,0,0,32,0,0,47,79,0,0,0,47,0,0,79,0,47,0,0,0,0,47,0,0,47,0,0,0,47,0,0,0,0,47,0,0,47,0,0,0,0,47,0,0,0,0,47,0,0,0,0,47,0,0,0,0,47,0,0,0,47,0,0,0,47,0,0,0,47,0,0,0,47,0,0,0,0,47,0,0,47,0,0,0,0,47,0,0,0,0,47,0,0,47,0,47,0,36,100,111,111,111,111,111,111,111,111,111,111,111,111,111,111,111,111,111,111,111,111,111,111,111,111,111,111,111,111,111,111,111,111,111,111,111,111,111,111,111,111,111,111,111,111,111,111,111,111,111,111,111,111,111,111,111,111,111,111,111,111,111,111,111,111,111,111,111,111,111,111,111,111,111,111,111,111,111,111,111,111,111,111,111,111,111,111,111,111,111,111,111,111,111,111,111,111,111,111,111,111,111,111,111,111,111,111,111,111,111,111,111,111,111,111,111,111,111,111,111,111,111,111,111,111,111,111,111,111,111,111,111,111,111,111,111,111,111,111,111,111,111,111,111,111,111,111,111,111,111,111,111,111,111,111,111,111,111,111,111,111,111,111,111,111,111,111,111,111,111,111,111,111,111,111,111,111,111,111,111,111,111,111,111,111,111,111,111,111,111,111,111,111,111,111,111,111,111,111,111,111,111,111,111,111,111,111,111,111,111,111,111,111,111,111,111,111,111,111,111,111,111,111,111,111,111,111,111,109,6,6,6,2,6,6,6,2,6,6,6,2,6,6,6,2,6,6,6,2,6,6,6,2,6,6,6,2,6,6,6,2,6,6,6,2,6,6,6,2,6,6,6,2,6,6,6,2,6,6,6,2,6,6,6,2,6,6,6,2,6,6,6,2,6,6,6,2,6,6,6,2,6,6,6,2,6,6,6,2,6,6,6,2,6,6,6,2,6,6,6,2,6,6,6,2,6,6,6,2,6,6,6,2,6,6,6,2,6,6,6,2,6,6,6,2,6,6,6,2,6,6,6,2,6,6,6,2,6,6,6,2,6,6,6,2,6,6,6,2,6,6,6,2,6,6,6,2,6,6,6,2,6,6,6,2,6,6,6,2,6,6,6,2,6,6,6,2,6,6,6,2,6,6,6,2,6,6,6,2,6,6,6,2,6,6,6,2,6,6,6,2,6,6,6,2,6,6,6,2,6,6,6,2,6,6,6,2,6,6,6,2,6,6,6,2,6,6,6,2,6,6,6,2,6,6,6,2,6,6,6,2,6,6,6,2,6,6,6,2,6,6,6,2,6,6,6,2,6,6,6,2,6,6,6,2,6,6,6,2,6,6,6,2,6,6,6,2,6,6,6,2,6,6,6,2,6,6,6,2,6,6,6,2,6,6,6,100,79,79,79,79,79,98,95,0,0,0,0,0,0,0,0,0,0,0,0,0,0,0,0,0,0,0,0,0,0,0,0,0,0,0,0,0,0,0,0,0,0,0,0,0,0,0,0,0,0,0,36,47,47,47,47,47,47,47,47,47,47
2,6,6,6,2,6,6,6,2,6,6,6,2,6,6,6,2,6,6,6,2,6,6,6,2,6,6,6,2,6,6,6,2,6,6,6,2,6,6,6,2,6,6,6,2,6,6,6,2,6,6,6,2,6,6,6,2,6,6,6,2,6,6,6,2,6,6,6,2,6,6,6,2,6,6,6,2,6,6,6,2,6,6,6,2,6,6,6,2,6,6,100,47,111,47,111,47,111,47,98,95,0,0,0,79,0,0,0,0,79,0,0,126,0,0,79,0,0,0,0,79,0,0,0,0,0,0,0,0,79,0,0,0,79,0,0,0,32,0,0,79,0,0,0,0,79,0,0,0,126,0,0,79,0,0,0,0,79,0,0,0,0,79,0,0,0,79,0,0,32,0,0,79,0,0,0,79,0,0,0,79,0,0,0,32,0,0,79,0,0,0,0,79,0,0,0,0,32,0,0,0,79,0,0,0,126,0,0,0,79,0,0,0,0,0,0,0,45,6,6,6,6,6,6,6,45,6,6,6,6,6,6,6,6,6,6,6,6,6,6,45,6,6,6,6,45,6,6,6,6,6,6,6,6,6,6,6,6,6,6,6,6,6,6,6,6,6,6,6,6,6,6,6,6,6,6,6,6,6,6,6,6,6,6,6,6,6,6,6,6,6,6,6,6,6,6,6,6,6,6,6,6,6,6,6,6,6,6,6,6,6,6,6,6,6,6,6,6,6,6,6,6,6,6,6,6,6,6,6,6,6,6,45,6,6,6,2,6,6,6,2,6,6,6,2,6,6,6,2,6,6,6,2,6,6,6,2,6,6,6,2,6,6,6,2,6,6,6,2,6,6,6,2,6,6,6,2,6,6,6,2,6,6,6,2,6,6,6,2,6,6,6,2,6,6,6,2,6,6,6,2,6,6,6,2,6,6,6,2,6,6,6,2,6,6,6,2,6,6,6,2,6,6,6,2,6,6,6,2,6,6,6,2,6,6,6,2,6,6,6,2,6,6,6,2,6,6,6,2,6,6,6,2,6,6,6,2,6,6,6,2,6,6,6,2,6,6,6,2,6,6,6,2,6,6,6,2,6,6,6,2,6,6,6,2,6,6,6,2,6,6,6,2,6,6,6,2,6,6,6,2,6,6,6,2,6,6,6,2,6,6,6,2,6,6,6,2,6,6,6,2,6,6,6,2,6,6,6,2,6,6,6,2,6,6,6,2,6,6,6,2,6,6,6,2,6,6,6,2,6,6,6,2,6,6,6,2,6,6,6,2,6,6,6,2,6,6,6,2,6,6,6,2,6,6,6,2,6,6,6,2,6,6,6,2,6,6,6,2,6,6,6,2,6,6,6,2,6,6,6,2,6,6,6,2,6,6,6,2,6,6,6,2,6,6,6,2,6,6,6,2,6,6,6,2,6,6,6,2,6,6,6,2,6,6,6,2,6,6,6,2,6,6,6,2,6,6,6,2,6,6,6,2,6,6,6,2,6,6,6,2,6,6,6,2,6,6,6,2,6,6,6,2,6,6,6,2,6,6,6,2,6,6,6,2,6,6,6,2,6,6,6,2,6,100,111,111,111,111,111,111,111,98,34,0,0,47,0,0,0,47,0,0,0,47,0,0,0,47,0,0,0,47,0,0,0,47,0,0,126,0,0,47,79,0,0,0,47,0,0,79,0,47,0,0,0,0,47,0,0,47,0,0,0,47,0,0,0,0,47,0,0,47,0,0,0,0,47,0,0,0,0,47,0,0,0,0,47,0,0,0,0,47,0,0,0,47,0,0,0,47,0,0,0,47,0,0,0,47,0,0,0,0,47,0,0,47,0,0,0,0,47,0,0,0,0,47,0,0,47,0,47,0,36,100,111,111,111,111,111,111,111,111,111,111,111,111,111,111,111,111,111,111,111,111,111,111,111,111,111,111,111,111,111,111,111,111,111,111,111,111,111,111,111,111,111,111,111,111,111,111,111,111,111,111,111,111,111,111,111,111,111,111,111,111,111,111,111,111,111,111,111,111,111,111,111,111,111,111,111,111,111,111,111,111,111,111,111,111,111,111,111,111,111,111,111,111,111,111,111,111,111,111,111,111,111,111,111,111,111,111,111,111,111,111,111,111,111,111,111,111,111,111,111,111,111,111,111,111,111,111,111,111,111,111,111,111,111,111,111,111,111,111,111,111,111,111,111,111,111,111,111,111,111,111,111,111,111,111,111,111,111,111,111,111,111,111,111,111,111,111,111,111,111,111,111,111,111,111,111,111,111,111,111,111,111,111,111,111,111,111,111,111,111,111,111,111,111,111,111,111,111,111,111,111,111,111,111,111,111,111,111,111,111,111,111,111,111,111,111,111,111,111,111,111,111,111,111,111,111,111,111,109,6,6,6,2,6,6,6,2,6,6,6,2,6,6,6,2,6,6,6,2,6,6,6,2,6,6,6,2,6,6,6,2,6,6,6,2,6,6,6,2,6,6,6,2,6,6,6,2,6,6,6,2,6,6,6,2,6,6,6,2,6,6,6,2,6,6,6,2,6,6,6,2,6,6,6,2,6,6,6,2,6,6,6,2,6,6,6,2,6,6,6,2,6,6,6,2,6,6,6,2,6,6,6,2,6,6,6,2,6,6,6,2,6,6,6,2,6,6,6,2,6,6,6,2,6,6,6,2,6,6,6,2,6,6,6,2,6,6,6,2,6,6,6,2,6,6,6,2,6,6,6,2,6,6,6,2,6,6,6,2,6,6,6,2,6,6,6,2,6,6,6,2,6,6,6,2,6,6,6,2,6,6,6,2,6,6,6,2,6,6,6,2,6,6,6,2,6,6,6,2,6,6,6,2,6,6,6,2,6,6,6,2,6,6,6,2,6,6,6,2,6,6,6,2,6,6,6,2,6,6,6,2,6,6,6,2,6,6,6,2,6,6,6,2,6,6,6,2,6,6,6,2,6,6,6,2,6,6,6,2,6,6,6,2,6,6,6,2,6,6,6,2,6,6,6,2,6,6,6,2,6,6,6,2,6,6,6,100,79,79,79,79,79,98,95,0,0,0,0,0,0,0,0,0,0,0,0,0,0,0,0,0,0,0,0,0,0,0,0,0,0,0,0,0,0,0,0,0,0,0,0,0,0,0,0,0,0,0,36,47,47,47,47,47,47,47,47,47,47
2,6,6,6,2,6,6,6,2,6,6,6,2,6,6,6,2,6,6,6,2,6,6,6,2,6,6,6,2,6,6,6,2,6,6,6,2,6,6,6,2,6,6,6,2,6,6,6,2,6,6,6,2,6,6,6,2,6,6,6,2,6,6,6,2,6,6,6,2,6,6,6,2,6,6,6,2,6,6,6,2,6,6,6,2,6,6,6,2,6,6,100,47,111,47,111,47,111,47,98,95,0,0,0,79,0,0,0,0,79,0,0,32,0,0,79,0,0,0,0,79,0,0,0,0,0,0,0,0,79,0,0,0,79,0,0,0,126,0,0,79,0,0,0,0,79,0,0,0,32,0,0,79,0,0,0,0,79,0,0,0,0,79,0,0,0,79,0,0,126,0,0,79,0,0,0,79,0,0,0,79,0,0,0,126,0,0,79,0,0,0,0,79,0,0,0,0,126,0,0,0,79,0,0,0,32,0,0,0,79,0,0,0,0,0,0,0,45,6,6,6,6,6,6,6,45,6,6,6,6,6,6,6,6,6,6,6,6,6,6,45,6,6,6,6,45,6,6,6,6,6,6,6,6,6,6,6,6,6,6,6,6,6,6,6,6,6,6,6,6,6,6,6,6,6,6,6,6,6,6,6,6,6,6,6,6,6,6,6,6,6,6,6,6,6,6,6,6,6,6,6,6,6,6,6,6,6,6,6,6,6,6,6,6,6,6,6,6,6,6,6,6,6,6,6,6,6,6,6,6,6,6,45,6,6,6,2,6,6,6,2,6,6,6,2,6,6,6,2,6,6,6,2,6,6,6,2,6,6,6,2,6,6,6,2,6,6,6,2,6,6,6,2,6,6,6,2,6,6,6,2,6,6,6,2,6,6,6,2,6,6,6,2,6,6,6,2,6,6,6,2,6,6,6,2,6,6,6,2,6,6,6,2,6,6,6,2,6,6,6,2,6,6,6,2,6,6,6,2,6,6,6,2,6,6,6,2,6,6,6,2,6,6,6,2,6,6,6,2,6,6,6,2,6,6,6,2,6,6,6,2,6,6,6,2,6,6,6,2,6,6,6,2,6,6,6,2,6,6,6,2,6,6,6,2,6,6,6,2,6,6,6,2,6,6,6,2,6,6,6,2,6,6,6,2,6,6,6,2,6,6,6,2,6,6,6,2,6,6,6,2,6,6,6,2,6,6,6,2,6,6,6,2,6,6,6,2,6,6,6,2,6,6,6,2,6,6,6,2,6,6,6,2,6,6,6,2,6,6,6,2,6,6,6,2,6,6,6,2,6,6,6,2,6,6,6,2,6,6,6,2,6,6,6,2,6,6,6,2,6,6,6,2,6,6,6,2,6,6,6,2,6,6,6,2,6,6,6,2,6,6,6,2,6,6,6,2,6,6,6,2,6,6,6,2,6,6,6,2,6,6,6,2,6,6,6,2,6,6,6,2,6,6,6,2,6,6,6,2,6,6,6,2,6,6,6,2,6,6,6,2,6,6,6,2,6,6,6,2,6,6,6,2,6,6,6,2,6,6,6,2,6,6,6,2,6,6,6,2,6,6,6,2,6,100,111,111,111,111,111,111,111,98,34,0,0,47,0,0,0,47,0,0,0,47,0,0,0,47,0,0,0,47,0,0,0,47,0,0,32,0,0,47,79,0,0,0,47,0,0,79,0,47,0,0,0,0,47,0,0,47,0,0,0,47,0,0,0,0,47,0,0,47,0,0,0,0,47,0,0,0,0,47,0,0,0,0,47,0,0,0,0,47,0,0,0,47,0,0,0,47,0,0,0,47,0,0,0,47,0,0,0,0,47,0,0,47,0,0,0,0,47,0,0,0,0,47,0,0,47,0,47,0,36,100,111,111,111,111,111,111,111,111,111,111,111,111,111,111,111,111,111,111,111,111,111,111,111,111,111,111,111,111,111,111,111,111,111,111,111,111,111,111,111,111,111,111,111,111,111,111,111,111,111,111,111,111,111,111,111,111,111,111,111,111,111,111,111,111,111,111,111,111,111,111,111,111,111,111,111,111,111,111,111,111,111,111,111,111,111,111,111,111,111,111,111,111,111,111,111,111,111,111,111,111,111,111,111,111,111,111,111,111,111,111,111,111,111,111,111,111,111,111,111,111,111,111,111,111,111,111,111,111,111,111,111,111,111,111,111,111,111,111,111,111,111,111,111,111,111,111,111,111,111,111,111,111,111,111,111,111,111,111,111,111,111,111,111,111,111,111,111,111,111,111,111,111,111,111,111,111,111,111,111,111,111,111,111,111,111,111,111,111,111,111,111,111,111,111,111,111,111,111,111,111,111,111,111,111,111,111,111,111,111,111,111,111,111,111,111,111,111,111,111,111,111,111,111,111,111,111,111,109,6,6,6,2,6,6,6,2,6,6,6,2,6,6,6,2,6,6,6,2,6,6,6,2,6,6,6,2,6,6,6,2,6,6,6,2,6,6,6,2,6,6,6,2,6,6,6,2,6,6,6,2,6,6,6,2,6,6,6,2,6,6,6,2,6,6,6,2,6,6,6,2,6,6,6,2,6,6,6,2,6,6,6,2,6,6,6,2,6,6,6,2,6,6,6,2,6,6,6,2,6,6,6,2,6,6,6,2,6,6,6,2,6,6,6,2,6,6,6,2,6,6,6,2,6,6,6,2,6,6,6,2,6,6,6,2,6,6,6,2,6,6,6,2,6,6,6,2,6,6,6,2,6,6,6,2,6,6,6,2,6,6,6,2,6,6,6,2,6,6,6,2,6,6,6,2,6,6,6,2,6,6,6,2,6,6,6,2,6,6,6,2,6,6,6,2,6,6,6,2,6,6,6,2,6,6,6,2,6,6,6,2,6,6,6,2,6,6,6,2,6,6,6,2,6,6,6,2,6,6,6,2,6,6,6,2,6,6,6,2,6,6,6,2,6,6,6,2,6,6,6,2,6,6,6,2,6,6,6,2,6,6,6,2,6,6,6,2,6,6,6,2,6,6,6,2,6,6,6,2,6,6,6,2,6,6,6,100,79,79,79,79,79,98,95,0,0,0,0,0,0,0,0,0,0,0,0,0,0,0,0,0,0,0,0,0,0,0,0,0,0,0,0,0,0,0,0,0,0,0,0,0,0,0,0,0,0,0,36,47,47,47,47,47,47,47,47,47,47
2,6,6,6,2,6,6,6,2,6,6,6,2,6,6,6,2,6,6,6,2,6,6,6,2,6,6,6,2,6,6,6,2,6,6,6,2,6,6,6,2,6,6,6,2,6,6,6,2,6,6,6,2,6,6,6,2,6,6,6,2,6,6,6,2,6,6,6,2,6,6,6,2,6,6,6,2,6,6,6,2,6,6,6,2,6,6,6,2,6,6,100,47,111,47,111,47,111,47,98,95,0,0,0,79,0,0,0,0,79,0,0,126,0,0,79,0,0,0,0,79,0,0,0,0,0,0,0,0,79,0,0,0,79,0,0,0,32,0,0,79,0,0,0,0,79,0,0,0,126,0,0,79,0,0,0,0,79,0,0,0,0,79,0,0,0,79,0,0,32,0,0,79,0,0,0,79,0,0,0,79,0,0,0,32,0,0,79,0,0,0,0,79,0,0,0,0,32,0,0,0,79,0,0,0,126,0,0,0,79,0,0,0,0,0,0,0,45,6,6,6,6,6,6,6,45,6,6,6,6,6,6,6,6,6,6,6,6,6,6,45,6,6,6,6,45,6,6,6,6,6,6,6,6,6,6,6,6,6,6,6,6,6,6,6,6,6,6,6,6,6,6,6,6,6,6,6,6,6,6,6,6,6,6,6,6,6,6,6,6,6,6,6,6,6,6,6,6,6,6,6,6,6,6,6,6,6,6,6,6,6,6,6,6,6,6,6,6,6,6,6,6,6,6,6,6,6,6,6,6,6,6,45,6,6,6,2,6,6,6,2,6,6,6,2,6,6,6,2,6,6,6,2,6,6,6,2,6,6,6,2,6,6,6,2,6,6,6,2,6,6,6,2,6,6,6,2,6,6,6,2,6,6,6,2,6,6,6,2,6,6,6,2,6,6,6,2,6,6,6,2,6,6,6,2,6,6,6,2,6,6,6,2,6,6,6,2,6,6,6,2,6,6,6,2,6,6,6,2,6,6,6,2,6,6,6,2,6,6,6,2,6,6,6,2,6,6,6,2,6,6,6,2,6,6,6,2,6,6,6,2,6,6,6,2,6,6,6,2,6,6,6,2,6,6,6,2,6,6,6,2,6,6,6,2,6,6,6,2,6,6,6,2,6,6,6,2,6,6,6,2,6,6,6,2,6,6,6,2,6,6,6,2,6,6,6,2,6,6,6,2,6,6,6,2,6,6,6,2,6,6,6,2,6,6,6,2,6,6,6,2,6,6,6,2,6,6,6,2,6,6,6,2,6,6,6,2,6,6,6,2,6,6,6,2,6,6,6,2,6,6,6,2,6,6,6,2,6,6,6,2,6,6,6,2,6,6,6,2,6,6,6,2,6,6,6,2,6,6,6,2,6,6,6,2,6,6,6,2,6,6,6,2,6,6,6,2,6,6,6,2,6,6,6,2,6,6,6,2,6,6,6,2,6,6,6,2,6,6,6,2,6,6,6,2,6,6,6,2,6,6,6,2,6,6,6,2,6,6,6,2,6,6,6,2,6,6,6,2,6,6,6,2,6,6,6,2,6,6,6,2,6,6,6,2,6,6,6,2,6,6,6,2,6,100,111,111,111,111,111,111,111,98,34,0,0,47,0,0,0,47,0,0,0,47,0,0,0,47,0,0,0,47,0,0,0,47,0,0,126,0,0,47,79,0,0,0,47,0,0,79,0,47,0,0,0,0,47,0,0,47,0,0,0,47,0,0,0,0,47,0,0,47,0,0,0,0,47,0,0,0,0,47,0,0,0,0,47,0,0,0,0,47,0,0,0,47,0,0,0,47,0,0,0,47,0,0,0,47,0,0,0,0,47,0,0,47,0,0,0,0,47,0,0,0,0,47,0,0,47,0,47,0,36,100,111,111,111,111,111,111,111,111,111,111,111,111,111,111,111,111,111,111,111,111,111,111,111,111,111,111,111,111,111,111,111,111,111,111,111,111,111,111,111,111,111,111,111,111,111,111,111,111,111,111,111,111,111,111,111,111,111,111,111,111,111,111,111,111,111,111,111,111,111,111,111,111,111,111,111,111,111,111,111,111,111,111,111,111,111,111,111,111,111,111,111,111,111,111,111,111,111,111,111,111,111,111,111,111,111,111,111,111,111,111,111,111,111,111,111,111,111,111,111,111,111,111,111,111,111,111,111,111,111,111,111,111,111,111,111,111,111,111,111,111,111,111,111,111,111,111,111,111,111,111,111,111,111,111,111,111,111,111,111,111,111,111,111,111,111,111,111,111,111,111,111,111,111,111,111,111,111,111,111,111,111,111,111,111,111,111,111,111,111,111,111,111,111,111,111,111,111,111,111,111,111,111,111,111,111,111,111,111,111,111,111,111,111,111,111,111,111,111,111,111,111,111,111,111,111,111,111,109,6,6,6,2,6,6,6,2,6,6,6,2,6,6,6,2,6,6,6,2,6,6,6,2,6,6,6,2,6,6,6,2,6,6,6,2,6,6,6,2,6,6,6,2,6,6,6,2,6,6,6,2,6,6,6,2,6,6,6,2,6,6,6,2,6,6,6,2,6,6,6,2,6,6,6,2,6,6,6,2,6,6,6,2,6,6,6,2,6,6,6,2,6,6,6,2,6,6,6,2,6,6,6,2,6,6,6,2,6,6,6,2,6,6,6,2,6,6,6,2,6,6,6,2,6,6,6,2,6,6,6,2,6,6,6,2,6,6,6,2,6,6,6,2,6,6,6,2,6,6,6,2,6,6,6,2,6,6,6,2,6,6,6,2,6,6,6,2,6,6,6,2,6,6,6,2,6,6,6,2,6,6,6,2,6,6,6,2,6,6,6,2,6,6,6,2,6,6,6,2,6,6,6,2,6,6,6,2,6,6,6,2,6,6,6,2,6,6,6,2,6,6,6,2,6,6,6,2,6,6,6,2,6,6,6,2,6,6,6,2,6,6,6,2,6,6,6,2,6,6,6,2,6,6,6,2,6,6,6,2,6,6,6,2,6,6,6,2,6,6,6,2,6,6,6,2,6,6,6,2,6,6,6,2,6,6,6,100,79,79,79,79,79,98,95,0,0,0,0,0,0,0,0,0,0,0,0,0,0,0,0,0,0,0,0,0,0,0,0,0,0,0,0,0,0,0,0,0,0,0,0,0,0,0,0,0,0,0,36,47,47,47,47,47,47,47,47,47,47
2,6,6,6,2,6,6,6,2,6,6,6,2,6,6,6,2,6,6,6,2,6,6,6,2,6,6,6,2,6,6,6,2,6,6,6,2,6,6,6,2,6,6,6,2,6,6,6,2,6,6,6,2,6,6,6,2,6,6,6,2,6,6,6,2,6,6,6,2,6,6,6,2,6,6,6,2,6,6,6,2,6,6,6,2,6,6,6,2,6,6,100,47,111,47,111,47,111,47,98,95,0,0,0,79,0,0,0,0,79,0,0,32,0,0,79,0,0,0,0,79,0,0,0,0,0,0,0,0,79,0,0,0,79,0,0,0,126,0,0,79,0,0,0,0,79,0,0,0,32,0,0,79,0,0,0,0,79,0,0,0,0,79,0,0,0,79,0,0,126,0,0,79,0,0,0,79,0,0,0,79,0,0,0,126,0,0,79,0,0,0,0,79,0,0,0,0,126,0,0,0,79,0,0,0,32,0,0,0,79,0,0,0,0,0,0,0,45,6,6,6,6,6,6,6,45,6,6,6,6,6,6,6,6,6,6,6,6,6,6,45,6,6,6,6,45,6,6,6,6,6,6,6,6,6,6,6,6,6,6,6,6,6,6,6,6,6,6,6,6,6,6,6,6,6,6,6,6,6,6,6,6,6,6,6,6,6,6,6,6,6,6,6,6,6,6,6,6,6,6,6,6,6,6,6,6,6,6,6,6,6,6,6,6,6,6,6,6,6,6,6,6,6,6,6,6,6,6,6,6,6,6,45,6,6,6,2,6,6,6,2,6,6,6,2,6,6,6,2,6,6,6,2,6,6,6,2,6,6,6,2,6,6,6,2,6,6,6,2,6,6,6,2,6,6,6,2,6,6,6,2,6,6,6,2,6,6,6,2,6,6,6,2,6,6,6,2,6,6,6,2,6,6,6,2,6,6,6,2,6,6,6,2,6,6,6,2,6,6,6,2,6,6,6,2,6,6,6,2,6,6,6,2,6,6,6,2,6,6,6,2,6,6,6,2,6,6,6,2,6,6,6,2,6,6,6,2,6,6,6,2,6,6,6,2,6,6,6,2,6,6,6,2,6,6,6,2,6,6,6,2,6,6,6,2,6,6,6,2,6,6,6,2,6,6,6,2,6,6,6,2,6,6,6,2,6,6,6,2,6,6,6,2,6,6,6,2,6,6,6,2,6,6,6,2,6,6,6,2,6,6,6,2,6,6,6,2,6,6,6,2,6,6,6,2,6,6,6,2,6,6,6,2,6,6,6,2,6,6,6,2,6,6,6,2,6,6,6,2,6,6,6,2,6,6,6,2,6,6,6,2,6,6,6,2,6,6,6,2,6,6,6,2,6,6,6,2,6,6,6,2,6,6,6,2,6,6,6,2,6,6,6,2,6,6,6,2,6,6,6,2,6,6,6,2,6,6,6,2,6,6,6,2,6,6,6,2,6,6,6,2,6,6,6,2,6,6,6,2,6,6,6,2,6,6,6,2,6,6,6,2,6,6,6,2,6,6,6,2,6,6,6,2,6,6,6,2,6,6,6,2,6,6,6,2,6,6,6,2,6,6,6,2,6,100,111,111,111,111,111,111,111,98,34,0,0,47,0,0,0,47,0,0,0,47,0,0,0,47,0,0,0,47,0,0,0,47,0,0,32,0,0,47,79,0,0,0,47,0,0,79,0,47,0,0,0,0,47,0,0,47,0,0,0,47,0,0,0,0,47,0,0,47,0,0,0,116,117,118,0,0,0,47,0,0,0,0,47,0,0,0,0,47,0,0,0,47,0,0,0,47,0,0,0,47,0,0,0,47,0,0,0,0,47,0,0,47,0,0,0,0,47,0,0,0,0,47,0,0,47,0,47,0,36,100,111,111,111,111,111,111,111,111,111,111,111,111,111,111,111,111,111,111,111,111,111,111,111,111,111,111,111,111,111,111,111,111,111,111,111,111,111,111,111,111,111,111,111,111,111,111,111,111,111,111,111,111,111,111,111,111,111,111,111,111,111,111,111,111,111,111,111,111,111,111,111,111,111,111,111,111,111,111,111,111,111,111,111,111,111,111,111,111,111,111,111,111,111,111,111,111,111,111,111,111,111,111,111,111,111,111,111,111,111,111,111,111,111,111,111,111,111,111,111,111,111,111,111,111,111,111,111,111,111,111,111,111,111,111,111,111,111,111,111,111,111,111,111,111,111,111,111,111,111,111,111,111,111,111,111,111,111,111,111,111,111,111,111,111,111,111,111,111,111,111,111,111,111,111,111,111,111,111,111,111,111,111,111,111,111,111,111,111,111,111,111,111,111,111,111,111,111,111,111,111,111,111,111,111,111,111,111,111,111,111,111,111,111,111,111,111,111,111,111,111,111,111,111,111,111,111,111,109,6,6,6,2,6,6,6,2,6,6,6,2,6,6,6,2,6,6,6,2,6,6,6,2,6,6,6,2,6,6,6,2,6,6,6,2,6,6,6,2,6,6,6,2,6,6,6,2,6,6,6,2,6,6,6,2,6,6,6,2,6,6,6,2,6,6,6,2,6,6,6,2,6,6,6,2,6,6,6,2,6,6,6,2,6,6,6,2,6,6,6,2,6,6,6,2,6,6,6,2,6,6,6,2,6,6,6,2,6,6,6,2,6,6,6,2,6,6,6,2,6,6,6,2,6,6,6,2,6,6,6,2,6,6,6,2,6,6,6,2,6,6,6,2,6,6,6,2,6,6,6,2,6,6,6,2,6,6,6,2,6,6,6,2,6,6,6,2,6,6,6,2,6,6,6,2,6,6,6,2,6,6,6,2,6,6,6,2,6,6,6,2,6,6,6,2,6,6,6,2,6,6,6,2,6,6,6,2,6,6,6,2,6,6,6,2,6,6,6,2,6,6,6,2,6,6,6,2,6,6,6,2,6,6,6,2,6,6,6,2,6,6,6,2,6,6,6,2,6,6,6,2,6,6,6,2,6,6,6,2,6,6,6,2,6,6,6,2,6,6,6,2,6,6,6,2,6,6,6,2,6,6,6,2,6,6,6,100,79,79,79,79,79,98,95,0,0,0,0,0,0,0,0,0,0,0,0,0,0,0,0,0,0,0,0,0,0,0,0,0,0,0,0,0,0,0,0,0,0,0,0,0,0,0,0,0,0,0,36,47,47,47,47,47,47,47,47,47,47
2,6,6,6,2,6,6,6,2,6,6,6,2,6,6,6,2,6,6,6,2,6,6,6,2,6,6,6,2,6,6,6,2,6,6,6,2,6,6,6,2,6,6,6,2,6,6,6,2,6,6,6,2,6,6,6,2,6,6,6,2,6,6,6,2,6,6,6,2,6,6,6,2,6,6,6,2,6,6,6,2,6,6,6,2,6,6,6,2,6,6,100,47,111,47,111,47,111,47,98,95,0,0,0,79,0,0,0,0,79,0,0,126,0,0,79,0,0,0,0,79,0,0,0,0,0,0,0,0,79,0,0,0,79,0,0,0,32,0,0,79,0,0,0,0,79,0,0,0,126,0,0,79,0,0,0,0,79,0,0,0,0,79,0,0,0,79,0,0,32,0,0,79,0,0,0,79,0,0,0,79,0,0,0,32,0,0,79,0,0,0,0,79,0,0,0,0,32,0,0,0,79,0,0,0,126,0,0,0,79,0,0,0,0,0,0,0,45,6,6,6,6,6,6,6,45,6,6,6,6,6,6,6,6,6,6,6,6,6,6,45,6,6,6,6,45,6,6,6,6,6,6,6,6,6,6,6,6,6,6,6,6,6,6,6,6,6,6,6,6,6,6,6,6,6,6,6,6,6,6,6,6,6,6,6,6,6,6,6,6,6,6,6,6,6,6,6,6,6,6,6,6,6,6,6,6,6,6,6,6,6,6,6,6,6,6,6,6,6,6,6,6,6,6,6,6,6,6,6,6,6,6,45,6,6,6,2,6,6,6,2,6,6,6,2,6,6,6,2,6,6,6,2,6,6,6,2,6,6,6,2,6,6,6,2,6,6,6,2,6,6,6,2,6,6,6,2,6,6,6,2,6,6,6,2,6,6,6,2,6,6,6,2,6,6,6,2,6,6,6,2,6,6,6,2,6,6,6,2,6,6,6,2,6,6,6,2,6,6,6,2,6,6,6,2,6,6,6,2,6,6,6,2,6,6,6,2,6,6,6,2,6,6,6,2,6,6,6,2,6,6,6,2,6,6,6,2,6,6,6,2,6,6,6,2,6,6,6,2,6,6,6,2,6,6,6,2,6,6,6,2,6,6,6,2,6,6,6,2,6,6,6,2,6,6,6,2,6,6,6,2,6,6,6,2,6,6,6,2,6,6,6,2,6,6,6,2,6,6,6,2,6,6,6,2,6,6,6,2,6,6,6,2,6,6,6,2,6,6,6,2,6,6,6,2,6,6,6,2,6,6,6,2,6,6,6,2,6,6,6,2,6,6,6,2,6,6,6,2,6,6,6,2,6,6,6,2,6,6,6,2,6,6,6,2,6,6,6,2,6,6,6,2,6,6,6,2,6,6,6,2,6,6,6,2,6,6,6,2,6,6,6,2,6,6,6,2,6,6,6,2,6,6,6,2,6,6,6,2,6,6,6,2,6,6,6,2,6,6,6,2,6,6,6,2,6,6,6,2,6,6,6,2,6,6,6,2,6,6,6,2,6,6,6,2,6,6,6,2,6,6,6,2,6,6,6,2,6,6,6,2,6,6,6,2,6,6,6,2,6,6,6,2,6,100,111,111,111,111,111,111,111,98,34,0,0,47,0,0,0,47,0,0,0,47,0,0,0,47,0,0,116,117,118,0,0,47,0,0,126,0,0,47,79,0,0,0,47,0,0,79,0,47,0,0,0,0,47,0,116,117,118,0,0,47,0,0,0,116,117,118,0,47,0,0,0,119,120,121,0,0,0,47,0,0,0,0,47,0,0,0,0,47,0,0,0,47,0,0,0,47,0,0,0,47,0,0,0,47,0,0,0,0,47,0,0,47,0,0,0,116,117,118,0,0,116,117,118,0,47,0,47,0,36,100,111,111,111,111,111,111,111,111,111,111,111,111,111,111,111,111,111,111,111,111,111,111,111,111,111,111,111,111,111,111,111,111,111,111,111,111,111,111,111,111,111,111,111,111,111,111,111,111,111,111,111,111,111,111,111,111,111,111,111,111,111,111,111,111,111,111,111,111,111,111,111,111,111,111,111,111,111,111,111,111,111,111,111,111,111,111,111,111,111,111,111,111,111,111,111,111,111,111,111,111,111,111,111,111,111,111,111,111,111,111,111,111,111,111,111,111,111,111,111,111,111,111,111,111,111,111,111,111,111,111,111,111,111,111,111,111,111,111,111,111,111,111,111,111,111,111,111,111,111,111,111,111,111,111,111,111,111,111,111,111,111,111,111,111,111,111,111,111,111,111,111,111,111,111,111,111,111,111,111,111,111,111,111,111,111,111,111,111,111,111,111,111,111,111,111,111,111,111,111,111,111,111,111,111,111,111,111,111,111,111,111,111,111,111,111,111,111,111,111,111,111,111,111,111,111,111,111,109,6,6,6,2,6,6,6,2,6,6,6,2,6,6,6,2,6,6,6,2,6,6,6,2,6,6,6,2,6,6,6,2,6,6,6,2,6,6,6,2,6,6,6,2,6,6,6,2,6,6,6,2,6,6,6,2,6,6,6,2,6,6,6,2,6,6,6,2,6,6,6,2,6,6,6,2,6,6,6,2,6,6,6,2,6,6,6,2,6,6,6,2,6,6,6,2,6,6,6,2,6,6,6,2,6,6,6,2,6,6,6,2,6,6,6,2,6,6,6,2,6,6,6,2,6,6,6,2,6,6,6,2,6,6,6,2,6,6,6,2,6,6,6,2,6,6,6,2,6,6,6,2,6,6,6,2,6,6,6,2,6,6,6,2,6,6,6,2,6,6,6,2,6,6,6,2,6,6,6,2,6,6,6,2,6,6,6,2,6,6,6,2,6,6,6,2,6,6,6,2,6,6,6,2,6,6,6,2,6,6,6,2,6,6,6,2,6,6,6,2,6,6,6,2,6,6,6,2,6,6,6,2,6,6,6,2,6,6,6,2,6,6,6,2,6,6,6,2,6,6,6,2,6,6,6,2,6,6,6,2,6,6,6,2,6,6,6,2,6,6,6,2,6,6,6,2,6,6,6,2,6,6,6,2,6,6,6,100,79,79,79,79,79,98,95,0,0,0,0,0,0,0,0,0,0,0,0,0,0,0,0,0,0,0,0,0,0,0,0,0,0,0,0,0,0,0,0,0,0,0,0,0,0,0,0,0,0,0,36,47,47,47,47,47,47,47,47,47,47
2,6,6,6,2,6,6,6,2,6,6,6,2,6,6,6,2,6,6,6,2,6,6,6,2,6,6,6,2,6,6,6,2,6,6,6,2,6,6,6,2,6,6,6,2,6,6,6,2,6,6,6,2,6,6,6,2,6,6,6,2,6,6,6,2,6,6,6,2,6,6,6,2,6,6,6,2,6,6,6,2,6,6,6,2,6,6,6,2,6,6,100,47,111,47,111,47,111,47,98,95,0,0,0,79,0,0,0,0,79,0,0,32,0,0,79,0,0,0,0,79,0,0,0,0,0,0,0,0,79,0,0,0,79,0,0,0,126,0,0,79,0,0,0,0,79,0,0,0,32,0,0,79,0,0,0,0,79,0,0,0,0,79,0,0,0,79,0,0,126,0,0,79,0,0,0,79,0,0,0,79,0,0,0,126,0,0,79,0,0,0,0,79,0,0,0,0,126,0,0,0,79,0,0,0,32,0,0,0,79,0,0,0,0,0,0,0,45,6,6,6,6,6,6,6,45,6,6,6,6,6,6,6,6,6,6,6,6,6,6,45,6,6,6,6,45,6,6,6,6,6,6,6,6,6,6,6,6,6,6,6,6,6,6,6,6,6,6,6,6,6,6,6,6,6,6,6,6,6,6,6,6,6,6,6,6,6,6,6,6,6,6,6,6,6,6,6,6,6,6,6,6,6,6,6,6,6,6,6,6,6,6,6,6,6,6,6,6,6,6,6,6,6,6,6,6,6,6,6,6,6,6,45,6,6,6,2,6,6,6,2,6,6,6,2,6,6,6,2,6,6,6,2,6,6,6,2,6,6,6,2,6,6,6,2,6,6,6,2,6,6,6,2,6,6,6,2,6,6,6,2,6,6,6,2,6,6,6,2,6,6,6,2,6,6,6,2,6,6,6,2,6,6,6,2,6,6,6,2,6,6,6,2,6,6,6,2,6,6,6,2,6,6,6,2,6,6,6,2,6,6,6,2,6,6,6,2,6,6,6,2,6,6,6,2,6,6,6,2,6,6,6,2,6,6,6,2,6,6,6,2,6,6,6,2,6,6,6,2,6,6,6,2,6,6,6,2,6,6,6,2,6,6,6,2,6,6,6,2,6,6,6,2,6,6,6,2,6,6,6,2,6,6,6,2,6,6,6,2,6,6,6,2,6,6,6,2,6,6,6,2,6,6,6,2,6,6,6,2,6,6,6,2,6,6,6,2,6,6,6,2,6,6,6,2,6,6,6,2,6,6,6,2,6,6,6,2,6,6,6,2,6,6,6,2,6,6,6,2,6,6,6,2,6,6,6,2,6,6,6,2,6,6,6,2,6,6,6,2,6,6,6,2,6,6,6,2,6,6,6,2,6,6,6,2,6,6,6,2,6,6,6,2,6,6,6,2,6,6,6,2,6,6,6,2,6,6,6,2,6,6,6,2,6,6,6,2,6,6,6,2,6,6,6,2,6,6,6,2,6,6,6,2,6,6,6,2,6,6,6,2,6,6,6,2,6,6,6,2,6,6,6,2,6,6,6,2,6,6,6,2,6,6,6,2,6,6,6,2,6,6,6,2,6,100,111,111,111,111,111,111,111,98,34,0,0,47,0,0,116,117,118,0,0,47,0,0,0,47,0,0,119,120,121,0,0,47,0,0,32,0,0,47,79,0,0,116,117,118,0,79,0,47,0,0,0,0,47,0,119,120,121,0,116,117,118,0,0,119,120,121,0,47,0,0,0,122,123,124,0,0,0,47,0,0,0,0,47,0,0,0,0,47,0,0,0,47,0,0,0,47,0,0,0,47,0,0,0,47,0,0,0,0,47,0,116,117,118,0,0,119,120,121,0,0,119,120,121,0,47,0,47,0,36,100,111,111,111,111,111,111,111,111,111,111,111,111,111,111,111,111,111,111,111,111,111,111,111,111,111,111,111,111,111,111,111,111,111,111,111,111,111,111,111,111,111,111,111,111,111,111,111,111,111,111,111,111,111,111,111,111,111,111,111,111,111,111,111,111,111,111,111,111,111,111,111,111,111,111,111,111,111,111,111,111,111,111,111,111,111,111,111,111,111,111,111,111,111,111,111,111,111,111,111,111,111,111,111,111,111,111,111,111,111,111,111,111,111,111,111,111,111,111,111,111,111,111,111,111,111,111,111,111,111,111,111,111,111,111,111,111,111,111,111,111,111,111,111,111,111,111,111,111,111,111,111,111,111,111,111,111,111,111,111,111,111,111,111,111,111,111,111,111,111,111,111,111,111,111,111,111,111,111,111,111,111,111,111,111,111,111,111,111,111,111,111,111,111,111,111,111,111,111,111,111,111,111,111,111,111,111,111,111,111,111,111,111,111,111,111,111,111,111,111,111,111,111,111,111,111,111,111,109,6,6,6,2,6,6,6,2,6,6,6,2,6,6,6,2,6,6,6,2,6,6,6,2,6,6,6,2,6,6,6,2,6,6,6,2,6,6,6,2,6,6,6,2,6,6,6,2,6,6,6,2,6,6,6,2,6,6,6,2,6,6,6,2,6,6,6,2,6,6,6,2,6,6,6,2,6,6,6,2,6,6,6,2,6,6,6,2,6,6,6,2,6,6,6,2,6,6,6,2,6,6,6,2,6,6,6,2,6,6,6,2,6,6,6,2,6,6,6,2,6,6,6,2,6,6,6,2,6,6,6,2,6,6,6,2,6,6,6,2,6,6,6,2,6,6,6,2,6,6,6,2,6,6,6,2,6,6,6,2,6,6,6,2,6,6,6,2,6,6,6,2,6,6,6,2,6,6,6,2,6,6,6,2,6,6,6,2,6,6,6,2,6,6,6,2,6,6,6,2,6,6,6,2,6,6,6,2,6,6,6,2,6,6,6,2,6,6,6,2,6,6,6,2,6,6,6,2,6,6,6,2,6,6,6,2,6,6,6,2,6,6,6,2,6,6,6,2,6,6,6,2,6,6,6,2,6,6,6,2,6,6,6,2,6,6,6,2,6,6,6,2,6,6,6,2,6,6,6,2,6,6,6,2,6,6,6,100,79,79,79,79,79,98,95,0,0,0,0,0,0,0,0,0,0,0,0,0,0,0,0,0,0,0,0,0,0,0,0,0,0,0,0,0,0,0,0,0,0,0,0,0,0,0,0,0,0,0,36,47,47,47,47,47,47,47,47,47,47
2,6,6,6,2,6,6,6,2,6,6,6,2,6,6,6,2,6,6,6,2,6,6,6,2,6,6,6,2,6,6,6,2,6,6,6,2,6,6,6,2,6,6,6,2,6,6,6,2,6,6,6,2,6,6,6,2,6,6,6,2,6,6,6,2,6,6,6,2,6,6,6,2,6,6,6,2,6,6,6,2,6,6,6,2,6,6,6,2,6,6,100,47,111,47,111,47,111,47,98,95,0,0,0,79,0,0,0,0,79,0,0,126,0,0,79,0,0,0,0,79,0,0,0,0,0,0,0,0,79,0,0,0,79,0,0,0,32,0,0,79,0,0,0,0,79,0,0,0,126,0,0,79,0,0,0,0,79,0,0,0,0,79,0,0,0,79,0,0,32,0,0,79,0,0,0,79,0,0,0,79,0,0,0,32,0,0,79,0,0,0,0,79,0,0,0,0,32,0,0,0,79,0,0,0,126,0,0,0,79,0,0,0,0,0,0,0,45,6,6,6,6,6,6,6,45,6,6,6,6,6,6,6,6,6,6,6,6,6,6,45,6,6,6,6,45,6,6,6,6,6,6,6,6,6,6,6,6,6,6,6,6,6,6,6,6,6,6,6,6,6,6,6,6,6,6,6,6,6,6,6,6,6,6,6,6,6,6,6,6,6,6,6,6,6,6,6,6,6,6,6,6,6,6,6,6,6,6,6,6,6,6,6,6,6,6,6,6,6,6,6,6,6,6,6,6,6,6,6,6,6,6,45,6,6,6,2,6,6,6,2,6,6,6,2,6,6,6,2,6,6,6,2,6,6,6,2,6,6,6,2,6,6,6,2,6,6,6,2,6,6,6,2,6,6,6,2,6,6,6,2,6,6,6,2,6,6,6,2,6,6,6,2,6,6,6,2,6,6,6,2,6,6,6,2,6,6,6,2,6,6,6,2,6,6,6,2,6,6,6,2,6,6,6,2,6,6,6,2,6,6,6,2,6,6,6,2,6,6,6,2,6,6,6,2,6,6,6,2,6,6,6,2,6,6,6,2,6,6,6,2,6,6,6,2,6,6,6,2,6,6,6,2,6,6,6,2,6,6,6,2,6,6,6,2,6,6,6,2,6,6,6,2,6,6,6,2,6,6,6,2,6,6,6,2,6,6,6,2,6,6,6,2,6,6,6,2,6,6,6,2,6,6,6,2,6,6,6,2,6,6,6,2,6,6,6,2,6,6,6,2,6,6,6,2,6,6,6,2,6,6,6,2,6,6,6,2,6,6,6,2,6,6,6,2,6,6,6,2,6,6,6,2,6,6,6,2,6,6,6,2,6,6,6,2,6,6,6,2,6,6,6,2,6,6,6,2,6,6,6,2,6,6,6,2,6,6,6,2,6,6,6,2,6,6,6,2,6,6,6,2,6,6,6,2,6,6,6,2,6,6,6,2,6,6,6,2,6,6,6,2,6,6,6,2,6,6,6,2,6,6,6,2,6,6,6,2,6,6,6,2,6,6,6,2,6,6,6,2,6,6,6,2,6,6,6,2,6,6,6,2,6,6,6,2,6,6,6,2,6,6,6,2,6,100,111,111,111,111,111,111,111,98,34,0,116,117,118,0,119,120,121,0,0,47,0,0,116,117,118,0,122,123,124,0,116,117,118,0,126,0,0,47,79,0,0,119,120,121,0,79,0,47,0,0,0,0,47,0,122,123,124,0,119,120,121,0,0,122,123,124,116,117,118,0,0,0,0,0,0,0,0,47,0,0,0,0,47,0,0,0,0,47,0,0,0,47,0,0,0,47,0,0,0,47,0,0,0,47,0,0,0,0,47,0,119,120,121,0,0,122,123,124,0,0,122,123,124,0,47,0,47,0,36,100,111,111,111,111,111,111,111,111,111,111,111,111,111,111,111,111,111,111,111,111,111,111,111,111,111,111,111,111,111,111,111,111,111,111,111,111,111,111,111,111,111,111,111,111,111,111,111,111,111,111,111,111,111,111,111,111,111,111,111,111,111,111,111,111,111,111,111,111,111,111,111,111,111,111,111,111,111,111,111,111,111,111,111,111,111,111,111,111,111,111,111,111,111,111,111,111,111,111,111,111,111,111,111,111,111,111,111,111,111,111,111,111,111,111,111,111,111,111,111,111,111,111,111,111,111,111,111,111,111,111,111,111,111,111,111,111,111,111,111,111,111,111,111,111,111,111,111,111,111,111,111,111,111,111,111,111,111,111,111,111,111,111,111,111,111,111,111,111,111,111,111,111,111,111,111,111,111,111,111,111,111,111,111,111,111,111,111,111,111,111,111,111,111,111,111,111,111,111,111,111,111,111,111,111,111,111,111,111,111,111,111,111,111,111,111,111,111,111,111,111,111,111,111,111,111,111,111,109,6,6,6,2,6,6,6,2,6,6,6,2,6,6,6,2,6,6,6,2,6,6,6,2,6,6,6,2,6,6,6,2,6,6,6,2,6,6,6,2,6,6,6,2,6,6,6,2,6,6,6,2,6,6,6,2,6,6,6,2,6,6,6,2,6,6,6,2,6,6,6,2,6,6,6,2,6,6,6,2,6,6,6,2,6,6,6,2,6,6,6,2,6,6,6,2,6,6,6,2,6,6,6,2,6,6,6,2,6,6,6,2,6,6,6,2,6,6,6,2,6,6,6,2,6,6,6,2,6,6,6,2,6,6,6,2,6,6,6,2,6,6,6,2,6,6,6,2,6,6,6,2,6,6,6,2,6,6,6,2,6,6,6,2,6,6,6,2,6,6,6,2,6,6,6,2,6,6,6,2,6,6,6,2,6,6,6,2,6,6,6,2,6,6,6,2,6,6,6,2,6,6,6,2,6,6,6,2,6,6,6,2,6,6,6,2,6,6,6,2,6,6,6,2,6,6,6,2,6,6,6,2,6,6,6,2,6,6,6,2,6,6,6,2,6,6,6,2,6,6,6,2,6,6,6,2,6,6,6,2,6,6,6,2,6,6,6,2,6,6,6,2,6,6,6,2,6,6,6,2,6,6,6,2,6,6,6,100,79,79,79,79,79,98,95,0,0,0,0,0,0,0,0,0,0,0,0,0,0,0,0,0,0,0,0,0,0,0,0,0,0,0,0,0,0,0,0,0,0,0,0,0,0,0,0,0,0,0,36,47,47,47,47,47,47,47,47,47,47
2,6,6,6,2,6,6,6,2,6,6,6,2,6,6,6,2,6,6,6,2,6,6,6,2,6,6,6,2,6,6,6,2,6,6,6,2,6,6,6,2,6,6,6,2,6,6,6,2,6,6,6,2,6,6,6,2,6,6,6,2,6,6,6,2,6,6,6,2,6,6,6,2,6,6,6,2,6,6,6,2,6,6,6,2,6,6,6,2,6,6,100,47,111,47,111,47,111,47,98,95,0,0,0,79,0,0,0,0,79,0,0,32,0,0,79,0,0,0,0,125,0,0,0,0,0,0,0,0,79,0,0,0,79,0,0,0,126,0,0,79,0,0,0,0,79,0,0,0,32,0,0,79,0,0,0,0,79,0,0,0,0,79,0,0,0,79,0,0,126,0,0,125,0,0,0,79,0,0,0,79,0,0,0,126,0,0,79,0,0,0,0,79,0,0,0,0,126,0,0,0,79,0,0,0,32,0,0,0,79,0,0,0,0,0,0,0,45,6,6,6,6,6,6,6,45,6,6,6,6,6,6,6,6,6,6,6,6,6,6,45,6,6,6,6,45,6,6,6,6,6,6,6,6,6,6,6,6,6,6,6,6,6,6,6,6,6,6,6,6,6,6,6,6,6,6,6,6,6,6,6,6,6,6,6,6,6,6,6,6,6,6,6,6,6,6,6,6,6,6,6,6,6,6,6,6,6,6,6,6,6,6,6,6,6,6,6,6,6,6,6,6,6,6,6,6,6,6,6,6,6,144,34,5,5,5,1,5,5,5,1,5,5,5,1,5,5,5,1,5,5,5,1,5,5,5,1,5,5,5,1,5,5,5,1,5,5,5,1,5,5,5,1,5,5,5,1,5,5,5,1,5,5,5,1,5,5,5,1,5,5,5,1,5,5,5,1,5,5,5,1,5,5,5,1,5,5,5,1,5,5,5,1,5,5,5,1,5,5,5,1,5,5,5,1,5,5,5,1,5,5,5,1,5,5,5,1,5,5,5,1,5,5,5,1,5,5,5,1,5,5,5,1,5,5,5,1,5,5,5,1,5,5,5,1,5,5,5,1,5,5,5,1,5,5,5,1,5,5,5,1,5,5,5,1,5,5,5,1,5,5,5,1,5,5,5,1,5,5,5,1,5,5,5,1,5,5,5,1,5,5,5,1,5,5,5,1,5,5,5,1,5,5,5,1,5,5,5,1,5,5,5,1,5,5,5,1,5,5,5,1,5,5,5,1,5,5,5,1,5,5,5,1,5,5,5,1,5,5,5,1,5,5,5,1,5,5,5,1,5,5,5,1,5,5,5,1,5,5,5,1,5,5,5,1,5,5,5,1,5,5,5,1,5,5,5,1,5,5,5,1,5,5,5,1,5,5,5,1,5,5,5,1,5,5,5,1,5,5,5,1,5,5,5,1,5,5,5,1,5,5,5,1,5,5,5,1,5,5,5,1,5,5,5,1,5,5,5,1,5,5,5,1,5,5,5,1,5,5,5,1,5,5,5,1,5,5,5,1,5,5,5,1,5,5,5,1,5,5,5,1,5,5,5,1,5,5,5,1,5,5,5,1,5,100,111,111,111,111,111,111,111,98,34,0,119,120,121,0,122,123,124,0,116,117,118,0,119,120,121,0,0,0,0,0,119,120,121,177,32,176,116,117,118,0,0,122,123,124,0,79,0,47,0,0,0,0,47,0,0,0,0,0,122,123,124,0,0,0,0,0,119,120,121,0,0,0,0,0,0,0,116,117,118,0,0,0,47,0,0,0,0,47,0,0,0,47,0,0,0,47,0,0,0,47,0,0,0,47,0,0,0,0,47,0,122,123,124,0,0,0,0,0,0,0,0,0,0,116,117,118,47,0,36,100,111,111,111,111,111,111,111,111,111,111,111,111,111,111,111,111,111,111,111,111,111,111,111,111,111,111,111,111,111,111,111,111,111,111,111,111,111,111,111,111,111,111,111,111,111,111,111,111,111,111,111,111,111,111,111,111,111,111,111,111,111,111,111,111,111,111,111,111,111,111,111,111,111,111,111,111,111,111,111,111,111,111,111,111,111,111,111,111,111,111,111,111,111,111,111,111,111,111,111,111,111,111,111,111,111,111,111,111,111,111,111,111,111,111,111,111,111,111,111,111,111,111,111,111,111,111,111,111,111,111,111,111,111,111,111,111,111,111,111,111,111,111,111,111,111,111,111,111,111,111,111,111,111,111,111,111,111,111,111,111,111,111,111,111,111,111,111,111,111,111,111,111,111,111,111,111,111,111,111,111,111,111,111,111,111,111,111,111,111,111,111,111,111,111,111,111,111,111,111,111,111,111,111,111,111,111,111,111,111,111,111,111,111,111,111,111,111,111,111,111,111,111,111,111,111,111,111,109,6,6,6,2,6,6,6,2,6,6,6,2,6,6,6,2,6,6,6,2,6,6,6,2,6,6,6,2,6,6,6,2,6,6,6,2,6,6,6,2,6,6,6,2,6,6,6,2,6,6,6,2,6,6,6,2,6,6,6,2,6,6,6,2,6,6,6,2,6,6,6,2,6,6,6,2,6,6,6,2,6,6,6,2,6,6,6,2,6,6,6,2,6,6,6,2,6,6,6,2,6,6,6,2,6,6,6,2,6,6,6,2,6,6,6,2,6,6,6,2,6,6,6,2,6,6,6,2,6,6,6,2,6,6,6,2,6,6,6,2,6,6,6,2,6,6,6,2,6,6,6,2,6,6,6,2,6,6,6,2,6,6,6,2,6,6,6,2,6,6,6,2,6,6,6,2,6,6,6,2,6,6,6,2,6,6,6,2,6,6,6,2,6,6,6,2,6,6,6,2,6,6,6,2,6,6,6,2,6,6,6,2,6,6,6,2,6,6,6,2,6,6,6,2,6,6,6,2,6,6,6,2,6,6,6,2,6,6,6,2,6,6,6,2,6,6,6,2,6,6,6,2,6,6,6,2,6,6,6,2,6,6,6,2,6,6,6,2,6,6,6,2,6,6,6,2,6,6,6,2,6,6,6,2,6,6,6,100,79,79,79,79,79,98,95,0,0,0,0,0,0,0,0,0,0,0,0,0,0,0,0,0,0,0,0,0,0,0,0,0,0,0,0,0,0,0,0,0,0,0,0,0,0,0,0,0,0,0,36,47,47,47,47,47,47,47,47,47,47
2,6,6,6,2,6,6,6,2,6,6,6,2,6,6,6,2,6,6,6,2,6,6,6,2,6,6,6,2,6,6,6,2,6,6,6,2,6,6,6,2,6,6,6,2,6,6,6,2,6,6,6,2,6,6,6,2,6,6,6,2,6,6,6,2,6,6,6,2,6,6,6,2,6,6,6,2,6,6,6,2,6,6,6,2,6,6,6,2,6,6,100,47,111,47,111,47,111,47,98,95,0,0,0,79,0,0,0,0,79,0,0,126,0,0,125,0,0,0,0,0,0,0,0,0,0,0,0,0,79,0,0,0,79,0,0,0,32,0,0,79,0,0,0,0,79,0,0,0,126,0,0,79,0,0,0,0,79,0,0,0,0,79,0,0,0,79,0,177,32,176,0,0,0,0,0,79,0,0,0,79,0,0,177,32,176,0,79,0,0,0,0,79,0,0,0,0,32,0,0,0,79,0,0,0,126,0,0,0,79,0,0,0,0,0,0,0,36,145,6,6,6,6,6,6,45,46,46,46,46,46,46,46,46,46,46,46,46,46,46,45,6,6,6,6,45,46,46,46,46,46,46,46,46,46,46,46,46,46,46,46,46,46,46,46,46,46,46,46,46,46,46,46,46,46,46,46,46,46,46,46,46,46,46,46,46,46,46,46,46,46,46,46,46,46,46,46,46,46,46,46,46,46,46,46,46,46,46,46,46,46,46,46,46,46,46,46,46,46,46,46,46,46,46,46,46,46,46,46,46,46,154,155,13,13,13,50,13,13,13,45,13,13,13,45,13,79,13,45,13,13,13,50,13,13,13,45,13,79,13,45,13,13,13,50,13,13,13,45,13,79,13,50,13,13,13,45,13,13,13,45,13,79,13,45,13,13,13,50,13,13,13,45,13,79,13,45,13,13,13,50,13,13,13,45,13,79,13,50,13,13,13,45,13,13,13,45,13,79,13,45,13,13,13,50,13,13,13,45,13,79,13,45,13,13,13,50,13,13,13,45,13,79,13,50,13,13,13,45,13,13,13,45,13,79,13,45,13,13,13,50,13,13,13,45,13,79,13,45,13,13,13,50,13,13,160,167,114,166,147,13,23,13,13,13,13,146,167,104,108,111,111,107,103,166,147,23,13,13,13,23,13,23,13,161,104,108,107,103,162,23,13,23,146,167,104,108,107,103,166,147,23,13,146,167,104,108,111,111,111,111,111,107,103,166,147,13,13,23,13,13,161,104,103,162,13,13,23,13,13,13,13,23,144,164,104,108,111,111,107,103,166,147,23,13,13,146,167,104,108,107,103,166,147,146,167,104,108,107,103,166,147,13,23,161,104,103,162,13,23,146,167,104,108,111,111,111,111,111,107,103,166,147,23,13,146,167,104,108,111,111,111,111,107,103,166,147,13,13,146,167,104,108,107,103,166,167,104,103,166,147,146,167,104,103,166,147,146,167,104,108,111,111,107,103,166,167,104,108,111,111,111,111,111,111,111,111,111,111,111,111,111,111,111,111,111,111,111,111,111,111,111,111,111,111,111,111,98,166,35,35,35,35,35,35,35,35,35,35,35,35,35,35,167,100,111,111,111,111,111,111,111,98,34,0,122,123,124,0,0,0,0,0,119,120,121,0,122,123,124,0,0,0,0,0,122,123,124,0,54,0,119,120,121,0,0,0,0,0,0,79,116,117,118,0,0,0,47,0,0,0,0,0,0,0,0,0,0,0,0,0,122,123,124,0,0,0,0,0,0,0,119,120,121,0,0,0,47,0,0,0,0,47,0,0,0,47,0,0,0,47,0,0,0,47,0,0,0,47,0,0,0,0,47,0,0,0,0,0,0,0,0,0,0,0,0,0,0,119,120,121,47,0,36,100,111,111,111,111,111,111,111,111,111,111,111,111,111,111,111,111,111,111,111,111,111,111,111,111,111,111,111,111,111,111,111,111,111,111,111,111,111,111,111,111,111,111,111,111,111,111,111,111,111,111,111,111,111,111,111,111,111,111,111,111,111,111,111,111,111,111,111,111,111,111,111,111,111,111,111,111,111,111,111,111,111,111,111,111,111,111,111,111,111,111,111,111,111,111,111,111,111,111,111,111,111,111,111,111,111,111,111,111,111,111,111,111,111,111,111,111,111,111,111,111,111,111,111,111,111,111,111,111,111,111,111,111,111,111,111,111,111,111,111,111,111,111,111,111,111,111,111,111,111,111,111,111,111,111,111,111,111,111,111,111,111,111,111,111,111,111,111,111,111,111,111,111,111,111,111,111,111,111,111,111,111,111,111,111,111,111,111,111,111,111,111,111,111,111,111,111,111,111,111,111,111,111,111,111,111,111,111,111,111,111,111,111,111,111,111,111,111,111,111,111,111,111,111,111,111,111,111,109,6,6,6,2,6,6,6,2,6,6,6,2,6,6,6,2,6,6,6,2,6,6,6,2,6,6,6,2,6,6,6,2,6,6,6,2,6,6,6,2,6,6,6,2,6,6,6,2,6,6,6,2,6,6,6,2,6,6,6,2,6,6,6,2,6,6,6,2,6,6,6,2,6,6,6,2,6,6,6,2,6,6,6,2,6,6,6,2,6,6,6,2,6,6,6,2,6,6,6,2,6,6,6,2,6,6,6,2,6,6,6,2,6,6,6,2,6,6,6,2,6,6,6,2,6,6,6,2,6,6,6,2,6,6,6,2,6,6,6,2,6,6,6,2,6,6,6,2,6,6,6,2,6,6,6,2,6,6,6,2,6,6,6,2,6,6,6,2,6,6,6,2,6,6,6,2,6,6,6,2,6,6,6,2,6,6,6,2,6,6,6,2,6,6,6,2,6,6,6,2,6,6,6,2,6,6,6,2,6,6,6,2,6,6,6,2,6,6,6,2,6,6,6,2,6,6,6,2,6,6,6,2,6,6,6,2,6,6,6,2,6,6,6,2,6,6,6,2,6,6,6,2,6,6,6,2,6,6,6,2,6,6,6,2,6,6,6,2,6,6,6,2,6,6,6,2,6,6,6,2,6,6,6,2,6,6,6,100,79,79,79,79,79,98,95,0,0,0,0,0,0,0,0,0,0,0,0,0,0,0,0,0,0,0,0,0,0,0,0,0,0,0,0,0,0,0,0,0,0,0,0,0,0,0,0,0,0,0,36,47,47,47,47,47,47,47,47,47,47
2,6,6,6,2,6,6,6,2,6,6,6,2,6,6,6,2,6,6,6,2,6,6,6,2,6,6,6,2,6,6,6,2,6,6,6,2,6,6,6,2,6,6,6,2,6,6,6,2,6,6,6,2,6,6,6,2,6,6,6,2,6,6,6,2,6,6,6,2,6,6,6,2,6,6,6,2,6,6,6,2,6,6,6,2,6,6,6,2,6,6,100,47,111,47,111,47,111,47,98,95,0,0,0,79,0,0,0,0,79,0,177,32,176,0,0,0,0,0,0,0,0,0,0,0,0,0,0,0,79,0,0,0,79,0,0,0,126,0,0,79,0,0,0,0,79,0,0,0,32,0,0,79,0,0,0,0,125,0,0,0,0,79,0,0,0,125,0,0,54,0,0,0,0,0,0,125,0,0,0,79,0,0,0,54,0,0,125,0,0,0,0,79,0,0,0,0,126,0,0,0,79,0,0,177,32,176,0,0,125,0,0,0,0,0,0,0,152,153,150,151,6,6,6,6,45,13,23,13,23,79,23,13,23,13,13,13,23,13,13,45,6,6,6,6,45,23,13,13,23,13,23,126,23,13,13,126,13,13,13,13,23,23,13,45,98,23,13,13,13,13,23,45,98,13,23,13,13,23,23,23,79,13,23,13,13,23,23,13,79,13,23,23,13,13,23,23,13,13,13,126,23,23,13,13,23,13,13,13,23,32,13,13,23,126,13,13,23,13,23,23,13,179,32,178,13,13,23,23,13,23,0,0,0,0,0,0,0,0,0,45,0,0,0,50,0,79,0,45,0,0,0,79,0,0,0,50,0,79,0,45,0,0,0,79,0,0,0,50,0,79,0,0,0,0,0,45,0,0,0,50,0,79,0,45,0,0,0,79,0,0,0,50,0,79,0,45,0,0,0,79,0,0,0,50,0,79,0,0,0,0,0,45,0,0,0,50,0,79,0,45,0,0,0,79,0,0,0,50,0,79,0,45,0,0,0,79,0,0,0,50,0,79,0,0,0,0,0,45,0,0,0,50,0,79,0,45,0,0,0,79,0,0,0,50,0,79,0,45,0,0,0,79,0,0,0,161,166,147,0,0,0,0,0,0,0,0,146,167,104,108,107,103,166,147,0,0,0,0,0,0,0,0,0,160,167,100,98,166,163,0,0,0,0,146,167,104,103,166,147,0,0,0,0,146,167,104,99,99,99,99,99,103,166,147,0,0,0,0,0,0,160,167,166,163,0,0,0,0,0,0,0,0,152,153,167,104,99,108,103,166,147,0,0,0,0,0,146,167,104,103,166,147,0,0,146,167,104,103,166,147,0,0,0,160,167,166,163,0,0,0,146,167,104,108,111,111,111,107,103,166,147,0,0,0,0,146,167,104,108,111,111,107,103,166,147,0,0,0,0,146,167,104,103,166,147,146,167,166,147,0,0,146,167,166,147,0,0,146,167,104,108,107,103,166,147,146,167,104,99,99,99,99,99,99,99,99,99,99,99,99,99,99,99,99,99,99,99,99,99,99,99,99,99,99,99,99,103,162,13,23,23,23,13,13,13,13,23,23,13,13,13,13,161,104,99,99,99,99,99,99,99,103,34,0,0,0,0,0,0,0,0,0,122,123,124,0,0,0,0,0,0,0,0,0,0,0,0,0,0,0,122,123,124,0,0,0,0,0,0,79,119,120,121,0,0,0,47,0,0,0,0,0,0,0,0,0,0,0,0,0,0,0,0,0,116,117,118,0,0,0,122,123,124,0,0,0,47,0,0,0,0,47,0,0,0,47,0,0,0,47,0,0,116,117,118,0,0,47,0,0,0,116,117,118,0,0,0,0,0,0,0,0,0,0,0,0,0,122,123,124,47,0,161,104,108,111,111,111,111,111,111,111,111,111,111,111,111,111,111,111,111,111,111,111,111,111,111,111,111,111,111,111,111,111,111,111,111,111,111,111,111,111,111,111,111,111,111,111,111,111,111,111,111,111,111,111,111,111,111,111,111,111,111,111,111,111,111,111,111,111,111,111,111,111,111,111,111,111,111,111,111,111,111,111,111,111,111,111,111,111,111,111,111,111,111,111,111,111,111,111,111,111,111,111,111,111,111,111,111,111,111,111,111,111,111,111,111,111,111,111,111,111,111,111,111,111,111,111,111,111,111,111,111,111,111,111,111,111,111,111,111,111,111,111,111,111,111,111,111,111,111,111,111,111,111,111,111,111,111,111,111,111,111,111,111,111,111,111,111,111,111,111,111,111,111,111,111,111,111,111,111,111,111,111,111,111,111,111,111,111,111,111,111,111,111,111,111,111,111,111,111,111,111,111,111,111,111,111,111,111,111,111,111,111,111,111,111,111,111,111,111,111,111,111,111,111,111,111,111,111,111,109,6,6,6,2,6,6,6,2,6,6,6,2,6,6,6,2,6,6,6,2,6,6,6,2,6,6,6,2,6,6,6,2,6,6,6,2,6,6,6,2,6,6,6,2,6,6,6,2,6,6,6,2,6,6,6,2,6,6,6,2,6,6,6,2,6,6,6,2,6,6,6,2,6,6,6,2,6,6,6,2,6,6,6,2,6,6,6,2,6,6,6,2,6,6,6,2,6,6,6,2,6,6,6,2,6,6,6,2,6,6,6,2,6,6,6,2,6,6,6,2,6,6,6,2,6,6,6,2,6,6,6,2,6,6,6,2,6,6,6,2,6,6,6,2,6,6,6,2,6,6,6,2,6,6,6,2,6,6,6,2,6,6,6,2,6,6,6,2,6,6,6,2,6,6,6,2,6,6,6,2,6,6,6,2,6,6,6,2,6,6,6,2,6,6,6,2,6,6,6,2,6,6,6,2,6,6,6,2,6,6,6,2,6,6,6,2,6,6,6,2,6,6,6,2,6,6,6,2,6,6,6,2,6,6,6,2,6,6,6,2,6,6,6,2,6,6,6,2,6,6,6,2,6,6,6,2,6,6,6,2,6,6,6,2,6,6,6,2,6,6,6,2,6,6,6,2,6,6,6,2,6,6,6,2,6,6,6,100,79,79,79,79,79,98,95,0,0,0,0,0,0,0,0,0,0,0,0,0,0,0,0,0,0,0,0,0,0,0,0,0,0,0,0,0,0,0,0,0,0,0,0,0,0,0,0,0,0,0,36,47,47,47,47,47,47,47,47,47,47
2,6,6,6,2,6,6,6,2,6,6,6,2,6,6,6,2,6,6,6,2,6,6,6,2,6,6,6,2,6,6,6,2,6,6,6,2,6,6,6,2,6,6,6,2,6,6,6,2,6,6,6,2,6,6,6,2,6,6,6,2,6,6,6,2,6,6,6,2,6,6,6,2,6,6,6,2,6,6,6,2,6,6,6,2,6,6,6,2,6,6,100,47,111,47,111,47,111,47,98,95,0,0,0,79,0,0,0,0,125,0,0,54,0,0,0,0,0,0,0,0,0,0,0,0,0,0,0,0,125,0,0,0,79,0,0,0,32,0,0,79,0,0,0,0,79,0,0,0,126,0,0,79,0,0,0,0,0,0,0,0,0,79,0,0,0,0,0,0,0,0,0,0,0,0,0,0,0,0,0,125,0,0,0,0,0,0,0,0,0,0,0,79,0,0,0,0,32,0,0,0,79,0,0,0,54,0,0,0,0,0,0,0,0,0,0,0,0,0,152,153,46,46,46,46,39,0,0,0,0,79,0,0,0,0,0,0,0,0,0,40,46,46,46,46,39,0,0,0,0,0,179,32,178,0,179,32,178,0,0,0,0,0,0,50,103,0,0,0,0,0,0,50,103,0,0,0,0,0,0,0,52,0,0,0,0,0,0,0,79,0,0,0,0,0,0,0,0,0,179,32,178,0,0,0,0,0,0,0,0,126,0,0,179,32,178,0,0,0,0,0,0,0,54,0,0,0,0,0,0,0,0,0,0,0,0,0,0,0,0,50,0,0,0,0,0,79,0,50,0,0,0,79,0,0,0,0,0,79,0,50,0,0,0,79,0,0,0,0,0,79,0,0,0,0,0,50,0,0,0,0,0,79,0,50,0,0,0,79,0,0,0,0,0,79,0,50,0,0,0,79,0,0,0,0,0,79,0,0,0,0,0,50,0,0,0,0,0,79,0,50,0,0,0,79,0,0,0,0,0,79,0,50,0,0,0,79,0,0,0,0,0,79,0,0,0,0,0,50,0,0,0,0,0,79,0,50,0,0,0,79,0,0,0,0,0,79,0,50,0,0,0,79,0,0,0,160,147,0,0,0,0,0,0,0,0,0,0,146,167,104,103,166,147,0,0,0,0,0,0,0,0,0,0,0,161,104,103,162,0,0,0,0,0,0,146,167,166,147,0,0,0,0,0,0,146,35,35,35,35,35,35,35,147,0,0,0,0,0,0,0,0,161,162,0,0,0,0,0,0,0,0,0,0,0,152,153,167,114,166,147,0,0,0,0,0,0,0,146,167,166,147,0,0,0,0,146,167,166,147,0,0,0,0,0,161,162,0,0,0,0,0,146,167,104,108,111,107,103,166,147,0,0,0,0,0,0,146,167,104,108,107,103,166,147,0,0,0,0,0,0,146,167,166,147,0,0,146,147,0,0,0,0,146,147,0,0,0,0,146,167,104,103,166,147,0,0,146,167,166,35,35,35,35,35,35,35,35,35,35,35,35,35,35,35,35,35,35,35,35,35,35,35,35,35,35,35,35,163,0,0,0,0,0,0,0,0,0,0,0,0,0,0,160,35,35,35,35,35,35,35,35,35,39,0,0,0,0,0,0,0,0,0,0,0,0,0,0,0,0,0,0,0,0,0,0,0,0,0,0,0,0,0,79,0,0,0,0,0,0,79,122,123,124,0,0,116,117,118,0,0,0,0,0,0,0,0,0,0,0,0,0,0,0,0,119,120,121,0,0,0,0,0,0,0,0,0,47,0,0,0,0,47,0,0,0,47,0,0,0,47,0,0,119,120,121,0,116,117,118,0,0,119,120,121,0,0,0,0,0,0,52,0,0,0,0,0,0,0,0,116,117,118,160,167,104,108,111,111,111,111,111,111,111,111,111,111,111,111,111,111,111,111,111,111,111,111,111,111,111,111,111,111,111,111,111,111,111,111,111,111,111,111,111,111,111,111,111,111,111,111,111,111,111,111,111,111,111,111,111,111,111,111,111,111,111,111,111,111,111,111,111,111,111,111,111,111,111,111,111,111,111,111,111,111,111,111,111,111,111,111,111,111,111,111,111,111,111,111,111,111,111,111,111,111,111,111,111,111,111,111,111,111,111,111,111,111,111,111,111,111,111,111,111,111,111,111,111,111,111,111,111,111,111,111,111,111,111,111,111,111,111,111,111,111,111,111,111,111,111,111,111,111,111,111,111,111,111,111,111,111,111,111,111,111,111,111,111,111,111,111,111,111,111,111,111,111,111,111,111,111,111,111,111,111,111,111,111,111,111,111,111,111,111,111,111,111,111,111,111,111,111,111,111,111,111,111,111,111,111,111,111,111,111,111,111,111,111,111,111,111,111,111,111,111,111,111,111,111,111,111,111,109,6,6,6,2,6,6,6,2,6,6,6,2,6,6,6,2,6,6,6,2,6,6,6,2,6,6,6,2,6,6,6,2,6,6,6,2,6,6,6,2,6,6,6,2,6,6,6,2,6,6,6,2,6,6,6,2,6,6,6,2,6,6,6,2,6,6,6,2,6,6,6,2,6,6,6,2,6,6,6,2,6,6,6,2,6,6,6,2,6,6,6,2,6,6,6,2,6,6,6,2,6,6,6,2,6,6,6,2,6,6,6,2,6,6,6,2,6,6,6,2,6,6,6,2,6,6,6,2,6,6,6,2,6,6,6,2,6,6,6,2,6,6,6,2,6,6,6,2,6,6,6,2,6,6,6,2,6,6,6,2,6,6,6,2,6,6,6,2,6,6,6,2,6,6,6,2,6,6,6,2,6,6,6,2,6,6,6,2,6,6,6,2,6,6,6,2,6,6,6,2,6,6,6,2,6,6,6,2,6,6,6,2,6,6,6,2,6,6,6,2,6,6,6,2,6,6,6,2,6,6,6,2,6,6,6,2,6,6,6,2,6,6,6,2,6,6,6,2,6,6,6,2,6,6,6,2,6,6,6,2,6,6,6,2,6,6,6,2,6,6,6,2,6,6,6,2,6,6,6,2,6,6,6,2,6,6,6,100,79,79,79,79,79,98,95,0,0,0,0,0,0,0,0,0,0,0,0,0,0,0,0,0,0,0,0,0,0,0,0,0,0,0,0,0,0,0,0,0,0,0,0,0,0,0,0,0,0,0,36,47,47,47,47,47,47,47,47,47,47
2,6,6,6,2,6,6,6,2,6,6,6,2,6,6,6,2,6,6,6,2,6,6,6,2,6,6,6,2,6,6,6,2,6,6,6,2,6,6,6,2,6,6,6,2,6,6,6,2,6,6,6,2,6,6,6,2,6,6,6,2,6,6,6,2,6,6,6,2,6,6,6,2,6,6,6,2,6,6,6,2,6,6,6,2,6,6,6,2,6,6,100,47,111,47,111,47,111,47,98,95,0,0,0,79,0,0,0,0,0,0,0,0,0,0,0,0,0,0,0,0,0,0,0,0,52,0,0,0,0,0,0,0,79,0,0,0,126,0,0,79,0,0,0,0,79,0,0,0,32,0,0,79,0,0,0,0,0,0,0,0,0,125,0,0,0,0,0,0,0,0,0,0,0,0,0,0,0,0,0,0,0,0,0,0,0,0,0,0,0,0,0,125,0,0,0,0,126,0,0,0,125,0,0,0,0,0,0,0,0,0,0,0,0,0,0,0,0,0,0,0,0,0,0,0,191,0,0,0,0,79,0,0,0,0,0,0,0,0,0,0,0,0,0,0,0,0,0,0,0,0,0,54,0,0,0,54,0,0,0,52,0,0,0,0,0,0,0,0,0,0,0,0,0,0,0,0,0,0,0,0,0,0,0,0,52,0,0,0,79,0,0,0,0,0,0,0,0,0,0,54,0,0,0,0,0,0,0,0,179,32,178,0,0,0,0,0,0,0,0,0,0,0,0,0,0,0,0,0,0,0,0,0,0,0,0,0,0,0,0,79,0,0,0,0,0,79,0,0,0,0,0,79,0,0,0,0,0,79,0,0,0,0,0,79,0,0,0,0,0,79,0,0,0,0,0,79,0,0,0,0,0,79,0,0,0,0,0,79,0,0,0,0,0,79,0,0,0,0,0,79,0,0,0,0,0,79,0,0,0,0,0,79,0,0,0,0,0,79,0,0,0,0,0,79,0,0,0,0,0,79,0,0,0,0,0,79,0,0,0,0,0,79,0,0,0,0,0,79,0,0,0,0,0,79,0,0,0,0,0,79,0,0,0,0,0,79,0,0,0,0,0,79,0,0,0,0,0,0,0,0,0,0,0,0,0,0,0,0,146,167,166,147,0,0,0,0,0,0,0,0,0,0,0,0,160,167,166,163,0,0,0,0,0,0,0,146,147,0,0,0,0,0,0,0,0,23,23,23,23,23,23,23,0,0,0,0,0,0,0,0,0,160,163,0,0,0,0,0,0,0,0,0,0,0,0,0,152,153,147,0,0,0,0,0,0,0,0,0,146,147,0,0,0,0,0,0,146,147,0,0,0,0,0,0,160,163,0,0,0,0,0,0,146,167,104,111,103,166,147,0,0,0,0,0,0,0,0,146,167,104,103,166,147,0,0,0,0,0,0,0,0,146,147,0,0,0,0,0,0,0,0,0,0,0,0,0,0,0,0,146,167,166,147,0,0,0,0,146,147,13,13,13,13,13,23,23,13,23,23,13,23,13,23,23,23,13,23,23,23,23,13,23,13,13,13,13,23,0,0,0,0,0,0,0,0,0,0,0,0,0,0,0,0,0,0,0,0,0,0,0,0,0,0,0,0,0,0,0,0,0,0,0,0,0,0,0,0,0,0,0,0,0,0,0,0,0,0,0,0,0,0,0,52,0,0,0,0,0,0,79,0,0,0,0,0,119,120,121,0,0,0,0,0,52,0,0,0,0,0,0,0,0,53,0,122,123,124,0,0,0,0,0,0,0,0,116,117,118,0,0,0,47,0,0,0,47,0,0,116,117,118,0,122,123,124,0,119,120,121,0,0,122,123,124,0,0,0,116,117,118,79,0,0,0,0,0,0,0,0,119,120,121,0,146,167,104,99,99,99,99,99,99,99,99,99,99,99,99,99,99,99,99,99,99,99,99,99,99,99,99,99,99,99,99,99,99,99,99,99,99,99,99,99,99,99,99,99,99,99,99,99,99,99,99,99,99,99,99,99,99,99,99,99,99,99,99,99,99,99,99,99,99,99,99,99,99,99,99,99,99,99,99,99,99,99,99,99,99,99,99,99,99,99,99,99,99,99,99,99,99,99,99,99,99,99,99,99,99,99,99,99,99,99,108,111,111,111,111,111,111,111,111,111,111,111,111,111,111,111,111,111,111,111,111,111,111,111,111,111,111,111,111,111,111,111,111,111,111,111,111,111,111,111,111,111,111,111,111,111,111,111,111,111,111,111,111,111,111,111,111,111,111,111,111,111,111,111,111,111,111,111,111,111,111,111,111,111,111,111,111,111,111,111,111,111,111,111,111,111,111,111,111,111,111,111,111,111,111,111,111,111,111,111,111,111,111,111,111,111,111,111,111,111,111,111,111,111,111,111,111,111,109,6,6,6,2,6,6,6,2,6,6,6,2,6,6,6,2,6,6,6,2,6,6,6,2,6,6,6,2,6,6,6,2,6,6,6,2,6,6,6,2,6,6,6,2,6,6,6,2,6,6,6,2,6,6,6,2,6,6,6,2,6,6,6,2,6,6,6,2,6,6,6,2,6,6,6,2,6,6,6,2,6,6,6,2,6,6,6,2,6,6,6,2,6,6,6,2,6,6,6,2,6,6,6,2,6,6,6,2,6,6,6,2,6,6,6,2,6,6,6,2,6,6,6,2,6,6,6,2,6,6,6,2,6,6,6,2,6,6,6,2,6,6,6,2,6,6,6,2,6,6,6,2,6,6,6,2,6,6,6,2,6,6,6,2,6,6,6,2,6,6,6,2,6,6,6,2,6,6,6,2,6,6,6,2,6,6,6,2,6,6,6,2,6,6,6,2,6,6,6,2,6,6,6,2,6,6,6,2,6,6,6,2,6,6,6,2,6,6,6,2,6,6,6,2,6,6,6,2,6,6,6,2,6,6,6,2,6,6,6,2,6,6,6,2,6,6,6,2,6,6,6,2,6,6,6,2,6,6,6,2,6,6,6,2,6,6,6,2,6,6,6,2,6,6,6,2,6,6,6,2,6,6,6,2,6,6,6,100,79,79,79,79,79,98,95,0,0,0,0,0,0,0,0,0,0,0,0,0,0,0,0,0,0,0,0,0,0,0,0,0,0,0,0,0,0,0,0,0,0,0,0,0,0,0,0,0,0,0,36,47,47,47,47,47,47,47,47,47,47
1,5,5,5,1,5,5,5,1,5,5,5,1,5,5,5,1,5,5,5,1,5,5,5,1,5,5,5,1,5,5,5,1,5,5,5,1,5,5,5,1,5,5,5,1,5,5,5,1,5,5,5,1,5,5,5,1,5,5,5,1,5,5,5,1,5,5,5,1,5,5,5,1,5,5,5,1,5,5,5,1,5,5,5,1,5,5,5,1,5,5,100,47,111,47,111,47,111,47,98,95,0,0,0,125,0,0,0,0,0,0,0,0,0,0,0,0,0,0,0,0,52,0,0,0,79,0,0,0,0,0,0,0,79,0,0,0,32,0,0,79,0,0,0,0,125,0,0,0,126,0,0,125,0,0,0,0,0,0,0,0,0,0,0,0,0,0,0,0,0,0,0,0,0,0,0,0,0,0,0,0,0,0,0,0,0,0,0,0,0,0,0,0,0,0,0,0,32,0,0,0,0,0,0,0,0,0,0,0,0,0,0,0,0,0,0,0,0,0,0,0,0,0,0,0,0,0,0,0,0,79,0,0,0,0,0,0,0,0,0,0,0,0,0,0,0,0,0,0,0,0,0,0,0,0,0,0,0,0,0,79,0,0,0,0,0,0,0,0,0,0,0,0,0,0,0,0,0,0,0,0,0,0,0,0,79,0,0,0,79,0,0,0,0,0,0,0,0,0,0,0,0,0,0,0,0,0,0,0,0,0,0,0,0,0,0,0,0,0,0,0,0,0,0,0,0,0,0,0,0,0,0,0,0,0,0,0,0,0,0,79,0,0,0,0,0,79,0,0,0,0,0,79,0,0,0,0,0,79,0,0,0,0,0,79,0,0,0,0,0,79,0,0,0,0,0,79,0,0,0,0,0,79,0,0,0,0,0,79,0,0,0,0,0,79,0,0,0,0,0,79,0,0,0,0,0,79,0,0,0,0,0,79,0,0,0,0,0,79,0,0,0,0,0,79,0,0,0,0,0,79,0,0,0,0,0,79,0,0,0,0,0,79,0,0,0,0,0,79,0,0,0,0,0,79,0,0,0,0,0,79,0,0,0,0,0,79,0,0,0,0,0,79,0,0,0,0,0,0,0,0,0,0,0,0,0,0,0,0,0,146,147,0,0,0,0,0,0,0,156,159,0,0,0,0,0,161,162,0,0,0,0,0,0,0,0,0,0,0,0,0,0,0,0,0,0,0,0,0,0,0,0,0,0,0,0,0,0,0,0,0,0,0,0,0,0,0,0,0,0,0,0,0,0,0,0,0,0,0,0,0,0,0,0,0,0,0,0,0,0,0,0,0,0,0,0,0,0,0,0,0,0,0,0,0,0,0,0,0,0,0,0,0,0,146,167,114,166,147,0,0,0,0,144,145,0,0,0,0,146,167,166,147,0,0,0,0,144,145,0,0,0,0,0,0,0,0,0,0,0,0,0,0,0,0,0,0,0,0,0,0,146,147,0,0,0,0,0,0,0,0,0,0,0,0,0,0,0,0,0,0,0,0,0,0,0,0,0,0,0,0,0,0,0,0,0,0,0,0,0,0,0,0,0,0,0,0,0,0,0,0,0,0,0,0,0,0,0,0,0,0,0,0,0,0,0,0,0,0,0,0,0,0,0,0,0,0,0,0,0,0,116,117,118,0,0,0,0,0,0,0,0,0,0,0,0,0,0,0,0,79,0,0,0,0,0,122,123,124,0,0,116,117,118,79,0,0,0,0,37,33,33,33,38,0,0,47,0,0,0,0,0,0,0,0,0,119,120,121,0,0,0,47,0,0,0,47,0,0,119,120,121,0,0,0,0,0,122,123,124,0,0,0,0,0,0,0,0,119,120,121,79,0,0,0,0,0,0,0,0,122,123,124,0,0,152,153,35,35,35,35,35,35,35,35,35,35,35,35,35,35,35,35,35,35,35,35,35,35,35,35,35,35,35,35,35,35,35,35,35,35,35,35,35,35,35,35,35,35,35,35,35,35,35,35,35,35,35,35,35,35,35,35,35,35,35,35,35,35,35,35,35,35,35,35,35,35,35,35,35,35,35,35,35,35,35,35,35,35,35,35,35,35,35,35,35,35,35,35,35,35,35,35,35,35,35,35,35,35,35,35,35,35,167,104,99,108,111,111,111,111,111,111,111,111,111,111,111,111,111,111,111,111,111,111,111,111,111,111,111,111,111,111,111,111,111,111,111,111,111,111,111,111,111,111,111,111,111,111,111,111,111,111,111,111,111,111,111,111,111,111,111,111,111,111,111,111,111,111,111,111,111,111,111,111,111,111,111,111,111,111,111,111,111,111,111,111,111,111,111,111,111,111,111,111,111,111,111,111,111,111,111,111,111,111,111,111,111,111,111,111,111,111,111,111,111,111,111,111,111,111,111,109,5,5,5,1,5,5,5,1,5,5,5,1,5,5,5,1,5,5,5,1,5,5,5,1,5,5,5,1,5,5,5,1,5,5,5,1,5,5,5,1,5,5,5,1,5,5,5,1,5,5,5,1,5,5,5,1,5,5,5,1,5,5,5,1,5,5,5,1,5,5,5,1,5,5,5,1,5,5,5,1,5,5,5,1,5,5,5,1,5,5,5,1,5,5,5,1,5,5,5,1,5,5,5,1,5,5,5,1,5,5,5,1,5,5,5,1,5,5,5,1,5,5,5,1,5,5,5,1,5,5,5,1,5,5,5,1,5,5,5,1,5,5,5,1,5,5,5,1,5,5,5,1,5,5,5,1,5,5,5,1,5,5,5,1,5,5,5,1,5,5,5,1,5,5,5,1,5,5,5,1,5,5,5,1,5,5,5,1,5,5,5,1,5,5,5,1,5,5,5,1,5,5,5,1,5,5,5,1,5,5,5,1,5,5,5,1,5,5,5,1,5,5,5,1,5,5,5,1,5,5,5,1,5,5,5,1,5,5,5,1,5,5,5,1,5,5,5,1,5,5,5,1,5,5,5,1,5,5,5,1,5,5,5,1,5,5,5,1,5,5,5,1,5,5,5,1,5,5,5,1,5,5,5,1,5,5,5,100,79,79,79,79,79,98,95,0,0,0,0,0,0,0,0,0,0,0,0,0,0,0,0,0,0,0,0,0,0,0,0,0,0,0,0,0,0,0,0,0,0,0,0,0,0,0,0,0,0,0,36,47,47,47,47,47,47,47,47,47,47
0,0,0,0,0,0,0,0,0,0,0,0,30,55,36,47,79,47,47,35,35,36,79,79,47,79,79,79,68,47,120,47,66,120,34,99,99,111,111,111,111,111,99,99,36,120,68,47,79,120,79,47,66,47,120,47,120,109,120,47,120,47,120,37,114,99,111,111,111,111,111,99,114,25,3,100,47,98,3,25,0,3,68,120,79,120,66,3,0,25,3,100,47,111,47,111,47,111,47,98,95,0,0,0,0,0,0,0,0,0,0,0,0,0,0,0,0,52,0,0,0,79,0,0,0,79,0,0,0,0,0,0,0,125,0,0,0,126,0,0,125,0,0,0,0,0,0,0,177,32,176,0,0,0,0,0,0,0,0,0,0,0,0,0,0,0,0,0,0,0,0,53,0,0,0,0,0,0,0,0,0,0,0,0,0,0,53,0,0,0,0,0,0,0,0,0,0,126,0,0,0,0,0,0,0,0,0,0,0,0,0,0,0,0,0,0,0,0,0,0,0,0,0,0,0,0,53,0,0,0,52,0,0,0,0,0,0,0,0,0,0,0,0,0,0,0,0,0,0,0,0,0,0,0,0,0,0,0,0,0,79,0,0,0,0,0,0,0,0,0,0,0,0,0,0,0,0,0,0,0,0,0,0,0,0,79,0,0,0,52,0,0,0,0,0,79,0,0,0,0,0,0,0,0,0,0,0,0,0,0,0,0,0,0,0,0,0,0,0,0,0,0,0,0,0,53,0,0,0,52,0,0,0,0,0,0,0,0,0,0,79,0,0,0,0,0,79,0,0,0,0,0,79,0,0,0,0,0,79,0,0,0,0,0,79,0,0,0,0,0,79,0,0,0,0,0,79,0,0,0,0,0,79,0,0,0,0,0,79,0,0,0,0,0,79,0,0,0,0,0,79,0,0,0,0,0,79,0,0,0,0,0,79,0,0,0,0,0,79,0,0,0,0,0,79,0,0,0,0,0,79,0,0,0,0,0,79,0,0,0,0,0,79,0,0,0,0,0,79,0,0,0,0,0,79,0,0,0,0,0,79,0,0,0,0,0,79,0,0,0,0,0,79,0,0,0,0,0,0,0,0,0,0,0,0,0,0,0,0,0,0,0,0,0,0,0,0,0,0,157,158,0,0,0,0,0,160,163,0,0,0,0,0,0,0,0,0,0,0,0,0,0,0,0,0,0,0,0,0,0,0,0,0,0,0,0,0,0,0,0,0,0,0,0,0,0,0,0,0,0,0,144,150,151,0,0,0,0,0,0,0,0,0,0,0,0,0,0,0,0,0,0,0,0,0,0,0,0,0,0,0,0,0,0,0,0,0,0,0,0,0,0,0,0,0,146,35,147,0,0,0,0,144,164,165,145,0,0,0,0,146,147,0,0,0,0,144,164,165,145,0,0,0,0,0,0,0,0,0,0,144,145,0,0,0,0,144,145,0,0,0,0,0,0,0,0,0,0,0,0,0,0,0,0,0,0,0,0,0,0,0,0,0,0,0,0,0,0,0,0,0,0,0,0,0,0,0,0,0,0,0,0,0,0,0,0,0,0,0,0,0,0,0,0,0,0,0,0,0,0,0,0,0,0,0,0,0,0,0,0,0,0,0,0,0,0,0,0,0,53,0,119,120,121,0,0,0,0,0,116,117,118,0,0,0,0,0,0,0,0,79,0,0,0,0,0,0,0,0,0,0,119,120,121,79,0,0,0,0,152,153,35,154,155,0,0,47,0,0,0,0,0,0,0,0,0,122,123,124,0,0,116,117,118,0,0,47,0,0,122,123,124,0,0,0,0,0,0,0,0,0,0,0,0,0,0,53,0,122,123,124,79,0,0,0,0,0,0,0,0,0,0,0,0,0,0,0,23,119,120,121,23,127,23,23,119,120,121,119,120,121,23,127,23,23,23,23,119,120,121,23,23,127,23,23,119,120,121,23,119,120,121,23,23,23,127,23,23,127,23,23,23,119,120,121,23,127,23,119,120,121,23,23,23,127,23,23,23,119,120,121,23,119,120,121,23,23,119,120,121,23,127,23,23,127,23,119,120,121,23,23,23,23,127,23,23,127,23,23,119,120,121,23,127,23,23,119,120,121,23,23,23,127,152,153,167,104,99,99,99,99,99,99,99,99,99,108,99,99,99,99,99,108,111,111,111,111,111,107,99,99,99,99,99,108,99,99,99,99,99,99,99,99,99,99,99,108,99,99,99,99,99,99,108,111,111,107,99,99,99,99,99,99,99,99,99,99,99,99,99,99,99,99,99,99,108,111,111,107,99,99,99,99,99,99,99,99,99,99,99,99,99,99,99,99,99,99,99,99,99,99,99,99,99,99,99,99,99,99,99,99,99,99,99,99,99,99,99,99,99,99,99,109,111,111,111,111,111,111,68,75,67,71,55,30,13,13,23,13,13,23,13,193,72,67,71,55,30,193,72,36,211,34,67,71,55,30,13,23,13,13,23,13,193,72,36,211,34,67,71,55,30,23,13,13,23,30,55,72,71,111,111,68,79,36,47,47,34,111,111,68,66,111,111,72,71,111,111,72,76,66,111,111,111,68,66,111,111,111,68,66,111,111,68,79,79,36,47,34,111,111,68,66,111,111,68,66,111,111,68,66,111,111,40,35,35,35,68,79,36,100,99,103,166,154,155,0,0,0,0,0,0,0,30,55,40,35,100,211,211,98,35,39,55,30,13,13,13,13,13,13,30,55,40,35,100,211,68,66,211,98,35,39,55,30,13,13,13,13,13,13,30,55,40,35,100,211,107,99,99,99,99,99,103,43,35,35,35,35,35,35,44,35,35,35,35,35,44,109,43,35,35,35,35,44,109,43,35,35,35,35,35,35,35,35,35,35,35,35,35,35,35,35,35,35,35,35,35,35,35,44,35,35,35,167,104,68,79,68,79,45,25,25,45,79,66,79,66,126,66,67,71,55,30,13,13,146,167,104,108,111,111,111,111,107,103,166,147,13,13,30,55,72,67,68,126,36,34,126,66,45,3,3,45,68,126,36,34,126,66,100,79,79,79,79,79,98,95,0,0,0,0,0,0,0,0,0,0,0,0,0,0,0,0,0,0,0,0,0,0,0,0,0,0,0,0,0,0,0,0,0,0,0,0,0,0,0,0,0,0,0,36,47,47,47,47,47,47,47,47,47,47
0,0,0,0,0,0,0,0,0,0,0,0,0,0,23,23,23,23,23,30,55,36,47,47,47,47,35,35,68,47,47,47,66,35,39,55,30,23,23,23,23,23,30,55,40,35,68,47,79,79,79,47,66,120,47,120,47,109,47,120,47,37,46,39,55,30,23,23,23,23,23,30,55,3,0,100,120,98,0,3,55,30,23,23,23,23,23,30,55,3,0,100,47,111,47,111,47,111,47,98,95,0,0,0,0,0,0,0,0,0,0,0,0,0,53,0,0,79,0,0,0,79,0,0,0,79,0,0,0,0,0,0,0,0,0,0,177,32,176,0,0,0,0,0,0,0,0,0,0,54,0,0,0,0,0,0,0,52,0,0,0,0,0,0,0,0,0,53,0,0,169,32,168,0,0,0,0,0,0,0,0,0,53,0,0,169,32,168,0,0,0,0,0,0,0,0,177,32,176,0,0,0,0,0,0,0,0,53,0,0,0,52,0,0,0,0,0,0,0,0,0,0,0,0,0,169,32,168,0,0,0,0,0,0,173,0,0,0,0,0,0,0,0,0,0,0,0,0,0,0,0,0,0,0,53,0,0,0,0,0,79,0,0,0,0,0,0,0,0,0,0,0,0,0,0,0,0,0,0,0,0,0,0,0,0,79,0,0,0,0,0,0,0,0,0,79,0,0,53,0,0,0,53,0,0,0,0,0,0,0,0,0,0,0,0,0,177,32,176,0,0,53,0,0,177,32,176,0,0,79,0,0,0,0,0,0,0,0,0,0,79,0,0,0,0,0,79,0,0,0,0,0,79,0,0,0,0,0,79,0,0,0,0,0,79,0,0,0,0,0,79,0,0,0,0,0,79,0,0,0,0,0,79,0,0,0,0,0,79,0,0,0,0,0,79,0,0,0,0,0,79,0,0,0,0,0,79,0,0,0,0,0,79,0,0,0,0,0,79,0,0,0,0,0,79,0,0,0,0,0,79,0,0,0,0,0,79,0,0,0,0,0,79,0,0,0,0,0,79,0,0,0,0,0,79,0,0,0,0,0,79,0,0,0,0,0,79,0,0,0,0,0,79,0,0,0,144,159,0,0,0,0,0,0,0,144,145,0,0,0,0,0,0,0,0,0,0,0,156,164,165,159,0,0,0,0,0,0,0,0,0,0,144,145,0,0,0,0,0,0,0,0,0,0,0,0,24,24,24,24,24,24,24,0,0,0,0,0,0,0,156,159,0,0,0,0,0,0,0,0,144,164,112,165,150,151,0,0,0,0,0,0,0,0,0,144,145,0,0,0,0,0,0,144,145,0,0,0,0,0,0,0,0,156,159,0,0,0,0,0,144,145,0,0,0,0,0,0,0,0,0,144,164,101,102,165,145,0,0,0,0,0,0,0,0,144,164,101,102,165,145,0,0,0,0,144,145,0,0,144,164,165,145,0,0,144,164,165,145,0,0,0,0,0,0,144,145,0,0,0,0,24,24,24,12,12,24,12,24,12,24,12,12,12,24,12,12,12,24,24,24,12,24,12,12,24,24,24,0,0,0,0,0,0,0,0,0,0,0,0,0,0,0,0,0,0,0,0,0,0,0,0,0,0,0,53,0,0,0,0,0,0,0,0,0,37,33,33,33,38,0,122,123,124,0,0,0,0,0,119,120,121,0,0,0,0,0,0,0,0,52,0,0,0,0,0,0,0,0,53,0,122,123,124,79,0,0,116,117,118,0,126,0,0,0,0,47,0,0,0,52,0,0,0,0,0,0,0,0,0,0,119,120,121,0,116,117,118,0,0,0,0,0,0,0,0,0,0,0,0,0,0,37,33,33,33,38,0,0,47,0,79,0,0,116,117,118,0,0,0,0,0,0,0,0,0,0,0,122,123,124,0,4,0,0,122,123,124,122,123,124,0,4,0,0,116,117,111,123,124,0,0,4,0,0,122,123,124,0,122,123,124,0,0,0,4,0,0,4,0,127,0,122,123,124,0,4,0,122,123,124,0,0,0,4,116,117,118,122,123,124,0,122,123,124,127,0,122,123,124,0,4,0,0,4,0,122,123,124,116,117,118,0,4,0,0,4,0,0,122,123,124,0,4,0,0,122,123,111,117,118,0,4,0,0,152,153,35,35,35,35,35,35,35,35,44,114,43,35,35,35,44,100,111,111,111,111,111,98,43,35,35,35,44,114,43,35,35,35,35,35,35,35,35,35,44,114,43,35,35,35,35,44,100,111,111,98,43,35,35,35,35,35,35,35,35,35,35,35,35,35,35,35,35,44,104,99,99,98,43,35,35,35,44,35,35,44,35,35,44,43,35,35,35,35,35,35,35,35,44,43,35,35,44,43,35,35,35,44,35,35,44,35,35,44,43,35,35,35,35,35,35,109,111,111,111,111,111,111,72,71,55,30,0,0,0,0,0,0,0,0,0,0,27,55,30,0,0,0,193,40,35,39,55,30,0,0,0,0,0,0,0,0,0,193,40,35,39,55,30,0,0,0,0,0,0,0,0,30,55,111,111,72,67,36,211,211,34,111,111,72,71,111,111,55,30,13,23,193,72,66,111,111,111,68,66,111,111,111,72,71,111,111,72,76,79,36,47,34,111,111,68,66,111,111,68,66,111,111,72,71,111,111,55,30,30,55,72,67,36,114,166,154,155,0,0,0,0,0,0,0,0,0,0,0,30,55,104,99,99,103,55,30,0,0,0,0,0,0,0,0,0,0,30,55,104,99,68,66,99,103,55,30,0,0,0,0,0,0,0,0,0,0,30,55,104,99,103,166,35,35,35,35,35,39,13,13,79,13,13,13,45,13,13,13,13,13,36,109,34,13,13,13,13,36,114,34,13,13,13,13,79,13,13,13,13,47,13,13,13,79,13,13,13,13,47,13,13,13,13,45,13,13,13,146,167,68,126,68,79,45,25,25,45,79,66,126,66,67,71,55,30,0,0,0,0,0,146,167,104,108,111,111,107,103,166,147,0,0,0,0,0,30,55,72,67,36,34,67,71,55,30,30,55,72,67,36,34,67,71,104,99,99,99,99,99,103,95,0,0,0,0,0,0,0,0,0,0,0,0,0,0,0,0,0,0,0,0,0,0,0,0,0,0,0,0,0,0,0,0,0,0,0,0,0,0,0,0,0,0,0,36,47,47,47,47,47,47,47,47,47,47
0,0,0,0,0,0,0,0,0,0,0,0,0,0,0,0,0,0,0,0,0,23,23,23,23,23,30,55,68,79,79,79,66,55,30,0,0,0,0,0,0,0,0,0,30,55,68,47,47,47,47,47,66,46,46,38,120,109,120,37,46,39,55,30,0,0,0,0,0,0,0,0,0,30,55,100,47,98,55,30,0,0,0,0,0,0,0,0,0,30,55,104,99,99,99,99,99,99,99,103,95,0,0,0,0,0,0,0,0,0,53,0,0,169,32,168,0,79,0,0,0,79,0,0,0,79,0,0,0,0,0,0,0,0,0,0,0,54,0,0,0,0,0,0,0,0,0,0,0,0,0,0,0,0,0,0,0,79,0,0,0,0,0,0,0,0,169,32,168,0,0,126,0,8,9,0,0,0,0,0,0,169,32,168,0,0,126,0,8,9,0,0,0,0,0,0,0,0,0,0,0,0,0,53,0,0,169,32,168,0,0,79,0,0,0,0,0,0,0,0,0,0,0,0,0,0,126,0,0,0,0,0,0,0,37,46,46,46,38,0,0,0,0,0,0,0,0,79,0,0,0,0,0,177,32,176,0,0,0,0,79,0,0,0,0,0,0,0,48,102,0,0,0,0,0,0,79,0,0,0,0,0,0,0,0,79,0,0,0,0,0,0,0,0,0,79,0,177,32,176,0,177,32,176,0,0,0,0,79,0,0,0,0,0,0,0,0,126,0,0,177,32,176,0,0,126,0,0,0,79,0,0,0,0,0,0,0,0,0,0,79,0,48,0,0,0,79,0,0,0,0,0,79,0,0,0,0,0,48,0,0,0,0,0,79,0,48,0,0,0,79,0,0,0,0,0,79,0,48,0,0,0,79,0,0,0,0,0,79,0,0,0,0,0,48,0,0,0,0,0,79,0,48,0,0,0,79,0,0,0,0,0,79,0,48,0,0,0,79,0,0,0,0,0,79,0,0,0,0,0,48,0,0,0,0,0,79,0,48,0,0,0,79,0,0,0,0,0,79,0,48,0,0,0,79,0,0,0,0,0,79,0,0,0,0,0,48,0,0,0,0,0,79,0,0,144,164,158,0,0,0,0,0,0,144,164,165,145,0,0,0,0,0,0,0,0,0,0,157,101,102,158,0,0,0,0,0,0,0,0,0,144,164,165,145,0,0,0,0,0,0,0,0,0,0,144,33,33,33,33,33,33,33,145,0,0,0,0,0,0,157,158,0,0,0,0,0,0,0,144,164,101,106,97,102,165,150,151,0,0,0,0,0,0,144,164,165,145,0,0,0,0,144,164,165,145,0,0,0,0,0,0,0,157,158,0,0,0,0,144,164,165,145,0,0,0,0,0,0,0,144,164,101,105,106,102,165,145,0,0,0,0,0,0,144,164,101,105,106,102,165,145,0,0,144,164,165,145,144,164,101,102,165,145,144,164,101,102,165,145,0,0,0,0,144,164,165,145,0,0,144,33,33,33,33,33,33,33,33,33,33,33,33,33,33,33,33,33,33,33,33,33,33,33,33,33,33,33,159,0,0,0,0,0,0,0,0,0,0,0,0,0,0,156,33,33,33,33,33,33,33,33,33,33,33,38,0,116,117,118,0,52,0,0,0,152,153,35,154,155,0,0,47,0,0,0,52,0,0,122,123,124,0,0,0,116,117,118,0,0,0,0,0,0,0,37,33,33,33,38,0,0,47,0,79,0,0,119,120,121,0,32,0,0,0,0,47,0,0,0,79,0,116,117,118,0,0,0,0,0,0,122,123,124,0,119,120,121,0,0,0,0,0,0,0,0,0,0,0,0,0,0,152,153,35,154,155,0,0,47,0,79,0,0,119,120,121,0,0,0,0,0,0,0,0,0,0,0,0,0,0,0,0,0,0,0,0,0,0,0,0,0,0,0,0,119,120,121,0,0,0,0,0,0,0,0,0,0,0,0,0,0,0,125,0,0,0,0,0,0,4,0,0,0,0,0,0,0,0,0,0,0,0,0,0,119,120,121,0,0,0,0,0,0,0,4,0,0,0,0,0,0,0,0,0,0,0,0,0,119,120,121,0,0,0,0,0,0,0,0,0,0,0,0,0,0,0,0,119,120,121,0,0,0,0,0,0,13,23,23,13,13,13,13,23,40,35,39,13,23,13,36,104,99,99,99,99,99,103,34,13,13,23,40,35,39,23,13,23,23,13,23,23,13,23,40,35,39,13,13,13,13,36,104,99,99,103,34,23,23,13,13,13,23,23,0,0,0,0,0,0,0,0,0,40,35,35,44,114,34,23,13,13,45,13,23,50,13,13,36,34,23,13,13,13,23,13,23,23,40,39,13,23,36,34,13,13,13,50,13,23,45,23,13,40,39,13,13,23,23,23,13,109,111,111,111,111,111,111,55,30,0,0,0,0,0,0,0,0,0,0,0,0,0,0,0,0,0,0,0,27,55,30,0,0,0,0,0,0,0,0,0,0,0,0,27,55,30,0,0,0,0,0,0,0,0,0,0,0,0,23,13,30,55,40,35,35,39,111,111,55,30,13,13,0,0,0,0,0,193,82,111,111,111,72,71,111,111,111,55,30,23,13,193,72,76,36,47,34,111,111,68,66,111,111,72,71,111,111,55,30,13,23,0,0,0,0,30,55,40,154,155,0,0,0,0,0,24,24,0,0,0,0,0,0,0,0,30,55,55,30,0,0,0,0,0,0,0,0,0,0,0,0,0,0,30,55,72,71,55,30,0,0,0,0,0,0,0,0,0,0,0,0,0,0,30,146,154,155,0,0,0,0,0,54,0,0,79,0,0,0,50,0,0,0,0,0,36,114,34,0,0,0,0,40,35,39,0,0,52,0,79,0,0,0,0,47,0,0,0,79,0,0,0,0,47,0,0,0,0,50,0,0,0,0,146,72,67,68,126,45,25,25,45,126,66,67,71,55,30,0,0,0,0,0,0,0,0,146,167,104,108,107,103,166,147,0,0,0,0,0,0,0,0,30,55,36,34,55,30,0,0,0,0,30,55,36,34,55,30,23,23,23,23,23,23,23,0,0,0,0,0,0,115,97,113,112,112,97,102,101,102,112,101,101,113,0,112,0,112,101,102,101,113,101,113,101,102,101,145,112,112,102,101,97,102,0,0,0,0,0,36,47,47,47,47,47,47,47,47,47,47
0,0,0,0,0,0,0,0,0,0,0,0,0,0,0,0,0,0,0,0,0,0,0,0,0,0,0,0,23,23,23,23,23,0,0,0,0,0,0,0,0,0,0,0,0,0,23,23,23,23,23,23,23,30,55,40,46,109,46,39,55,30,0,0,0,0,0,0,0,0,0,0,0,0,0,23,23,23,0,0,0,0,0,0,0,0,0,0,0,0,0,23,23,23,23,23,23,23,23,23,0,0,0,0,0,0,52,0,0,169,32,168,0,0,126,0,0,79,0,0,0,79,0,0,0,79,0,0,0,0,0,0,0,0,0,0,0,0,0,0,0,0,0,0,0,0,0,0,0,0,0,0,0,0,52,0,0,79,0,0,169,32,168,0,0,0,0,126,0,0,0,32,0,10,11,169,32,168,0,0,0,0,126,0,0,0,32,0,10,11,169,32,168,0,0,0,169,32,168,0,0,0,169,32,168,0,0,126,0,0,0,79,0,116,117,118,0,0,0,0,24,24,12,24,12,24,32,12,24,12,12,24,12,12,45,6,6,6,45,24,12,12,24,12,24,12,24,79,12,12,24,12,12,12,126,12,24,12,12,12,79,12,24,12,12,24,24,12,45,98,12,24,24,12,12,12,79,24,24,12,24,12,12,12,24,79,12,12,24,24,24,12,24,24,24,79,12,24,126,24,12,12,126,12,24,12,12,12,79,12,24,24,12,12,24,12,24,32,12,24,12,126,12,12,12,32,24,12,24,79,12,12,12,0,0,0,0,0,48,0,79,0,45,0,0,0,79,0,0,0,48,0,79,0,0,0,0,0,45,0,0,0,48,0,79,0,45,0,0,0,79,0,0,0,48,0,79,0,45,0,0,0,79,0,0,0,48,0,79,0,0,0,0,0,45,0,0,0,48,0,79,0,45,0,0,0,79,0,0,0,48,0,79,0,45,0,0,0,79,0,0,0,48,0,79,0,0,0,0,0,45,0,0,0,48,0,79,0,45,0,0,0,79,0,0,0,48,0,79,0,45,0,0,0,79,0,0,0,48,0,79,0,0,0,0,0,45,0,0,0,48,0,79,0,144,164,112,165,159,0,0,0,0,144,164,101,102,165,145,0,0,0,0,0,0,0,0,156,164,100,98,165,159,0,0,0,0,0,0,0,144,164,101,102,165,145,0,0,0,0,0,0,0,0,144,164,101,97,97,97,97,97,102,165,145,0,0,0,0,156,164,165,159,0,0,0,0,0,144,164,101,105,111,111,106,113,166,147,0,0,0,0,0,144,164,101,102,165,145,0,0,144,164,101,102,165,145,0,0,0,0,0,156,164,165,159,0,0,144,164,101,102,165,145,0,0,0,0,0,144,164,101,105,111,111,106,102,165,145,0,0,0,0,144,164,101,105,111,111,106,102,165,145,144,164,101,102,165,164,101,105,106,102,165,164,101,105,106,102,165,145,0,0,144,164,101,102,165,145,144,164,101,97,97,97,97,97,97,97,97,97,97,97,97,97,97,97,97,97,97,97,97,97,97,97,97,97,102,158,24,12,12,12,12,24,12,12,24,24,12,12,12,24,157,101,97,97,97,97,97,97,97,97,97,102,34,0,119,120,121,0,79,0,116,117,118,0,126,0,0,0,0,47,0,0,0,79,0,0,0,47,0,0,0,0,119,120,121,0,0,0,0,116,117,118,152,153,35,154,155,0,0,47,0,79,0,0,122,123,124,0,126,0,0,0,0,47,0,0,0,79,0,119,120,121,0,0,0,0,0,0,0,0,0,0,122,123,124,0,0,0,0,0,0,0,37,33,33,33,38,0,0,0,0,126,0,0,0,0,47,0,79,0,0,122,123,124,0,0,0,0,0,0,0,0,0,0,0,0,0,0,0,0,0,0,0,0,0,0,0,0,0,0,0,0,122,123,124,0,0,0,0,0,0,0,0,0,0,0,0,0,0,0,0,0,0,0,0,0,0,0,0,0,0,0,0,0,0,0,0,0,0,0,0,0,122,123,124,0,0,0,0,0,0,0,0,0,0,0,0,0,0,0,0,0,0,0,0,0,122,123,124,0,0,0,0,0,0,0,0,0,0,0,0,0,0,0,0,122,123,124,0,0,0,0,0,0,0,0,0,0,0,0,0,0,0,0,0,0,0,0,40,35,35,35,35,35,35,35,39,0,0,0,0,0,0,0,0,0,0,0,0,0,0,0,0,0,0,0,0,0,0,40,35,35,35,35,39,0,0,0,0,0,0,0,0,0,0,0,0,0,0,0,0,0,0,0,40,35,39,0,0,0,50,0,0,0,0,0,40,39,0,0,0,52,0,0,0,0,0,0,0,0,40,39,0,0,0,0,0,0,50,0,0,0,54,0,0,0,52,0,0,114,23,23,13,13,23,23,0,0,0,0,0,0,0,0,0,0,0,0,0,0,0,0,0,0,0,0,0,0,0,0,0,0,0,0,0,0,0,0,0,0,0,0,0,0,0,0,0,0,0,0,0,0,0,0,0,0,0,0,0,0,0,30,55,55,30,13,13,0,0,0,0,0,0,0,0,0,0,193,111,111,111,55,30,23,13,13,0,0,0,0,0,193,72,36,211,34,111,111,72,71,111,111,55,30,13,13,0,0,0,0,0,0,0,0,0,0,0,0,0,0,0,0,18,199,111,111,199,18,0,0,0,0,0,0,0,0,0,0,0,0,0,0,0,0,24,24,0,0,0,0,0,0,0,0,23,23,0,0,0,0,0,0,0,0,24,24,0,0,0,0,0,0,0,0,0,0,0,0,0,0,0,0,0,0,52,0,0,0,54,0,0,0,0,0,40,35,39,0,0,0,0,0,0,54,0,0,0,0,52,0,0,0,0,47,0,0,0,79,0,0,0,0,47,0,0,0,0,54,0,0,0,0,0,30,55,72,67,45,25,25,45,67,71,55,30,0,0,0,0,0,0,0,0,0,0,0,146,167,104,103,166,147,0,0,0,0,0,0,0,0,0,0,0,146,147,0,0,0,0,0,0,0,0,146,147,0,0,0,0,0,0,0,0,0,0,0,0,0,0,0,0,109,0,100,98,106,98,109,109,100,98,100,98,0,114,0,109,109,109,100,98,100,98,109,109,109,98,109,109,98,109,111,109,0,0,0,0,0,36,47,47,47,47,47,47,47,47,47,47
0,0,0,0,0,0,0,0,0,0,0,0,0,0,0,0,0,0,0,0,0,0,0,0,0,0,0,0,0,0,0,0,0,0,0,0,0,148,149,33,150,151,0,0,0,0,0,0,0,0,0,0,0,0,0,30,55,109,55,30,0,0,0,0,0,0,0,0,24,0,0,0,0,0,0,0,0,0,0,0,0,0,148,149,33,150,151,0,0,0,0,0,0,0,0,0,0,0,0,0,0,0,0,0,0,0,79,0,0,0,126,0,0,0,32,0,0,79,0,0,0,79,0,0,0,79,0,0,0,0,0,0,0,0,0,0,0,0,0,0,0,0,0,0,0,0,0,0,0,0,0,0,0,0,79,0,0,79,0,0,0,126,0,169,32,168,0,32,0,0,0,126,0,79,0,0,126,0,169,32,168,0,32,0,0,0,126,0,79,0,0,126,0,0,0,0,0,126,0,0,0,0,0,126,0,0,0,32,0,0,0,79,0,119,120,121,0,0,0,0,37,46,46,46,46,46,46,46,46,46,46,46,46,46,45,6,6,6,45,46,46,46,46,46,46,46,46,46,46,46,46,46,46,46,46,46,46,46,46,46,46,46,46,46,46,46,46,46,46,46,46,46,46,46,46,46,46,46,46,46,46,46,46,46,46,46,46,46,46,46,46,46,46,46,46,46,46,46,46,46,46,46,46,46,46,46,46,46,46,46,46,46,46,46,46,46,46,46,46,46,46,46,46,46,46,46,46,46,46,46,46,46,46,150,151,12,12,12,45,12,79,12,45,12,12,12,48,12,12,12,45,12,79,12,48,12,12,12,45,12,12,12,45,12,79,12,45,12,12,12,48,12,12,12,45,12,79,12,45,12,12,12,48,12,12,12,45,12,79,12,48,12,12,12,45,12,12,12,45,12,79,12,45,12,12,12,48,12,12,12,45,12,79,12,45,12,12,12,48,12,12,12,45,12,79,12,48,12,12,12,45,12,12,12,45,12,79,12,45,12,12,12,48,12,12,12,45,12,79,12,45,12,12,12,48,12,12,12,45,12,79,12,48,12,12,12,45,12,12,12,45,12,79,144,164,101,111,102,158,12,12,12,144,164,101,105,106,102,165,145,24,24,12,24,12,12,12,157,101,105,106,102,158,24,12,12,24,12,24,144,164,101,105,106,102,165,145,12,24,12,12,12,12,144,164,101,105,111,111,111,111,111,106,102,165,145,12,12,24,157,101,102,158,12,12,24,12,144,164,101,105,111,111,111,98,166,147,24,12,24,12,12,144,164,101,105,106,102,165,145,144,164,101,105,106,102,165,145,12,24,24,12,157,101,102,158,12,144,164,101,105,106,102,165,145,24,12,12,144,164,101,105,111,111,111,111,106,102,165,145,12,12,144,164,101,105,111,111,111,111,106,102,165,164,101,105,106,97,97,105,111,111,106,97,97,105,111,111,106,102,165,145,144,164,101,105,106,102,165,164,101,105,111,111,111,111,111,111,111,111,111,111,111,111,111,111,111,111,111,111,111,111,111,111,111,111,111,98,165,33,33,33,33,33,33,33,33,33,33,33,33,33,33,164,100,111,111,111,111,111,111,111,111,111,98,34,0,122,123,124,0,79,0,119,120,121,0,32,0,0,0,0,47,0,0,0,79,0,0,0,47,0,0,0,0,122,123,124,0,0,0,0,119,120,121,0,0,126,0,0,0,0,47,0,79,0,0,0,47,0,0,32,0,0,0,0,47,0,0,0,79,0,122,123,124,0,0,0,0,0,0,0,0,0,0,0,0,0,0,0,0,0,0,0,0,152,153,35,154,155,116,117,118,0,32,0,0,0,0,47,0,79,0,0,0,47,0,0,0,0,0,0,0,0,0,0,0,0,0,0,0,0,0,0,0,0,0,0,0,0,0,0,0,0,0,0,0,0,0,0,0,0,116,117,118,0,0,0,0,0,0,0,0,0,0,0,0,0,0,0,0,0,0,0,0,0,0,0,0,0,0,0,0,0,0,0,0,0,0,0,0,0,0,0,0,0,0,0,0,0,0,0,116,117,118,0,0,0,0,0,0,0,0,0,0,0,0,0,0,0,0,0,0,116,117,118,0,0,0,0,0,0,0,0,0,0,0,0,0,0,0,0,0,0,0,0,0,0,0,0,0,0,0,0,0,0,0,0,0,0,0,0,0,0,0,0,0,0,0,0,0,0,0,0,0,0,0,0,0,0,0,0,0,0,0,0,0,0,0,0,0,0,0,0,0,0,0,0,0,0,0,0,0,0,0,0,0,0,0,54,0,0,0,0,0,0,0,0,0,0,54,0,0,0,0,0,0,0,0,0,0,0,0,0,54,0,0,0,0,0,0,0,0,0,0,0,0,0,0,0,0,0,0,0,0,0,0,0,0,0,0,0,0,0,0,0,0,18,199,17,0,0,0,0,0,0,0,0,0,0,0,0,0,0,0,0,0,0,0,0,0,0,0,0,0,0,0,0,0,0,0,0,0,18,199,17,0,0,0,0,0,0,0,0,0,0,0,0,0,0,0,0,0,0,0,0,0,0,0,0,0,13,13,23,0,0,0,0,0,0,0,0,0,0,0,193,40,35,39,111,111,55,30,13,23,0,0,0,0,0,0,0,0,0,0,0,0,0,0,0,0,0,0,18,199,25,183,111,111,182,25,199,18,0,0,0,0,0,0,0,0,0,0,0,0,18,199,111,111,199,18,0,0,0,0,0,0,0,0,0,0,0,0,0,0,18,199,111,111,199,18,0,0,0,0,0,0,0,0,0,0,0,0,0,0,0,0,0,0,0,0,0,0,0,0,0,0,0,0,0,0,0,0,0,0,0,0,0,0,0,0,0,0,52,0,0,47,0,0,0,52,0,0,0,0,47,0,0,0,0,0,0,0,0,0,0,0,0,30,55,50,25,25,50,55,30,0,0,0,0,0,0,0,18,199,17,0,0,0,0,146,167,166,147,0,0,0,0,17,199,18,0,0,0,0,0,0,0,0,0,0,0,0,0,0,0,0,0,0,0,0,0,0,0,0,0,0,0,0,0,0,0,0,0,114,0,114,114,103,114,114,114,114,104,115,103,0,114,0,114,114,114,115,103,104,113,114,114,104,103,114,104,103,114,99,114,0,0,0,0,0,36,47,47,47,47,47,47,47,47,47,47
0,0,0,0,0,0,0,0,0,0,0,0,0,0,0,0,0,0,0,0,0,0,0,0,0,0,0,0,0,0,0,0,0,0,0,0,0,152,153,35,154,155,0,0,0,0,0,0,0,0,0,0,0,0,0,0,0,23,0,0,0,0,0,0,0,0,18,199,109,199,18,0,0,0,0,0,0,0,0,0,0,0,152,153,35,154,155,0,0,0,0,0,0,0,0,0,0,0,0,0,0,0,0,52,0,0,79,0,0,0,32,0,0,0,126,0,0,79,0,0,0,79,0,0,0,79,0,0,0,0,0,0,0,0,0,0,0,0,0,0,0,0,0,0,0,0,0,0,0,0,0,52,0,0,79,0,0,79,0,0,0,32,0,0,126,0,0,126,0,0,0,32,0,0,79,0,32,0,0,126,0,0,126,0,0,0,32,0,0,79,0,32,0,0,52,0,0,32,0,0,52,0,0,32,0,0,0,126,0,0,0,79,0,122,123,124,0,0,0,0,45,6,6,6,6,6,6,6,6,6,6,6,6,6,45,6,6,6,45,6,6,6,6,6,6,6,6,6,6,6,6,6,6,6,6,6,6,6,6,6,6,6,6,6,6,6,6,6,6,6,6,6,6,6,6,6,6,6,6,6,6,6,6,6,6,6,6,6,6,6,6,6,6,6,6,6,6,6,6,6,6,6,6,6,6,6,6,6,6,6,6,6,6,6,6,6,6,6,6,6,6,6,6,6,6,6,6,6,6,6,6,6,6,146,34,137,136,137,137,137,136,137,137,137,136,137,137,137,136,137,137,137,136,137,137,137,136,137,137,137,136,137,137,137,136,137,137,137,136,137,137,137,136,137,137,137,136,137,137,137,136,137,137,137,136,137,137,137,136,137,137,137,136,137,137,137,136,137,137,137,136,137,137,137,136,137,137,137,136,137,137,137,136,137,137,137,136,137,137,137,136,137,137,137,136,137,137,137,136,137,137,137,136,137,137,137,136,137,137,137,136,137,137,137,136,137,137,137,136,137,137,137,136,137,137,137,136,137,137,137,136,137,137,137,136,137,137,137,136,137,137,137,136,137,137,137,136,137,137,137,136,137,137,137,136,137,137,137,136,137,137,137,136,137,137,137,136,137,137,137,136,137,137,137,136,137,137,137,136,137,137,137,136,137,137,137,136,137,137,137,136,137,137,137,136,137,137,137,136,137,137,137,136,137,137,137,136,137,137,137,136,137,137,137,136,137,137,137,136,137,137,137,136,137,137,137,136,137,137,137,136,137,137,137,136,137,137,137,136,137,137,137,136,137,137,137,136,137,137,137,136,137,137,137,136,137,137,137,136,137,137,137,136,137,137,137,136,137,137,137,136,137,137,137,136,137,137,137,136,137,137,137,136,137,137,137,136,137,137,137,136,137,137,137,136,137,137,137,136,137,137,137,136,137,137,137,136,137,137,137,136,137,137,137,136,137,137,137,136,137,137,137,136,137,137,137,136,137,137,137,136,137,137,137,136,137,137,137,136,137,137,137,136,137,137,137,136,137,137,137,136,137,137,137,136,137,137,137,136,137,137,137,136,137,100,111,111,111,111,111,111,111,111,111,98,34,0,0,47,0,0,79,0,122,123,124,0,126,0,0,0,0,47,0,0,0,79,0,0,0,47,0,0,0,0,0,47,0,0,0,0,0,122,123,124,0,0,32,0,0,0,0,47,0,79,0,0,0,47,0,0,126,0,0,0,0,47,0,0,0,79,0,0,47,0,0,0,0,0,116,117,118,0,0,0,0,0,0,0,0,0,53,0,116,117,118,0,126,0,0,119,120,121,0,126,0,0,0,0,47,0,79,0,0,0,47,116,117,118,0,0,0,0,0,0,0,0,0,0,0,0,0,0,0,0,0,125,0,0,0,0,0,0,0,0,0,0,0,0,0,0,0,119,120,121,0,0,0,0,0,0,0,0,0,0,0,0,0,0,0,0,0,0,127,0,0,0,0,0,0,0,0,0,0,0,0,0,0,0,0,0,0,127,0,0,0,0,0,0,0,0,0,119,120,121,0,0,0,0,0,0,0,0,0,0,0,0,127,0,0,0,0,0,119,120,121,0,0,0,0,0,0,0,0,0,0,0,0,0,0,0,0,0,0,0,0,0,0,0,0,0,0,0,0,0,0,0,0,0,0,0,0,0,0,0,0,0,0,0,0,0,0,0,0,0,0,0,0,0,0,0,0,0,0,0,0,0,0,0,0,0,0,0,0,0,0,0,0,0,0,0,0,0,0,0,0,0,0,0,0,0,0,0,0,0,125,0,0,0,0,0,0,0,0,0,0,0,0,0,0,0,0,0,0,0,0,0,0,0,0,0,0,0,0,0,0,0,0,0,0,0,0,0,0,0,0,0,0,0,0,0,0,0,0,0,18,199,37,33,38,196,0,0,0,0,0,0,0,0,0,0,0,0,0,0,0,0,0,0,18,199,17,0,0,0,0,0,0,0,0,0,18,199,37,33,38,196,0,0,0,0,0,0,0,0,0,0,0,0,0,0,0,0,12,24,18,199,17,0,0,0,0,0,0,0,0,0,0,0,0,0,0,0,0,0,0,27,55,30,13,23,0,0,0,0,0,0,0,0,0,0,24,12,18,199,17,0,0,0,0,0,0,0,30,55,3,183,111,111,182,3,55,30,0,0,0,0,0,0,0,0,0,0,0,0,30,55,111,111,55,30,0,0,0,0,0,0,0,0,0,0,0,0,0,0,30,55,111,111,55,30,0,0,0,0,0,0,0,0,0,0,0,0,0,0,0,0,0,0,0,0,0,0,0,0,0,0,0,0,0,0,0,0,0,0,0,0,0,0,0,0,0,0,0,0,0,52,0,0,0,0,0,0,0,0,52,0,0,0,0,0,0,0,0,0,0,0,0,0,0,30,55,55,30,0,0,0,0,0,0,0,18,199,37,33,38,196,0,0,0,0,146,147,0,0,0,0,195,37,33,38,199,18,0,0,0,0,0,0,0,0,144,145,0,0,0,0,0,0,0,0,0,0,0,0,0,0,0,0,53,0,0,0,0,0,0,0,0,0,0,0,0,0,0,0,0,0,0,0,0,0,0,0,0,0,0,0,0,0,0,0,0,0,0,0,0,0,0,0,0,0,36,47,47,47,47,47,47,47,47,47,47
0,0,0,0,0,0,0,0,0,0,0,0,0,0,0,0,0,0,0,0,0,0,0,0,0,0,0,0,24,24,24,24,24,0,0,0,0,0,0,0,0,0,0,0,0,0,24,24,24,24,24,0,0,0,0,0,0,0,0,0,0,0,0,0,18,199,69,65,109,65,70,199,18,24,24,24,24,24,0,0,0,0,0,0,0,0,0,0,0,0,0,24,24,24,24,0,0,0,0,0,0,0,0,79,0,0,79,0,0,0,126,0,0,0,32,0,0,79,0,0,0,79,0,0,0,79,0,0,53,0,0,0,0,0,0,0,0,0,0,53,0,0,0,52,0,0,0,53,0,0,0,79,0,0,79,0,0,79,0,0,0,126,0,0,32,0,0,32,0,0,0,126,0,79,0,0,126,0,0,32,0,0,32,0,0,0,126,0,79,0,0,126,0,0,79,0,0,126,0,0,79,0,0,126,0,0,0,32,0,0,0,79,0,0,0,0,0,0,0,0,45,6,6,6,6,6,6,6,6,6,6,6,6,6,45,6,6,6,45,6,6,6,6,6,6,6,6,6,6,6,6,6,6,6,6,6,6,6,6,6,6,6,6,6,6,6,6,6,6,6,6,6,6,6,6,6,6,6,6,6,6,6,6,6,6,6,6,6,6,6,6,6,6,6,6,6,6,6,6,6,6,6,6,6,6,6,6,6,6,6,6,6,6,6,6,6,6,6,6,6,6,6,6,6,6,6,6,6,6,6,6,6,6,6,45,6,2,6,6,6,2,6,6,6,2,6,6,6,2,6,6,6,2,6,6,6,2,6,6,6,2,6,6,6,2,6,6,6,2,6,6,6,2,6,6,6,2,6,6,6,2,6,6,6,2,6,6,6,2,6,6,6,2,6,6,6,2,6,6,6,2,6,6,6,2,6,6,6,2,6,6,6,2,6,6,6,2,6,6,6,2,6,6,6,2,6,6,6,2,6,6,6,2,6,6,6,2,6,6,6,2,6,6,6,2,6,6,6,2,6,6,6,2,6,6,6,2,6,6,6,2,6,6,6,2,6,6,6,2,6,6,6,2,6,6,6,2,6,6,6,2,6,6,6,2,6,6,6,2,6,6,6,2,6,6,6,2,6,6,6,2,6,6,6,2,6,6,6,2,6,6,6,2,6,6,6,2,6,6,6,2,6,6,6,2,6,6,6,2,6,6,6,2,6,6,6,2,6,6,6,2,6,6,6,2,6,6,6,2,6,6,6,2,6,6,6,2,6,6,6,2,6,6,6,2,6,6,6,2,6,6,6,2,6,6,6,2,6,6,6,2,6,6,6,2,6,6,6,2,6,6,6,2,6,6,6,2,6,6,6,2,6,6,6,2,6,6,6,2,6,6,6,2,6,6,6,2,6,6,6,2,6,6,6,2,6,6,6,2,6,6,6,2,6,6,6,2,6,6,6,2,6,6,6,2,6,6,6,2,6,6,6,2,6,6,6,2,6,6,6,2,6,6,6,2,6,6,6,2,6,6,6,2,6,6,6,2,6,6,6,2,6,6,6,2,6,6,6,2,6,6,6,2,6,100,111,111,111,111,111,111,111,111,111,98,34,0,0,47,0,0,79,0,0,47,0,0,32,0,0,0,0,47,0,0,0,79,0,0,0,47,0,0,0,0,0,47,0,0,0,0,0,0,47,0,0,0,126,0,0,0,0,47,0,79,0,0,0,47,0,0,32,0,0,0,0,47,0,0,0,79,0,0,47,0,0,0,53,0,119,120,121,0,0,0,0,0,52,0,0,169,32,168,119,120,121,0,32,0,0,122,123,124,0,32,0,0,0,0,47,0,79,0,0,0,47,119,120,121,0,0,0,0,0,0,0,127,0,0,0,116,117,118,0,127,0,0,116,117,118,0,0,127,0,0,127,0,0,116,117,118,0,122,123,124,116,117,118,0,127,0,0,116,117,118,0,116,117,118,0,127,0,0,4,0,127,0,0,116,117,118,0,0,127,0,0,0,127,0,116,117,118,4,0,0,127,0,0,116,117,118,0,122,123,124,116,117,118,0,127,0,0,0,116,117,118,0,4,116,117,118,0,127,122,123,124,0,0,127,0,0,116,117,118,0,148,149,150,151,0,0,0,0,0,0,0,0,37,33,33,33,38,0,0,0,0,0,0,0,0,0,0,0,0,0,0,37,33,33,38,0,0,0,0,0,0,0,0,37,33,38,0,0,0,0,0,0,0,0,0,0,53,0,0,0,0,0,0,0,0,0,0,0,0,0,0,0,0,0,53,0,0,0,0,0,0,0,0,0,0,53,0,0,0,0,0,0,0,0,0,0,0,0,0,53,0,0,0,0,0,0,0,0,0,0,0,0,0,0,0,0,0,0,0,0,0,0,0,0,0,0,0,0,18,199,69,65,36,211,34,70,196,0,0,0,18,199,17,0,0,0,0,0,0,0,0,0,18,199,37,33,38,196,0,0,0,0,0,0,18,199,69,65,36,211,34,70,196,12,12,24,24,0,0,0,0,0,0,0,24,12,18,199,111,111,37,33,38,196,0,0,0,0,0,0,0,12,12,12,18,199,17,0,0,0,0,0,0,0,0,0,0,0,0,0,0,0,24,12,18,199,111,111,37,33,38,196,0,0,0,0,0,0,0,0,30,55,111,111,55,30,0,0,0,0,0,0,0,0,0,0,0,0,0,0,0,0,23,23,0,0,0,0,0,0,0,0,24,24,0,0,0,0,0,0,0,0,23,23,0,0,0,0,0,0,0,0,0,0,0,0,0,0,0,0,0,0,0,0,0,0,0,0,0,0,0,0,0,0,0,0,0,0,0,0,0,0,0,0,0,0,0,0,52,0,0,79,0,0,0,52,0,0,0,0,79,0,0,0,0,0,0,0,0,0,0,0,0,0,0,0,0,0,0,0,0,0,0,0,18,199,69,65,36,211,34,102,196,0,0,0,0,0,0,0,0,195,101,36,211,34,65,70,199,18,0,0,0,0,18,199,36,34,199,18,0,0,0,0,18,199,101,97,97,97,97,97,97,97,102,0,0,0,0,0,0,0,0,0,0,0,0,0,0,0,0,0,0,0,0,0,0,0,0,0,0,0,0,0,0,0,0,0,0,0,0,0,0,0,0,0,36,47,47,47,47,47,47,47,47,47,47
0,0,0,0,0,0,0,0,0,0,0,0,0,0,0,0,0,0,0,0,0,24,24,24,24,24,18,199,68,79,79,79,66,199,18,0,0,0,0,0,0,0,0,0,18,199,68,47,47,47,66,199,18,0,0,0,0,0,0,0,0,0,18,199,112,65,73,47,109,47,74,65,112,36,47,79,47,34,199,18,0,0,0,0,0,0,0,0,0,18,199,101,97,97,97,97,97,97,97,102,0,0,0,79,0,0,79,0,0,0,32,0,0,0,126,0,0,79,0,0,0,79,0,0,0,79,0,169,32,168,0,0,0,0,0,53,0,0,169,32,168,0,0,79,0,0,169,32,168,0,0,79,0,0,79,0,0,79,0,0,0,32,0,0,126,0,0,126,0,0,0,32,0,0,79,0,32,0,0,126,0,0,126,0,0,0,32,0,0,79,0,32,0,0,79,0,0,32,0,0,79,0,0,32,0,0,0,126,0,0,0,79,0,0,0,0,0,0,0,0,45,6,6,6,6,6,6,6,6,6,6,6,6,6,45,6,6,6,45,6,6,6,6,6,6,6,6,6,6,6,6,6,6,6,6,6,6,6,6,6,6,6,6,6,6,6,6,6,6,6,6,6,6,6,6,6,6,6,6,6,6,6,6,6,6,6,6,6,6,6,6,6,6,6,6,6,6,6,6,6,6,6,6,6,6,6,6,6,6,6,6,6,6,6,6,6,6,6,6,6,6,6,6,6,6,6,6,6,6,6,6,6,6,6,45,6,2,6,6,6,2,6,6,6,2,6,6,6,2,6,6,6,2,6,6,6,2,6,6,6,2,6,6,6,2,6,6,6,2,6,6,6,2,6,6,6,2,6,6,6,2,6,6,6,2,6,6,6,2,6,6,6,2,6,6,6,2,6,6,6,2,6,6,6,2,6,6,6,2,6,6,6,2,6,6,6,2,6,6,6,2,6,6,6,2,6,6,6,2,6,6,6,2,6,6,6,2,6,6,6,2,6,6,6,2,6,6,6,2,6,6,6,2,6,6,6,2,6,6,6,2,6,6,6,2,6,6,6,2,6,6,6,2,6,6,6,2,6,6,6,2,6,6,6,2,6,6,6,2,6,6,6,2,6,6,6,2,6,6,6,2,6,6,6,2,6,6,6,2,6,6,6,2,6,6,6,2,6,6,6,2,6,6,6,2,6,6,6,2,6,6,6,2,6,6,6,2,6,6,6,2,6,6,6,2,6,6,6,2,6,6,6,2,6,6,6,2,6,6,6,2,6,6,6,2,6,6,6,2,6,6,6,2,6,6,6,2,6,6,6,2,6,6,6,2,6,6,6,2,6,6,6,2,6,6,6,2,6,6,6,2,6,6,6,2,6,6,6,2,6,6,6,2,6,6,6,2,6,6,6,2,6,6,6,2,6,6,6,2,6,6,6,2,6,6,6,2,6,6,6,2,6,6,6,2,6,6,6,2,6,6,6,2,6,6,6,2,6,6,6,2,6,6,6,2,6,6,6,2,6,6,6,2,6,6,6,2,6,6,6,2,6,6,6,2,6,6,6,2,6,6,6,2,6,100,111,111,111,111,111,111,111,111,111,98,34,0,0,47,0,0,79,0,0,47,0,0,126,0,0,0,0,47,0,0,0,79,0,0,0,47,0,0,0,0,0,47,0,0,0,0,0,0,47,0,0,0,32,0,0,0,0,47,0,79,0,0,0,47,0,0,126,0,0,0,0,47,0,0,0,79,0,0,47,0,0,169,32,168,122,123,124,0,0,0,0,0,79,0,0,0,126,0,122,123,124,0,126,0,0,0,47,0,0,126,0,0,0,0,47,0,79,0,0,0,47,122,123,124,0,53,0,0,0,24,24,4,24,24,24,119,120,121,24,4,24,24,119,120,121,24,24,4,24,24,4,24,24,119,120,121,24,24,24,24,119,120,121,24,4,24,24,119,120,121,24,119,120,121,24,4,24,24,24,24,4,24,24,119,120,121,24,24,4,24,24,24,4,24,119,120,121,24,24,24,4,24,24,119,120,121,24,125,24,24,119,120,121,24,4,24,24,24,119,120,121,24,24,119,120,121,24,4,24,24,24,24,24,4,24,24,119,120,121,149,164,101,102,165,150,151,0,0,0,0,0,0,36,101,97,102,34,12,12,24,24,12,24,24,24,37,33,38,12,12,12,36,101,102,34,12,24,12,48,12,24,12,12,36,112,34,24,12,12,12,24,12,12,12,37,33,38,24,12,12,0,0,0,0,0,0,0,0,0,0,0,0,37,33,38,0,0,0,48,0,0,0,0,0,37,38,0,0,0,52,0,0,0,0,0,0,0,0,37,38,0,0,0,0,0,0,48,0,0,0,53,0,0,0,52,0,0,112,0,0,0,0,0,0,0,0,18,199,69,65,68,126,36,47,34,74,70,196,18,199,37,33,38,196,0,0,0,0,0,0,18,199,69,65,36,211,34,70,196,0,0,0,18,199,69,65,68,126,36,47,34,74,70,111,111,111,111,199,18,12,24,12,18,199,111,111,69,70,111,111,36,211,34,70,196,24,24,12,12,18,199,111,111,111,37,33,38,196,0,0,0,0,0,0,0,0,0,0,12,12,18,199,111,111,69,70,111,111,36,211,34,33,33,33,33,150,151,0,0,0,0,0,23,23,0,0,0,0,0,0,0,0,18,199,199,18,0,0,0,0,0,0,0,0,0,0,0,0,0,0,18,199,69,70,199,18,0,0,0,0,0,0,0,0,0,0,0,0,0,0,18,144,150,151,0,0,0,0,0,0,0,0,52,0,0,0,53,0,0,0,0,0,37,33,38,0,0,0,0,0,0,53,0,0,0,0,52,0,0,0,0,79,0,0,0,47,0,0,0,0,79,0,0,0,0,53,0,0,0,144,145,18,0,0,0,0,0,0,0,0,0,0,18,199,69,65,68,126,36,47,34,104,102,196,0,0,0,0,0,0,195,101,103,36,47,34,126,66,65,70,199,18,18,199,69,65,36,34,65,70,199,18,18,199,69,65,100,79,79,79,79,79,79,79,98,0,0,0,0,0,0,0,0,0,0,0,0,0,0,0,0,0,0,0,0,0,0,0,0,0,0,0,0,0,0,0,0,0,0,0,0,0,0,0,0,0,36,47,47,47,47,47,47,47,47,47,47
0,0,0,0,0,0,0,0,0,0,0,0,0,0,24,24,24,24,24,18,199,36,47,47,47,47,33,33,68,47,47,47,66,33,38,199,18,24,24,24,24,24,18,199,37,33,68,47,79,47,66,33,38,199,18,24,24,24,24,24,18,199,69,65,109,47,120,47,109,47,120,47,109,36,120,79,120,34,0,25,199,18,24,24,24,24,24,18,199,25,0,100,47,111,47,111,47,111,47,98,0,0,0,79,0,0,79,0,0,0,126,0,0,0,32,0,0,79,0,0,0,79,0,0,0,79,0,0,126,0,0,0,0,0,169,32,168,0,0,126,0,0,0,79,0,0,0,126,0,0,0,79,0,0,79,0,0,79,0,0,0,126,0,0,32,0,0,32,0,0,0,126,0,79,0,0,126,0,0,32,0,0,32,0,0,0,126,0,79,0,0,126,0,0,79,0,0,126,0,0,79,0,0,126,0,0,0,32,0,0,0,79,0,0,0,0,0,0,0,0,45,6,6,6,6,6,6,6,6,6,6,6,6,6,45,6,6,6,45,6,6,6,6,6,6,6,6,6,6,6,6,6,6,6,6,6,6,6,6,6,6,6,6,6,6,6,6,6,6,6,6,6,6,6,6,6,6,6,6,6,6,6,6,6,6,6,6,6,6,6,6,6,6,6,6,6,6,6,6,6,6,6,6,6,6,6,6,6,6,6,6,6,6,6,6,6,6,6,6,6,6,6,6,6,6,6,6,6,6,6,6,6,6,6,45,6,2,6,6,6,2,6,6,6,2,6,6,6,2,6,6,6,2,6,6,6,2,6,6,6,2,6,6,6,2,6,6,6,2,6,6,6,2,6,6,6,2,6,6,6,2,6,6,6,2,6,6,6,2,6,6,6,2,6,6,6,2,6,6,6,2,6,6,6,2,6,6,6,2,6,6,6,2,6,6,6,2,6,6,6,2,6,6,6,2,6,6,6,2,6,6,6,2,6,6,6,2,6,6,6,2,6,6,6,2,6,6,6,2,6,6,6,2,6,6,6,2,6,6,6,2,6,6,6,2,6,6,6,2,6,6,6,2,6,6,6,2,6,6,6,2,6,6,6,2,6,6,6,2,6,6,6,2,6,6,6,2,6,6,6,2,6,6,6,2,6,6,6,2,6,6,6,2,6,6,6,2,6,6,6,2,6,6,6,2,6,6,6,2,6,6,6,2,6,6,6,2,6,6,6,2,6,6,6,2,6,6,6,2,6,6,6,2,6,6,6,2,6,6,6,2,6,6,6,2,6,6,6,2,6,6,6,2,6,6,6,2,6,6,6,2,6,6,6,2,6,6,6,2,6,6,6,2,6,6,6,2,6,6,6,2,6,6,6,2,6,6,6,2,6,6,6,2,6,6,6,2,6,6,6,2,6,6,6,2,6,6,6,2,6,6,6,2,6,6,6,2,6,6,6,2,6,6,6,2,6,6,6,2,6,6,6,2,6,6,6,2,6,6,6,2,6,6,6,2,6,6,6,2,6,6,6,2,6,6,6,2,6,6,6,2,6,6,6,2,6,6,6,2,6,6,6,2,6,100,111,111,111,111,111,111,111,111,111,98,34,0,0,47,0,0,79,0,0,47,0,0,32,0,0,0,0,47,0,0,0,79,0,0,0,47,0,0,0,0,0,47,0,0,0,0,0,0,47,0,0,0,126,0,0,0,0,47,0,79,0,0,0,47,0,0,32,0,0,0,0,47,0,0,0,79,0,0,47,0,0,0,126,0,0,47,0,0,0,52,0,0,79,0,0,0,32,0,0,47,0,0,32,0,0,0,47,0,0,32,0,0,0,0,47,0,79,0,0,0,47,0,47,0,177,32,176,0,144,33,33,33,33,33,33,33,33,33,33,33,33,33,33,33,33,33,33,33,33,33,33,33,33,33,33,33,33,33,33,33,33,33,33,33,33,33,33,33,33,33,33,33,33,33,33,33,33,33,33,33,33,33,33,33,33,33,33,33,33,33,33,33,33,33,33,33,33,33,33,33,33,33,33,33,33,33,33,33,33,33,33,33,33,33,33,33,33,33,33,33,33,33,33,33,33,33,33,33,33,33,33,33,33,33,33,33,33,33,164,101,97,105,106,97,102,165,33,33,33,33,33,33,41,100,111,98,42,33,33,33,33,33,33,33,33,41,112,42,33,33,33,41,100,98,42,33,33,33,41,33,33,33,33,41,109,42,33,33,33,33,33,33,33,33,41,112,42,33,33,33,33,33,150,151,0,0,0,0,0,37,33,33,41,112,34,24,12,24,45,12,24,48,12,12,36,34,12,24,12,12,24,24,12,12,37,38,12,12,36,34,24,12,12,48,24,12,45,24,12,37,38,12,24,24,12,24,12,109,12,24,12,12,12,24,18,199,69,65,68,126,68,79,36,47,34,79,74,65,65,65,36,211,34,70,196,0,0,0,18,199,69,65,68,126,36,47,34,74,70,196,18,199,69,65,68,126,68,79,36,47,34,79,66,111,111,111,111,69,70,111,111,111,69,70,111,111,68,66,111,111,36,47,34,74,70,111,111,111,111,69,70,111,111,111,36,211,34,70,196,0,0,0,0,0,24,12,18,199,111,111,69,70,111,111,68,66,111,111,36,47,34,97,97,97,97,102,165,150,151,0,0,0,0,0,0,0,0,0,0,0,18,199,101,97,97,102,199,18,0,0,0,0,0,0,0,0,0,0,18,199,101,97,68,66,97,102,199,18,0,0,0,0,0,0,0,0,0,0,18,199,101,97,102,165,150,151,0,0,0,53,0,0,79,0,0,0,48,0,0,0,0,0,36,112,34,0,0,0,0,37,33,38,0,0,52,0,47,0,0,0,0,79,0,0,0,47,0,0,0,0,79,0,0,0,0,48,0,0,144,164,165,38,199,18,0,0,0,0,0,0,18,199,69,65,68,126,68,79,36,47,34,79,104,102,196,0,0,0,0,195,101,103,79,36,47,34,79,66,126,66,45,25,25,45,68,126,36,34,126,66,45,25,25,45,68,126,100,79,79,79,79,79,79,79,98,0,0,0,0,0,0,0,0,0,0,0,0,0,0,0,0,0,0,0,0,0,0,0,0,0,0,0,0,0,0,0,0,0,0,0,0,0,0,0,0,0,36,47,47,47,47,47,47,47,47,47,47
0,0,0,0,0,0,0,0,0,0,0,53,18,199,36,47,79,47,47,33,33,36,79,79,47,79,79,79,68,47,120,47,66,120,34,97,97,111,111,111,111,111,97,97,36,120,68,47,79,47,66,120,34,120,112,111,111,111,111,111,112,33,33,33,109,79,79,79,109,79,79,79,109,36,47,79,47,34,25,3,0,25,68,120,79,120,66,25,0,3,25,100,47,111,47,111,47,111,47,98,24,12,12,79,24,12,79,12,12,24,32,12,12,24,126,12,116,117,118,12,116,117,118,24,12,79,12,24,32,12,12,116,117,118,12,126,12,12,12,32,24,12,116,117,118,12,12,32,12,12,116,117,118,12,12,24,12,24,116,117,118,32,12,12,126,12,24,126,116,117,118,32,24,12,79,12,32,12,12,126,24,24,126,116,117,118,32,12,12,79,24,32,12,116,117,118,12,32,24,116,117,118,12,32,12,12,24,126,12,116,117,118,12,12,24,12,116,117,118,12,45,6,6,6,6,6,6,6,6,6,6,6,6,6,45,6,6,6,45,6,6,6,6,6,6,6,6,6,6,6,6,6,6,6,6,6,6,6,6,6,6,6,6,6,6,6,6,6,6,6,6,6,6,6,6,6,6,6,6,6,6,6,6,6,6,6,6,6,6,6,6,6,6,6,6,6,6,6,6,6,6,6,6,6,6,6,6,6,6,6,6,6,6,6,6,6,6,6,6,6,6,6,6,6,6,6,6,6,6,6,6,6,6,6,45,6,2,6,6,6,2,6,6,6,2,6,6,6,2,6,6,6,2,6,6,6,2,6,6,6,2,6,6,6,2,6,6,6,2,6,6,6,2,6,6,6,2,6,6,6,2,6,6,6,2,6,6,6,2,6,6,6,2,6,6,6,2,6,6,6,2,6,6,6,2,6,6,6,2,6,6,6,2,6,6,6,2,6,6,6,2,6,6,6,2,6,6,6,2,6,6,6,2,6,6,6,2,6,6,6,2,6,6,6,2,6,6,6,2,6,6,6,2,6,6,6,2,6,6,6,2,6,6,6,2,6,6,6,2,6,6,6,2,6,6,6,2,6,6,6,2,6,6,6,2,6,6,6,2,6,6,6,2,6,6,6,2,6,6,6,2,6,6,6,2,6,6,6,2,6,6,6,2,6,6,6,2,6,6,6,2,6,6,6,2,6,6,6,2,6,6,6,2,6,6,6,2,6,6,6,2,6,6,6,2,6,6,6,2,6,6,6,2,6,6,6,2,6,6,6,2,6,6,6,2,6,6,6,2,6,6,6,2,6,6,6,2,6,6,6,2,6,6,6,2,6,6,6,2,6,6,6,2,6,6,6,2,6,6,6,2,6,6,6,2,6,6,6,2,6,6,6,2,6,6,6,2,6,6,6,2,6,6,6,2,6,6,6,2,6,6,6,2,6,6,6,2,6,6,6,2,6,6,6,2,6,6,6,2,6,6,6,2,6,6,6,2,6,6,6,2,6,6,6,2,6,6,6,2,6,6,6,2,6,6,6,2,6,6,6,2,6,6,6,2,6,6,6,2,6,6,6,2,6,100,111,111,111,111,111,111,111,111,111,98,34,12,24,47,12,24,79,12,12,47,24,12,126,24,24,12,24,47,12,24,12,79,12,12,12,47,24,12,24,12,24,47,12,24,12,24,24,12,47,12,24,12,32,12,12,12,24,47,24,79,12,12,12,47,12,24,126,24,12,24,12,47,24,12,24,79,12,12,47,12,24,12,32,12,12,47,24,12,24,79,24,12,79,12,24,12,126,12,12,47,24,12,126,24,12,24,47,24,12,126,12,12,12,12,47,12,79,12,12,12,47,12,47,24,12,126,24,144,164,101,97,97,97,97,97,97,97,97,97,97,97,97,97,97,97,97,97,97,97,97,97,97,97,97,97,97,97,97,97,97,97,97,97,97,97,97,97,97,97,97,97,97,97,97,97,97,97,97,97,97,97,97,97,97,97,97,97,97,97,97,97,97,97,97,97,97,97,97,97,97,97,97,97,97,97,97,97,97,97,97,97,97,97,97,97,97,97,97,97,97,97,97,97,97,97,97,97,97,97,97,97,97,97,97,97,97,97,97,97,105,111,111,111,111,106,97,97,97,97,97,97,97,97,105,111,106,97,97,97,97,97,97,97,97,97,97,105,97,97,97,97,97,105,106,97,97,97,97,97,97,97,97,97,97,105,97,97,97,97,97,97,97,97,97,97,105,97,97,97,97,97,97,102,165,33,33,33,33,33,41,101,97,97,98,42,33,33,33,41,33,33,41,33,33,41,42,33,33,33,33,33,33,33,33,41,42,33,33,41,42,33,33,33,41,33,33,41,33,33,41,42,33,33,33,33,33,33,109,111,111,111,111,111,111,69,65,68,126,68,79,68,79,36,47,34,79,126,79,126,79,36,47,34,74,70,196,18,199,69,65,68,126,68,79,36,47,34,79,66,97,97,97,68,126,68,79,68,79,36,47,34,79,66,111,111,111,111,68,66,111,111,111,68,66,111,111,68,66,111,111,36,47,34,79,66,111,111,111,111,68,66,111,111,111,36,47,34,74,70,196,12,24,18,199,111,111,69,70,111,111,68,66,111,111,68,66,111,111,36,47,34,111,111,111,111,106,97,102,165,150,151,0,0,0,0,0,0,0,18,199,37,33,100,211,211,98,33,38,199,18,12,12,12,12,12,12,18,199,37,33,100,211,68,66,211,98,33,38,199,18,12,12,12,12,12,12,18,199,37,33,100,211,106,97,102,165,33,33,33,38,12,12,79,12,12,12,45,12,12,12,12,12,36,109,34,12,12,12,12,36,112,34,12,12,12,12,47,12,12,12,12,79,12,12,12,47,12,12,12,12,79,12,12,12,12,45,12,144,164,101,102,42,33,38,199,18,12,12,18,199,69,65,68,126,68,79,68,79,36,47,34,79,79,104,102,196,12,12,195,101,103,79,79,36,47,34,79,66,79,66,45,25,25,45,68,79,36,34,79,66,45,25,25,45,68,79,100,79,79,79,79,79,79,79,98,24,24,24,24,24,24,24,24,24,24,24,24,24,24,24,24,24,24,24,24,24,24,24,24,24,24,24,24,24,24,24,24,24,24,24,24,24,24,24,24,24,36,47,47,47,47,47,47,47,47,47,47
