0,0,0,0,0,0,0,0,0,0,0,0,0,0,0,0,0,0,0,0,0,0,0,0,0,0,0,0,0,0,0,0,0,0,0,0,0,0,0,0,0,0,0,0,0,0,0,0,0,0,0,0,0,0,0,0,0,0,0,0,0,0,0,0,0,0,0,0,0,0,0,0,0,0,0,0,0,0,0,0,0,0,0,0,0,0,0,0,0,47,47,47,47,47,0,47,0,0,47,0,0,0,47,0,0,0,47,0,0,0,47,0,47,0,0,47,0,0,0,47,0,0,0,47,0,0,47,47,47,0,0,47,0,0,0,47,0,0,0,47,0,0,47,0,0,0,47,0,0,0,47,0,0,0,47,0,47,47,47,0,0,0,47,47,47,0,0,0,47,47,0,47,47,0,0,0,0,0,0,0,0,0,0,0,0,0,0,0,0,0,0,0,0,0,0,0,0,0,0,0,0,0,0,0,0,0,0,0,0,0,0,0,0,0,0,0,0,0,0,0,0,0,0,0,0,0,0,0,0,0,0,0,0,0,0,0,0,0,0,0,0,0,0,0,0,0,0,0,0,0,0,0,0,0,0,0,0,0,0,0,0,0,0,0,0,0,0,0,0,0,0,0,0,0,0,0,0,0,0,0,0,0,0,0,0,0,0,0,0,0,0,0,0,0,0,0,0,0,0,0,0,0,0,0,0,0,0,0,0,0,0,0,0,0,0,0,0,0,0,0,0,0,0,0,0,0,0,0,0,0,0,0,0,0,0,0,0,0,0,0,0,0,0,0,0,0,0,0,0,0,0,0,0,0,0,0,0,0,0,0,0,0,0,0,0,0,0,0,0,0,0,0,0,0,0,0,0,0,0,0,0,0,0,0,0,0,0,0,0,0,0,0,0,0,0,0,0,0,0,0,0,0,0,0,0,0,0,0,0,0,0,0,0,0,0,0,0,0,0,0,0,0,0,0,0,0,0,0,0,0,0,0,0,0,0,0,0,0,0,0,0,0,0,0,0,0,0,0,0,0,0,0,0,0,0,0,0,0,0,0,0,0,0,0,0,0,0,0,0,0,0,0,0,0,0,0,0,0,0,0,0,0,0,0,0,0,0,0,0,0,0,0,0,0,0,0,0,0,0,0,0,0,0,0,0,0,0,0,0,0,0,0,0,0,0,0,0,0,0,0,0,0,0,0,0,0,0,0,0,0,0,0,0,0,0,0,0,0,0,0,0,0,0,0,0,0,0,0,0,0,0,0,0,0,0,0,0,0,0,0,0,0,0,0,0,0,0,0,0,0,0,0,0,0,0,0,0,0,0,0,0,0,0,0,0,0,0,0,0,0,0,0,0,0,0,0,0,0,0,0,0,0,0,0,0,0,0,0,0,0,0,0,0,0,0,0,0,0,0,0,0,0,0,0,0,0,0,0,0,0,0,0,0,0,0,0,0,0,0,0,0,0,0,0,0,0,0,0,0,0,0,0,0,0,0,0,0,0,0,0,0,0,0,0,0,0,0,0,0,0,0,0,0,0,0,0,0,0,0,0,0,0,0,0,0,0,0,0,0,0,0,0,0,0,0,0,0,0,0,0,0,0,0,0,0,0,0,56,96,58,56,96,58,56,96,58,56,96,58,56,96,58,0,0,0,0,0,0,0,0,0,0,0,0,0,0,0,0,0,0,0,0,0,0,0,0,0,0,0,0,0,0,0,0,0,0,0,0,0,0,0,0,0,0,0,0,0,0,0,0,0,0,0,0,0,0,0,0,0,0,0,0,109,47,109,79,47,79,47,79,109,47,79,47,79,47,109,79,47,79,47,79,109,47,79,47,79,47,109,79,47,79,47,79,109,47,79,47,79,47,109,79,47,79,47,79,109,47,79,47,79,47,109,79,47,79,47,79,109,47,79,47,79,47,109,79,47,79,47,79,109,47,79,47,79,47,109,79,47,79,47,79,109,47,79,47,79,47,109,79,47,79,47,79,109,47,79,47,79,47,109,79,47,79,47,109,0,0,0,0,0,0,0,0,0,0,0,0,45,79,45,0,0,0,0,0,0,45,79,45,0,0,0,45,79,79,79,79,79,45,0,0,0,0,0,0,45,79,79,79,79,79,79,45,0,0,0,0,0,0,0,0,0,0,0,0,0,0,0,0,0,0,0,0,0,0,45,79,79,79,79,79,79,79,79,45,0,0,45,79,79,79,45,0,0,0,0,0,45,79,79,79,79,79,45,79,79,36,34,79,79,79,36,34,79,79,79,45,79,45,0,0,45,79,79,45,0,0,45,79,79,79,79,79,79,79,79,79,79,79,79,79,79,79,45,0,0,0,0,0,79,47,47,79,0,0,0,0,0,0,0,0,0,0,0,0,146,47,47,145,188,188,189,189,144,47,47,147,0,0,0,0,0,0,45,79,79,79,79,79,79,79,79,79,79,79,79,79,79,79,79,79,79,79,79,79,45,0,0,45,79,45,0,0,0,0,0,0,0,0,0,0,0,0,0,0,0,0,0,0,0,0,0,0,0,0,10,109,6,6,6,6,6,6,6,6,6,6,0,0,0,0,0,0,0,0,0,0,0,0,0,0,0,0,0,0,0,0,0,0,0,0,0,0,0,0,0,0,0,0,0,0,0,0,0,0,0,0,0,0,0,0,0,0,0,0,0,0,0,0,0,0,0,0,0,0,0,0,0,0,0,0,0,0,0,0,0,0,0,0
0,0,0,0,0,0,0,0,0,0,0,0,0,0,0,0,0,0,0,0,0,0,0,0,0,0,0,0,0,0,0,0,0,0,0,0,0,0,0,0,0,0,0,0,0,0,0,0,0,0,0,0,0,0,0,0,0,0,0,0,0,0,0,0,0,0,0,0,0,0,0,0,0,0,0,0,0,0,0,0,0,0,0,0,0,0,0,0,0,0,0,47,0,0,0,47,0,0,47,0,0,47,0,47,0,0,47,47,0,0,47,0,47,0,47,0,0,0,0,47,0,0,0,47,0,47,0,0,0,47,0,47,0,0,0,47,0,0,0,47,0,47,0,0,0,47,0,47,0,0,47,47,0,0,47,0,47,0,0,47,0,47,0,0,0,47,0,47,0,0,47,0,0,47,0,0,0,0,0,0,0,0,0,0,0,0,0,0,0,0,0,0,0,0,0,0,0,0,0,0,0,0,0,0,0,0,0,0,0,0,0,0,0,0,0,0,0,0,0,0,0,0,0,0,0,0,0,0,0,0,0,0,0,0,0,0,0,0,0,0,0,0,0,0,0,0,0,0,0,0,0,0,0,0,0,0,0,0,0,0,0,0,0,0,0,0,0,0,0,0,0,184,184,182,177,184,185,0,189,180,0,184,184,182,0,0,0,185,180,178,185,180,178,0,189,188,177,186,177,184,0,0,0,0,0,0,0,0,0,0,0,0,0,0,0,0,0,0,0,0,0,0,0,0,0,0,0,0,0,0,0,0,0,0,0,0,0,0,0,0,0,0,0,0,0,0,0,0,0,0,0,0,0,0,0,0,0,0,0,0,0,0,0,0,0,0,0,0,0,0,0,0,0,0,0,0,0,0,0,0,0,0,0,0,0,0,0,0,0,0,0,0,0,0,0,0,0,0,0,0,0,0,0,0,0,0,0,0,0,0,0,0,0,0,0,0,0,0,0,0,0,0,0,0,0,0,0,0,0,0,0,0,0,0,0,0,0,0,0,0,0,0,0,0,0,0,0,0,0,0,0,0,0,0,0,0,0,0,0,0,0,0,0,0,0,0,0,0,0,0,0,0,0,0,0,0,0,0,0,0,0,0,0,0,0,0,0,0,0,0,0,0,0,0,0,0,0,0,0,0,0,0,0,0,0,0,0,0,0,0,0,0,0,0,0,0,0,0,0,0,0,0,0,0,0,0,0,0,0,0,0,0,0,0,0,0,0,0,0,0,0,0,0,0,0,0,0,0,0,0,0,0,0,0,0,0,0,0,0,0,0,0,0,0,0,0,0,0,0,0,0,0,0,0,0,0,0,0,0,0,0,0,0,0,0,0,0,0,0,0,0,0,0,0,0,0,0,0,0,0,0,0,0,0,0,0,0,0,0,0,0,0,0,0,0,0,0,0,0,0,0,0,0,0,0,0,0,0,0,0,0,0,0,0,0,0,0,0,0,0,0,0,0,0,0,0,0,0,0,0,0,0,0,0,0,0,0,0,0,0,0,0,0,0,0,0,0,0,0,0,0,0,0,0,0,0,0,0,0,0,0,0,0,0,0,0,0,0,0,0,0,0,0,0,0,0,0,0,0,0,0,0,0,0,0,0,0,0,0,0,0,0,0,0,0,0,0,0,0,0,0,0,0,0,0,0,0,0,0,0,0,0,0,0,0,0,0,0,0,0,0,0,0,0,0,0,0,0,0,0,0,0,0,0,0,0,0,0,0,0,0,0,0,0,0,0,0,0,0,0,0,0,0,0,0,0,0,0,0,0,0,0,109,47,109,137,137,137,137,137,109,137,137,137,137,137,109,137,137,137,137,137,109,137,137,137,137,137,109,137,137,137,137,137,109,137,137,137,137,137,109,137,137,137,137,137,109,137,137,137,137,137,109,137,137,137,137,137,109,137,137,137,137,137,109,137,137,137,137,137,109,137,137,137,137,137,109,137,137,137,137,137,109,137,137,137,137,137,109,137,137,137,137,137,109,137,137,137,137,137,109,137,137,137,137,109,0,0,0,0,0,0,0,0,0,0,0,0,45,79,45,0,0,0,0,0,0,45,79,45,0,0,0,45,79,79,79,79,79,45,0,0,0,0,0,0,45,79,79,79,79,79,79,45,0,0,0,0,0,0,0,0,0,0,0,0,0,0,0,0,0,0,0,0,0,0,45,79,79,79,79,79,79,79,79,45,0,0,45,79,79,79,45,0,0,0,0,0,45,79,79,79,79,79,45,79,79,36,34,79,120,79,36,34,79,79,120,45,79,45,0,0,45,79,79,45,0,0,45,79,79,79,79,79,79,79,79,79,79,79,79,79,79,79,45,0,0,0,0,0,79,47,47,79,0,0,0,0,0,0,0,116,117,118,0,0,0,146,47,47,145,188,189,144,47,47,147,116,117,118,0,0,0,116,45,79,79,79,79,79,79,79,79,79,79,79,79,79,79,79,79,79,79,79,79,79,45,0,0,45,79,45,0,0,0,0,0,0,0,0,0,0,0,0,0,0,0,0,0,0,0,0,0,0,0,0,0,109,6,6,6,6,6,6,6,6,6,6,0,0,0,0,0,0,0,0,0,0,0,0,0,0,0,0,0,0,0,0,0,0,0,0,0,0,0,0,0,0,0,0,0,0,0,0,0,0,0,0,0,0,0,0,0,0,0,0,0,0,0,0,0,0,0,0,0,0,0,0,0,0,0,0,0,0,0,0,0,0,0,0
0,0,0,0,0,0,0,0,0,0,0,0,0,0,0,0,0,0,0,0,0,0,0,0,0,0,0,0,0,0,0,0,0,0,0,0,0,0,0,0,0,0,0,0,0,0,0,0,0,0,0,0,0,0,0,0,0,0,0,0,0,0,0,0,0,0,0,0,0,0,0,0,0,0,0,0,0,0,0,0,0,0,0,0,0,0,0,0,0,0,0,47,0,0,0,47,47,47,47,0,0,47,0,47,0,0,47,0,47,0,47,0,47,47,0,0,0,0,0,0,47,0,47,0,0,47,0,0,0,47,0,47,0,0,0,47,0,0,0,47,47,0,0,0,0,47,0,47,0,0,47,0,47,0,47,0,47,0,0,47,0,47,0,0,0,47,0,47,0,0,0,0,0,47,0,0,0,0,0,0,0,0,0,0,0,0,0,0,0,0,0,0,0,0,0,0,0,0,0,0,0,0,0,0,0,0,0,0,0,0,0,0,0,0,0,0,0,0,0,0,0,0,0,0,0,0,0,0,0,0,0,0,0,0,0,0,0,0,0,0,0,0,0,0,0,0,0,0,0,0,0,0,0,0,0,0,0,111,111,111,111,111,111,111,111,111,111,111,111,0,0,0,182,0,0,184,179,0,177,188,0,0,182,0,0,0,0,183,180,0,183,0,182,0,184,185,0,182,188,182,0,0,0,0,0,0,0,0,0,0,0,0,0,0,0,0,0,0,0,0,0,0,0,0,0,0,0,0,0,0,0,0,0,0,0,0,0,0,0,0,0,0,0,0,0,0,0,0,0,0,0,0,0,0,0,0,0,0,0,0,0,0,0,0,0,0,0,0,0,0,0,0,0,0,0,0,0,0,0,0,0,0,0,0,0,0,0,0,0,0,0,0,0,0,0,0,0,0,0,0,0,0,0,0,0,0,0,0,0,0,0,0,0,0,0,0,0,0,0,0,0,0,0,0,0,0,0,0,0,0,0,0,0,0,0,0,0,0,0,0,0,0,0,0,0,0,0,0,0,0,0,0,0,0,0,0,0,0,0,0,0,0,0,0,0,0,0,0,0,0,0,0,0,0,0,0,0,0,0,0,0,0,0,0,0,0,0,0,0,0,0,0,0,0,0,0,0,0,0,0,0,0,0,0,0,0,0,0,0,0,0,0,0,0,0,0,0,0,0,0,0,0,0,0,0,0,0,0,0,0,0,0,0,0,0,0,0,0,0,0,0,0,0,0,0,0,0,0,0,0,0,0,0,0,0,0,0,0,0,0,0,0,0,0,0,0,0,0,0,0,0,0,0,0,0,0,0,0,0,0,0,0,0,0,0,0,0,0,0,0,0,0,0,0,0,0,0,0,0,0,0,0,0,0,0,0,0,0,0,0,0,0,0,0,0,0,0,0,0,0,0,0,0,0,0,0,0,0,0,0,0,0,0,0,0,0,0,0,0,0,0,0,0,0,0,0,0,0,0,0,0,0,0,0,0,0,0,0,0,0,0,0,0,0,0,0,0,0,0,0,0,0,0,0,0,0,0,0,0,0,0,0,0,0,0,0,0,0,0,0,0,0,0,0,0,0,0,0,0,0,0,0,0,0,0,0,0,0,0,0,0,0,0,0,0,0,0,0,0,0,0,0,0,0,0,0,0,0,0,0,0,0,0,0,0,0,0,0,0,0,0,0,0,0,0,0,0,0,0,0,0,0,0,0,0,0,0,0,0,0,0,0,0,0,0,0,0,0,0,0,0,0,0,0,0,0,0,0,0,181,0,0,109,47,109,5,5,5,5,5,114,5,5,5,5,5,114,5,5,5,5,5,114,5,5,5,5,5,114,5,5,5,5,5,114,5,5,5,5,5,114,5,5,5,5,5,114,5,5,5,5,5,114,5,5,5,5,5,114,5,5,5,5,5,114,5,5,5,5,5,114,5,5,5,5,5,114,5,5,5,5,5,114,5,5,5,5,5,114,5,5,5,5,5,114,5,5,5,5,5,114,5,5,5,5,114,0,0,0,0,0,0,195,196,0,0,0,0,45,79,45,0,0,0,0,0,0,45,79,45,0,0,0,45,79,79,79,79,79,45,0,0,0,0,116,117,45,79,79,79,79,79,79,45,0,0,0,0,0,0,0,0,0,0,0,0,0,0,0,0,0,0,0,0,0,0,45,79,79,79,79,79,79,79,79,45,0,0,45,79,79,79,45,0,0,0,0,0,45,79,79,79,79,79,45,79,120,36,34,79,79,79,36,34,79,79,79,45,79,45,0,0,45,79,79,45,0,0,45,79,79,79,79,79,79,79,79,79,79,79,79,79,79,79,45,0,0,0,0,0,79,47,47,79,0,0,0,0,0,0,0,119,52,121,0,0,0,0,146,47,47,145,144,47,47,147,0,119,52,121,0,0,0,119,45,79,79,79,79,79,79,79,79,79,79,79,79,79,79,96,46,46,46,46,46,46,96,0,8,45,79,45,0,0,0,0,0,0,0,0,0,0,0,0,0,0,0,0,0,0,0,0,0,0,0,0,0,109,6,6,6,6,6,6,6,6,6,6,0,0,0,0,0,0,0,0,0,0,0,0,0,0,0,0,0,0,0,0,0,0,0,0,0,0,0,0,0,0,0,0,0,0,0,0,0,0,0,0,0,0,0,0,0,0,0,0,0,0,0,0,0,0,0,0,0,0,0,0,0,0,0,0,0,0,0,0,0,0,0,0
0,0,0,0,0,0,0,0,0,0,0,0,0,0,0,0,0,0,0,0,0,0,0,0,0,0,0,0,0,0,0,0,0,0,0,0,0,0,0,0,0,0,0,0,0,0,0,0,0,0,0,0,0,0,0,0,0,0,0,0,0,0,0,0,0,0,0,0,0,0,0,0,0,0,0,0,0,0,0,0,0,0,0,0,0,0,0,0,0,0,0,47,0,0,0,47,0,0,47,0,47,47,47,47,47,0,47,0,0,47,47,0,47,0,47,0,0,0,0,0,0,47,0,0,0,47,0,0,0,47,0,47,0,0,0,47,0,0,0,47,0,47,0,0,47,47,47,47,47,0,47,0,0,47,47,0,47,0,0,47,0,47,0,0,0,47,0,0,47,0,0,0,47,0,0,0,0,0,0,0,0,0,0,0,0,0,0,0,0,0,0,0,0,0,0,0,0,0,0,0,0,0,0,0,0,0,0,0,0,0,0,0,0,0,0,0,0,0,0,0,0,0,0,0,0,0,0,0,0,0,0,0,0,0,0,0,0,0,0,0,0,0,0,0,0,0,0,0,0,0,0,0,0,0,0,0,0,111,211,211,211,211,211,211,211,211,211,211,111,0,0,177,180,0,177,180,180,0,180,176,0,177,180,0,0,0,0,180,176,0,180,180,0,0,176,177,177,180,0,180,0,0,47,111,79,111,111,111,111,111,111,111,111,111,79,111,47,0,0,47,111,79,111,111,79,98,0,0,0,0,0,0,0,0,0,0,0,0,0,0,0,0,0,0,0,0,0,0,0,0,0,0,0,0,0,0,0,0,0,0,0,0,0,0,0,0,0,0,0,0,0,0,0,0,0,0,0,0,0,0,0,0,0,0,0,0,0,0,0,0,0,0,0,0,0,0,0,0,0,0,0,0,0,0,0,0,0,0,0,0,0,0,0,0,0,0,0,0,0,0,0,0,0,0,0,0,0,0,0,0,0,0,0,0,0,0,0,0,0,0,0,0,0,0,0,0,0,0,0,0,0,0,0,0,0,0,0,0,0,0,0,0,0,0,0,0,0,0,0,0,0,0,0,0,0,0,0,0,0,0,0,0,0,0,0,0,0,0,0,0,0,0,0,0,0,0,0,0,0,0,0,0,0,0,0,0,0,0,0,0,0,0,0,0,0,0,0,0,0,0,0,0,0,0,0,0,0,0,0,0,0,0,0,0,0,0,0,0,0,0,0,0,0,0,0,0,0,0,0,0,0,0,0,0,0,0,0,0,0,0,0,0,0,0,0,0,0,0,0,0,0,0,0,0,0,0,0,0,0,0,0,0,0,0,0,0,0,0,0,0,0,0,0,0,0,0,0,0,0,0,0,0,0,0,0,0,0,0,0,0,0,0,0,0,0,0,0,0,0,0,0,0,0,0,0,0,0,0,0,0,0,0,0,0,0,0,0,0,0,0,0,0,0,0,0,0,0,0,0,0,0,0,0,0,0,0,0,0,0,0,0,0,0,0,0,0,0,0,0,0,0,0,0,0,0,0,0,0,0,0,0,0,0,0,0,0,0,0,0,0,0,0,0,0,0,0,0,0,0,0,0,0,0,0,0,0,0,0,0,0,0,0,0,0,0,0,0,0,0,0,0,0,0,0,0,0,0,0,0,0,0,0,0,0,0,0,0,0,0,0,0,0,0,0,0,0,0,0,0,0,0,0,0,0,0,0,0,0,0,0,0,0,0,0,0,0,0,0,0,0,0,0,0,0,0,0,0,179,211,211,186,0,109,137,109,0,0,0,10,11,211,16,185,0,0,122,123,211,184,8,9,0,0,0,0,0,8,9,185,186,0,0,183,0,0,0,0,180,16,16,186,0,185,182,173,183,186,0,0,0,0,0,0,0,0,27,0,0,0,16,186,16,0,116,117,118,16,0,0,16,0,0,187,181,16,186,0,0,0,16,0,0,193,16,0,0,0,16,181,0,0,0,146,211,178,0,187,16,193,194,187,16,0,0,146,211,178,0,0,0,0,0,193,194,179,178,0,0,45,79,45,118,0,0,0,0,0,45,79,45,0,0,0,45,79,79,79,79,79,45,0,0,0,0,119,52,45,79,79,79,79,79,79,45,0,0,0,0,0,0,0,0,0,0,0,0,0,0,0,0,0,0,0,0,0,0,96,46,46,46,46,96,79,79,79,45,0,0,45,79,79,79,45,0,0,0,0,0,96,46,96,79,79,79,45,79,79,36,34,79,79,79,36,34,79,120,79,45,79,45,0,0,45,79,79,45,0,0,45,79,96,46,46,46,46,46,46,46,46,46,46,46,46,46,96,0,0,0,0,0,79,47,47,79,0,0,0,0,0,0,0,122,123,124,56,16,58,0,0,146,47,47,47,47,147,0,0,122,123,124,0,0,0,122,45,79,79,79,79,112,46,46,46,46,96,79,79,79,79,45,0,0,119,52,121,0,47,0,10,96,46,96,0,0,189,188,180,178,0,0,0,0,0,0,0,0,0,0,0,0,0,0,0,0,0,0,0,109,6,6,6,6,6,6,6,6,6,6,0,0,0,0,0,0,0,0,0,0,0,0,0,0,0,0,0,0,0,0,0,0,0,0,0,0,0,0,0,0,0,0,0,0,0,0,0,0,0,0,0,0,0,0,0,0,0,0,0,0,0,0,0,0,0,0,0,0,0,0,0,0,0,0,0,0,0,0,0,0,0,0
0,0,0,0,0,0,0,0,0,0,0,0,0,0,0,0,0,0,0,0,0,0,0,0,0,0,0,0,0,0,0,0,0,0,0,0,0,0,0,0,0,0,0,0,0,0,0,0,0,0,0,0,0,0,0,0,0,0,0,0,0,0,0,0,0,0,0,0,0,0,0,0,0,0,0,0,0,0,0,0,0,0,0,0,0,0,0,0,0,0,0,47,0,0,0,47,0,0,47,0,47,0,0,0,47,0,47,0,0,0,47,0,47,0,0,47,0,0,0,0,0,47,0,0,0,0,47,47,47,0,0,0,47,47,47,0,0,0,0,47,0,0,47,0,47,0,0,0,47,0,47,0,0,0,47,0,47,47,47,0,0,0,47,47,47,0,0,0,0,47,0,47,0,0,0,0,0,0,0,0,0,0,0,0,0,0,0,0,0,0,0,0,0,0,0,0,0,0,0,0,0,0,79,79,0,0,0,0,0,0,0,0,0,0,0,0,0,0,0,0,0,0,0,0,0,0,0,0,0,0,0,0,0,0,0,0,0,0,0,0,0,0,0,0,0,0,0,0,0,0,0,0,0,0,0,0,0,111,120,120,120,120,120,120,120,120,120,120,111,111,79,111,111,111,111,111,79,111,47,0,0,0,0,0,0,0,0,0,0,0,0,0,0,0,0,0,0,0,0,0,0,0,47,111,79,111,111,111,111,111,111,111,111,111,79,111,47,0,0,47,111,79,111,111,79,98,0,0,47,0,0,0,0,0,0,0,0,0,0,47,47,0,0,0,0,0,0,0,47,0,0,0,0,0,0,0,0,0,0,0,0,0,0,0,0,0,0,0,0,0,0,0,0,0,0,0,0,0,0,0,0,0,0,0,0,0,0,0,0,0,0,0,0,0,0,0,0,0,0,0,0,0,0,0,0,0,0,0,0,0,0,0,0,0,0,0,0,0,0,0,0,0,0,0,0,0,0,0,0,0,0,0,0,0,0,0,0,0,0,0,0,0,0,0,0,0,0,0,0,0,0,0,0,0,0,0,0,0,0,0,0,0,0,0,0,0,0,0,0,0,0,0,0,0,0,0,0,0,0,0,0,0,0,0,0,0,0,0,0,0,0,0,0,0,0,0,0,0,0,0,0,0,0,0,0,0,0,0,0,0,0,0,0,0,0,0,0,0,0,0,0,0,0,0,0,0,0,0,0,0,0,0,0,0,0,0,0,0,0,0,0,0,0,0,0,0,0,0,0,0,0,0,0,0,0,0,0,0,0,0,0,0,0,0,0,0,0,0,0,0,0,0,0,0,0,0,0,0,0,0,0,0,0,0,0,0,0,0,0,0,0,0,0,0,0,0,0,0,0,0,0,0,0,0,0,0,0,0,0,0,0,0,0,0,0,0,0,0,0,0,0,0,0,0,0,0,0,0,0,0,0,0,0,0,0,0,0,0,0,0,0,0,0,0,0,0,0,0,0,0,0,0,0,0,0,0,0,0,0,0,0,0,0,0,0,0,0,0,0,0,0,0,0,0,0,0,0,0,0,0,0,0,0,0,0,0,0,0,0,0,0,0,0,0,0,0,0,0,0,0,0,0,0,0,0,0,0,0,0,0,0,0,0,0,0,0,0,0,0,0,0,0,0,0,0,0,0,0,0,0,0,0,0,0,0,0,0,0,0,0,0,0,0,0,0,0,0,0,0,0,0,0,0,0,0,0,0,0,0,0,0,0,0,0,0,0,0,0,0,0,0,0,0,0,0,0,0,0,0,0,0,0,114,5,114,0,0,0,0,0,55,192,191,0,0,0,0,192,0,10,11,116,117,118,8,9,10,11,177,16,16,16,211,0,0,0,0,0,122,123,16,0,177,16,186,181,16,0,0,0,0,0,0,0,0,0,0,0,0,185,16,186,0,119,52,121,16,173,183,211,187,170,211,154,155,16,181,181,211,16,0,0,0,0,0,0,0,185,16,0,0,0,0,146,186,168,55,55,0,0,55,55,0,0,0,146,186,168,173,195,196,0,0,0,160,186,172,0,45,79,45,121,0,0,0,0,0,45,79,45,0,0,0,96,46,112,79,79,79,45,8,9,0,0,122,123,45,79,79,79,79,79,79,45,0,0,0,0,0,0,0,0,0,0,0,0,0,0,0,0,0,0,0,0,0,0,0,0,0,119,52,16,79,79,79,45,0,0,96,46,46,46,96,0,0,0,0,0,0,146,45,79,79,79,45,79,79,36,34,79,120,79,36,34,79,79,79,45,79,45,118,0,45,79,79,45,0,0,45,79,45,147,0,0,30,0,0,0,0,79,47,47,47,47,79,0,0,0,0,0,79,47,47,79,0,0,0,0,0,0,52,0,0,0,54,54,54,0,0,0,146,47,47,147,0,0,0,0,0,0,0,0,0,0,96,46,46,46,46,114,123,124,0,10,45,79,79,79,79,45,0,0,122,123,124,0,47,0,0,30,0,47,0,0,188,0,179,176,0,185,180,182,185,180,178,179,180,178,185,178,187,176,0,0,0,0,8,109,6,6,6,6,6,6,6,6,6,6,0,0,0,0,0,0,0,0,0,0,0,0,0,0,0,0,0,0,0,0,0,0,0,0,0,0,0,0,0,0,0,0,0,0,0,0,0,0,0,0,0,0,0,0,0,0,0,0,0,0,0,0,0,0,0,0,0,0,0,0,0,0,0,0,0,0,0,0,0,0,0,0
0,0,0,0,0,0,0,0,0,0,0,0,0,0,0,0,0,0,0,0,0,0,0,0,0,0,0,0,0,0,0,0,0,0,0,0,0,79,79,0,0,0,0,0,0,0,0,0,0,0,0,0,0,0,0,0,0,0,0,0,0,0,0,0,0,0,0,0,0,0,0,0,0,0,0,0,0,0,0,0,0,0,0,0,0,0,0,0,0,0,0,0,0,0,0,0,0,0,0,0,0,0,0,0,0,0,0,0,0,0,0,0,0,0,0,0,0,0,0,0,0,0,0,0,0,0,0,0,0,0,0,0,0,0,0,0,0,0,0,0,0,0,0,0,0,0,0,0,0,0,0,0,0,0,0,0,0,0,0,0,0,0,0,0,0,0,0,0,0,0,47,0,0,0,0,0,0,79,79,0,0,0,0,0,0,0,0,0,0,0,0,0,0,0,0,0,0,0,0,0,0,0,79,79,0,0,0,0,0,0,0,0,0,0,0,0,0,0,0,0,0,0,0,0,0,0,0,0,0,0,0,0,0,0,0,0,0,0,0,0,0,0,0,0,0,0,0,0,0,0,0,0,0,0,0,0,0,111,211,211,211,211,211,211,211,211,211,211,111,111,79,111,111,111,111,111,79,111,47,0,0,47,111,79,111,79,111,47,0,47,111,79,111,47,0,0,79,0,0,79,0,0,47,111,79,111,111,111,111,111,111,111,111,111,79,111,47,0,0,47,111,79,111,111,79,98,47,47,47,214,214,47,47,47,45,47,214,47,45,47,47,47,45,47,45,47,47,47,47,47,45,47,47,47,47,214,47,47,77,47,47,0,0,0,0,0,0,0,0,0,0,0,0,0,0,0,0,0,0,0,0,0,0,0,0,0,0,0,0,0,0,0,0,0,0,0,0,0,0,0,0,0,0,0,0,0,0,0,0,0,0,0,0,0,0,0,0,0,0,0,0,0,0,0,0,0,0,0,0,0,0,0,0,0,0,0,0,0,0,0,0,0,0,0,0,0,0,0,0,0,0,0,0,0,0,0,0,0,0,0,0,0,0,0,0,0,0,0,0,0,0,0,0,0,0,0,0,0,0,0,0,0,0,0,0,0,0,0,0,0,0,0,0,0,0,0,0,0,0,0,0,0,0,0,0,0,0,0,0,0,0,0,0,0,0,0,0,0,0,0,0,0,0,0,0,0,0,0,0,0,0,0,0,0,0,0,0,0,0,0,0,0,0,0,0,0,0,0,0,0,0,0,0,0,0,0,0,0,0,0,0,0,0,0,0,0,0,0,0,0,0,0,0,0,0,0,0,0,0,0,0,0,0,0,0,0,0,0,0,0,0,0,0,0,0,0,0,0,0,0,0,0,0,0,0,0,0,0,0,0,0,0,0,0,0,0,0,0,0,0,0,0,0,0,0,0,0,0,0,0,0,0,0,0,0,0,0,0,0,0,0,0,0,0,0,0,0,0,0,0,0,0,0,0,0,0,0,0,0,0,0,0,0,0,0,0,0,0,0,0,0,0,0,0,0,0,0,0,0,0,0,0,0,0,0,0,0,0,0,0,0,0,0,0,0,0,0,0,0,0,0,0,0,0,0,0,0,0,0,0,0,0,0,0,0,0,0,0,0,0,0,0,181,0,0,0,0,0,0,0,0,0,0,0,0,0,0,8,9,0,0,0,0,8,9,0,0,0,0,0,126,115,64,126,9,0,0,0,0,52,0,0,178,0,0,0,0,187,16,0,0,0,0,0,0,0,0,0,0,0,0,0,0,0,0,0,0,0,0,0,0,0,0,0,0,0,0,0,0,0,0,119,52,121,10,11,0,0,0,0,0,0,0,0,0,0,0,52,0,0,16,0,0,0,0,30,30,0,0,0,0,0,0,16,182,0,53,0,0,0,0,0,0,122,123,124,16,186,187,16,154,155,0,0,0,0,27,119,52,121,0,0,0,0,0,0,0,0,0,0,0,0,0,0,146,182,0,0,0,0,0,0,0,0,0,0,146,211,182,193,194,0,0,0,0,161,184,0,45,79,45,124,0,0,0,0,0,45,79,45,0,0,0,122,123,114,46,46,46,96,10,11,0,0,0,0,45,79,79,79,79,79,79,45,0,0,0,0,0,0,0,0,0,0,0,0,0,0,0,0,0,0,0,0,0,0,0,0,0,122,123,16,79,79,79,45,0,0,0,0,0,0,27,0,0,0,0,0,0,0,45,79,79,79,45,120,79,36,34,120,79,79,36,34,79,79,120,45,79,45,121,0,45,79,79,45,0,0,96,16,96,0,0,0,0,0,0,0,0,79,47,47,47,47,79,0,0,0,0,0,79,47,47,79,0,0,52,0,0,0,0,0,0,0,0,0,0,0,0,0,0,146,147,0,0,0,0,0,0,0,0,0,0,0,0,0,0,0,0,47,0,0,0,0,96,46,46,46,46,96,0,47,47,47,47,47,47,47,47,0,0,47,0,0,0,188,176,0,0,183,176,0,183,180,178,183,0,182,183,177,183,0,0,0,0,0,10,109,6,6,6,6,6,6,6,6,6,6,0,0,0,0,0,0,0,0,0,0,0,0,0,0,0,0,0,0,0,0,0,0,0,0,0,0,0,0,0,0,0,0,0,0,0,0,0,0,0,0,0,0,0,0,0,0,0,0,0,0,0,0,0,0,0,0,0,0,0,0,0,0,0,0,0,0,0,0,0,0,0,0
0,0,0,0,0,0,0,0,0,0,0,0,0,0,0,0,0,0,0,0,0,0,0,0,0,0,0,0,0,0,0,0,0,0,0,0,0,79,79,0,0,0,0,0,0,0,0,0,0,0,0,0,0,0,0,0,0,0,0,0,0,0,0,0,0,0,0,0,0,0,0,0,0,0,0,0,0,0,0,0,0,0,0,0,0,0,0,0,0,0,0,0,0,0,0,0,0,0,0,0,0,0,0,0,0,0,0,0,0,0,0,0,0,0,0,0,0,0,0,0,0,0,0,0,0,0,0,0,0,0,0,0,0,0,0,0,0,0,0,0,0,0,0,0,0,0,0,0,0,0,0,0,0,0,0,0,0,0,0,0,0,0,0,0,0,0,0,0,0,0,0,0,0,0,0,0,0,79,79,0,0,0,0,0,0,0,0,0,0,0,0,0,0,0,0,0,0,0,0,0,0,0,79,79,0,0,0,0,0,0,0,0,0,0,0,0,0,0,0,0,0,0,0,0,0,0,0,0,0,0,0,0,0,0,0,0,0,0,0,0,0,0,0,0,0,0,0,0,0,0,0,0,0,0,0,0,0,111,111,111,111,111,111,111,111,111,111,111,111,111,79,111,111,111,111,111,79,111,47,0,0,47,111,79,111,79,111,47,0,47,111,79,111,47,0,0,79,0,0,79,0,0,47,111,79,111,111,111,111,111,111,111,111,111,79,111,47,0,0,47,111,79,111,111,79,98,47,47,47,214,214,47,47,47,45,47,214,47,45,47,47,47,45,47,45,47,47,47,47,47,45,47,47,47,47,214,47,47,77,47,47,0,0,0,0,0,0,0,0,0,0,0,0,0,0,0,0,0,0,0,0,0,0,0,0,0,0,0,0,0,0,0,0,0,0,0,0,0,0,0,0,0,0,0,0,0,0,0,0,0,0,0,0,0,0,0,0,0,0,0,0,0,0,0,0,0,0,0,0,0,0,0,0,0,0,0,0,0,0,0,0,0,0,0,0,0,0,0,0,0,0,0,0,0,0,0,0,0,0,0,0,0,0,0,0,0,0,0,0,0,0,0,0,0,0,0,0,0,0,0,0,0,0,0,0,0,0,0,0,0,0,0,0,0,0,0,0,0,0,0,0,0,0,0,0,0,0,0,0,0,0,0,0,0,0,0,0,0,0,0,0,0,0,0,0,0,0,0,0,0,0,0,0,0,0,0,0,0,0,0,0,0,0,0,0,0,0,0,0,0,0,0,0,0,0,0,0,0,0,0,0,0,0,0,0,0,0,0,0,0,0,0,0,0,0,0,0,0,0,0,0,0,0,0,0,0,0,0,0,0,0,0,0,0,0,0,0,0,0,0,0,0,0,0,0,0,0,0,0,0,0,0,0,0,0,0,0,0,0,0,0,0,0,0,0,0,0,0,0,0,0,0,0,0,0,0,0,0,0,0,0,0,0,0,0,0,0,0,0,0,0,0,0,0,0,0,0,0,0,0,0,0,0,0,0,0,0,0,0,0,0,0,0,0,0,0,0,0,0,0,0,0,0,0,0,0,0,0,0,0,0,0,0,0,0,0,0,0,0,0,0,0,0,0,0,0,0,0,0,0,0,0,0,0,0,0,0,0,0,0,179,211,211,186,178,0,0,0,0,0,0,0,0,0,0,0,0,10,11,0,0,52,0,10,126,0,64,126,0,0,0,0,0,10,11,0,0,0,0,0,0,0,16,16,170,181,172,16,16,0,0,0,0,0,0,0,0,0,0,0,0,0,0,0,0,0,0,0,0,0,0,0,0,0,0,0,0,0,0,0,0,122,123,124,0,0,0,0,0,0,0,0,0,0,169,170,173,0,0,0,16,0,0,0,0,0,0,0,0,0,0,52,0,16,182,0,16,0,0,0,0,0,0,0,0,0,16,154,155,0,0,0,0,0,0,0,0,122,123,124,0,0,0,0,0,0,0,0,0,0,0,0,18,0,0,0,0,0,0,0,0,0,0,144,145,0,0,146,182,0,0,0,0,0,0,160,182,0,96,46,96,0,0,56,16,58,0,45,79,45,0,0,0,0,0,55,25,25,25,25,0,0,0,0,52,0,96,46,46,46,46,46,101,102,0,0,0,0,0,0,0,0,0,0,0,0,0,0,0,0,0,0,0,0,0,0,0,0,0,0,0,96,46,46,46,96,0,0,0,0,0,0,0,0,0,0,0,52,0,0,96,46,46,46,96,79,79,36,34,79,79,79,36,34,120,79,79,96,46,96,124,8,45,79,79,45,9,0,27,30,0,0,0,0,0,0,0,0,0,79,47,47,47,47,79,0,0,0,0,0,79,53,53,79,0,0,0,0,0,0,0,0,0,0,0,0,0,0,0,0,0,0,0,0,144,145,0,0,0,0,0,0,0,0,0,0,0,0,0,47,47,47,47,47,47,0,0,0,0,47,0,47,0,0,0,0,47,0,47,47,47,47,0,0,0,0,0,0,0,180,176,0,180,176,180,0,180,0,180,176,180,176,0,0,0,0,0,109,6,6,6,6,6,6,6,6,6,6,0,0,0,0,0,0,0,0,0,0,0,0,0,0,0,0,0,0,0,0,0,0,0,0,0,0,0,0,0,0,0,0,0,0,0,0,0,0,0,0,0,0,0,0,0,0,0,0,0,0,0,0,0,0,0,0,0,0,0,0,0,0,0,0,0,0,0,0,0,0,0,0
0,0,0,0,0,0,0,0,0,0,0,0,0,0,0,0,0,0,0,0,0,0,0,0,0,0,0,0,0,0,0,0,0,0,0,0,0,79,79,0,0,0,0,0,0,0,0,0,0,0,0,0,0,0,0,0,0,0,0,0,0,0,0,0,0,0,0,0,0,0,0,0,0,0,0,0,0,0,0,0,0,0,0,0,0,0,0,0,0,0,0,0,0,0,0,0,0,0,0,0,0,0,0,0,0,0,0,0,0,0,0,0,0,0,0,0,0,0,0,0,0,0,0,0,0,0,0,0,0,0,0,0,0,0,0,0,0,0,0,0,0,0,0,0,0,0,0,0,0,0,0,0,0,0,0,0,0,0,0,0,0,0,0,0,0,0,0,0,0,0,0,0,0,0,0,0,0,79,79,0,0,0,0,0,0,0,0,0,0,0,0,0,0,0,0,0,0,0,0,79,79,0,79,79,0,0,0,0,0,0,0,0,0,0,0,0,0,0,0,0,0,0,0,0,0,0,0,0,0,0,0,0,0,0,0,0,0,0,0,0,0,0,0,0,0,0,0,0,0,0,0,0,0,0,0,0,0,0,0,0,0,0,0,79,79,0,0,0,47,111,79,111,111,111,111,111,79,111,47,0,0,47,111,79,111,79,111,47,0,47,111,79,111,47,0,0,79,0,0,79,0,0,47,111,79,79,79,79,79,79,79,111,111,111,79,111,47,0,0,47,111,79,111,111,79,98,47,47,47,214,214,47,47,47,45,47,214,47,45,47,47,47,45,47,45,47,47,47,47,47,45,47,47,47,47,214,47,47,77,47,47,0,0,0,0,0,0,0,0,0,0,0,0,0,0,0,0,0,0,0,0,0,0,0,0,0,0,0,0,0,0,0,0,0,0,0,0,0,0,0,0,0,0,0,0,0,0,0,0,0,0,0,0,0,0,0,0,0,0,0,0,0,0,0,0,0,0,0,0,0,0,0,0,0,0,0,0,0,0,0,0,0,0,0,0,0,0,0,0,0,0,0,0,0,0,0,0,0,0,0,0,0,0,0,0,0,0,0,0,0,0,0,0,0,0,0,0,0,0,0,0,0,0,0,0,0,0,0,0,0,0,0,0,0,0,0,0,0,0,0,0,0,0,0,0,0,0,0,0,0,0,0,0,0,0,0,0,0,0,0,0,0,0,0,0,0,0,0,0,0,0,0,0,0,0,0,0,0,0,0,0,0,0,0,0,0,0,0,0,0,0,0,0,0,0,0,0,0,0,0,0,0,0,0,0,0,0,0,0,0,0,0,0,0,0,0,0,0,0,0,0,0,0,0,0,0,0,0,0,0,0,0,0,0,0,0,0,0,0,0,0,0,0,0,0,0,0,0,0,0,0,0,0,0,0,0,0,0,0,0,0,0,0,0,0,0,0,0,0,0,0,0,0,0,0,0,0,0,0,0,0,0,0,0,0,0,0,0,0,0,0,0,0,0,0,0,0,0,0,0,0,0,0,0,0,0,0,0,0,0,0,0,0,0,0,0,0,0,0,0,0,0,0,0,0,0,0,0,0,0,0,0,0,0,0,0,0,0,0,0,0,0,0,0,0,0,0,0,0,0,0,0,0,0,0,0,0,0,0,0,0,0,0,0,0,0,0,0,0,0,0,0,0,0,0,0,0,0,0,0,0,0,0,183,70,0,0,0,0,0,0,0,0,0,0,0,0,0,0,0,0,0,0,0,0,0,79,79,16,186,168,0,0,0,0,0,0,0,0,0,0,0,0,0,0,0,0,0,0,0,0,0,0,0,0,0,0,0,0,0,0,0,0,0,0,0,0,0,0,0,0,0,18,0,183,185,182,0,0,0,0,0,0,199,0,0,0,0,0,171,0,0,169,16,182,0,0,0,0,0,0,0,0,0,0,0,0,0,0,0,8,9,0,0,0,0,0,0,0,0,0,0,0,17,0,0,0,0,0,0,0,144,211,145,0,0,0,0,0,0,0,0,0,185,16,0,0,0,0,0,0,0,0,0,0,0,0,0,0,0,0,0,0,0,0,54,0,96,46,96,0,0,0,0,0,0,0,0,0,0,0,0,0,0,0,0,27,0,122,123,124,146,104,103,0,0,0,0,0,0,0,0,0,0,0,0,0,0,0,0,0,0,0,0,0,0,0,0,0,0,0,0,0,0,0,0,0,0,0,0,0,0,0,0,0,0,0,0,0,0,0,0,0,0,0,79,120,115,113,79,79,120,36,34,79,79,79,0,0,0,0,10,96,46,46,96,11,0,0,0,0,0,0,0,0,0,0,0,17,79,47,47,47,47,79,0,0,52,0,0,79,115,113,79,0,0,0,0,0,0,0,0,0,0,0,0,0,0,0,144,145,0,0,144,47,47,145,0,0,53,53,0,0,0,53,53,0,0,0,0,0,0,0,0,47,0,0,47,47,47,0,47,0,18,17,0,47,18,116,117,118,47,0,0,0,0,0,0,0,185,180,178,189,188,177,184,0,189,188,177,186,177,184,177,184,188,0,109,6,6,6,6,6,6,6,6,6,6,0,0,0,0,0,0,0,0,0,0,0,0,0,0,0,0,0,0,0,0,0,0,0,0,0,0,0,0,0,0,0,0,0,0,0,0,0,0,0,0,0,0,0,0,0,0,0,0,0,0,0,0,0,0,0,0,0,0,0,0,0,0,0,0,0,0,0,0,0,0,0,0
0,0,0,0,0,0,0,0,0,0,0,0,0,0,0,0,0,0,0,0,0,0,0,0,0,0,0,0,0,0,0,0,0,0,0,0,0,79,79,0,0,0,0,0,0,0,0,0,0,0,0,0,0,0,0,0,0,0,0,0,0,0,0,0,0,0,0,0,0,0,0,0,0,0,0,0,0,0,0,0,0,0,0,0,0,0,0,0,0,0,0,0,0,0,0,0,0,0,0,0,0,0,0,0,0,0,0,0,0,0,0,0,0,0,0,0,0,0,0,0,0,0,0,0,0,0,0,0,0,0,0,0,0,0,0,0,0,0,0,0,0,0,0,0,0,0,0,0,0,0,0,0,0,0,0,0,0,0,0,0,0,0,0,0,0,0,0,0,0,0,0,0,0,0,0,0,0,79,79,0,156,109,109,159,0,79,79,0,0,0,0,0,0,0,0,0,0,0,0,79,79,0,79,79,0,0,0,0,0,0,0,0,0,0,0,0,0,0,0,0,0,0,0,0,0,0,0,0,79,79,0,0,0,0,0,0,0,0,0,0,0,0,0,0,0,0,0,0,0,0,0,0,0,0,0,0,0,0,0,0,0,0,0,79,79,0,0,0,47,111,79,111,79,79,79,79,79,111,48,0,0,47,111,79,79,79,111,47,0,47,111,79,111,47,0,0,79,0,0,79,0,0,47,111,111,111,111,111,111,111,79,111,111,111,79,111,47,0,0,47,111,79,111,111,79,98,47,47,47,214,214,47,47,47,45,47,214,47,45,47,47,47,45,47,45,47,47,47,47,47,45,47,47,47,47,214,47,47,77,47,47,0,0,0,0,0,0,0,0,0,0,0,0,0,0,0,0,0,0,0,0,0,0,0,0,0,0,0,0,0,0,0,0,0,0,0,0,0,0,0,0,0,0,0,0,0,0,0,0,0,0,0,0,0,0,0,0,0,0,0,0,0,0,0,0,0,0,0,0,0,0,0,0,0,0,0,0,0,0,0,0,0,0,0,0,0,0,0,0,0,0,0,0,0,0,0,0,0,0,0,0,0,0,0,0,0,0,0,0,0,0,0,0,0,0,0,0,0,0,0,0,0,0,0,0,0,0,0,0,0,0,0,0,0,0,0,0,0,0,0,0,0,0,0,0,0,0,0,0,0,0,0,0,0,0,0,0,0,0,0,0,0,0,0,0,0,0,0,0,0,0,0,0,0,0,0,0,0,0,0,0,0,0,0,0,0,0,0,0,0,0,0,0,0,0,0,0,0,0,0,0,0,0,0,0,0,0,0,0,0,0,0,0,0,0,0,0,0,0,0,0,0,0,0,0,0,0,0,0,0,0,0,0,0,0,0,0,0,0,0,0,0,0,0,0,0,0,0,0,0,0,0,0,0,0,0,0,0,0,0,0,0,0,0,0,0,0,0,0,0,0,0,0,0,0,0,0,0,0,0,0,0,0,0,0,0,0,0,0,0,0,0,0,0,0,0,0,0,0,0,0,0,0,0,0,0,0,0,0,0,0,0,0,0,0,0,0,0,0,0,0,45,47,36,34,0,0,0,0,0,0,0,0,0,0,0,0,0,0,0,0,0,0,0,0,0,0,0,0,0,0,0,0,51,49,0,0,0,0,0,0,0,0,0,0,0,0,0,0,0,0,0,0,0,0,0,0,0,0,174,0,0,0,0,27,0,0,0,0,17,0,0,0,0,0,0,0,0,0,0,0,0,0,0,0,0,79,79,79,16,186,16,0,0,0,0,0,0,53,53,0,0,112,137,112,0,0,0,0,116,117,118,0,0,0,8,9,0,168,0,0,0,0,0,0,0,0,0,0,16,25,16,16,0,183,177,182,0,0,0,0,0,17,16,0,116,117,118,172,16,0,171,16,185,182,0,0,0,0,16,180,16,0,0,0,0,0,0,0,0,10,16,117,118,0,0,0,0,0,0,0,0,16,184,116,117,118,16,185,0,144,211,184,185,145,0,0,0,199,199,0,0,0,183,16,0,0,0,0,0,0,0,0,0,0,0,0,0,0,0,0,0,0,0,0,0,0,0,0,0,0,0,0,0,0,0,0,0,0,0,0,0,0,0,0,0,0,52,0,0,0,0,0,27,0,0,0,0,0,0,0,0,0,0,0,0,0,0,0,0,0,0,0,0,0,116,117,118,0,0,0,0,0,0,0,0,0,0,0,0,0,0,0,0,0,0,0,18,0,0,0,0,0,0,0,79,79,0,0,79,79,79,115,113,79,79,79,0,0,0,0,0,0,0,0,0,0,0,0,0,0,0,0,148,149,96,46,46,96,79,47,47,47,47,17,0,0,0,0,0,79,36,34,79,0,0,0,0,0,0,0,0,0,0,0,0,0,0,144,47,47,145,144,47,47,47,47,145,0,56,58,0,0,0,56,58,0,115,113,47,47,47,47,47,47,47,47,47,0,47,47,47,47,115,113,118,47,96,46,46,46,96,0,0,0,0,0,0,0,183,180,0,182,183,0,182,178,184,185,0,182,188,182,0,182,183,0,109,6,6,6,6,6,6,6,6,6,6,0,0,0,0,0,0,0,0,0,0,0,0,0,0,0,0,0,0,0,0,0,0,0,0,0,0,0,0,0,0,0,0,0,0,0,0,0,0,0,0,0,0,0,0,0,0,0,0,0,0,0,0,0,0,0,0,0,0,0,0,0,0,0,0,0,0,0,0,0,0,0,0
0,0,0,0,0,0,0,0,0,0,0,0,0,0,0,0,0,0,0,0,0,0,0,0,0,0,0,0,0,0,0,0,0,0,0,0,0,79,79,0,0,0,0,0,0,0,0,0,0,0,0,0,0,0,0,0,0,0,0,0,0,0,0,0,0,0,0,0,0,0,0,0,0,0,0,0,0,0,0,0,0,0,0,0,0,0,0,0,0,0,0,0,0,0,0,0,0,0,0,0,0,0,0,0,0,0,0,0,0,0,0,0,0,0,0,0,0,0,0,0,0,0,0,0,0,0,0,0,0,0,0,0,0,0,0,0,0,0,0,0,0,0,0,0,0,0,0,0,0,0,0,0,0,0,0,0,0,0,0,0,0,0,0,0,0,0,0,0,0,0,0,0,0,0,0,0,0,79,79,0,160,109,109,163,0,79,79,0,0,0,0,0,0,0,0,0,0,0,0,79,79,0,79,79,0,0,0,0,0,0,0,0,0,0,0,0,0,0,0,0,0,0,0,0,79,79,0,0,79,79,0,0,0,0,0,0,0,116,117,118,0,0,0,68,47,47,47,47,47,47,47,47,47,47,47,47,47,47,47,47,47,66,0,79,79,0,0,0,47,111,79,79,79,111,111,111,111,111,45,0,0,48,111,111,111,79,111,47,0,47,111,79,111,47,0,0,79,0,0,79,148,149,51,49,47,47,47,47,47,111,79,111,111,111,79,111,47,0,0,47,111,79,111,111,79,98,47,47,47,214,214,47,47,47,45,47,214,47,45,47,47,47,45,47,45,212,212,212,213,47,45,212,212,212,212,213,47,47,77,47,47,0,0,0,0,0,0,0,0,0,0,0,0,0,0,0,0,0,0,0,0,0,0,0,0,0,0,0,0,0,0,0,0,0,0,0,0,0,0,0,0,0,0,0,0,0,0,0,0,0,0,0,0,0,0,0,0,0,0,0,0,0,0,0,0,0,0,0,0,0,0,0,0,0,0,0,0,0,0,0,0,0,0,0,0,0,0,0,0,0,0,0,0,0,0,0,0,0,0,0,0,0,0,0,0,0,0,0,0,0,0,0,0,0,0,0,0,0,0,0,0,0,0,0,0,0,0,0,0,0,0,0,0,0,0,0,79,79,79,79,79,79,79,79,79,79,98,79,79,98,111,111,111,111,109,183,182,109,111,111,100,79,79,79,79,79,79,98,79,79,98,79,79,79,79,98,79,79,98,79,79,79,79,98,79,79,98,79,79,79,79,79,79,98,0,0,0,0,0,0,0,0,0,0,0,0,0,0,0,0,0,0,0,0,0,0,0,0,0,0,0,0,0,0,0,0,0,0,0,0,0,0,0,0,0,0,0,0,0,0,0,0,0,0,0,0,0,0,0,0,0,0,0,0,0,0,0,0,0,0,0,0,0,0,0,0,0,0,0,0,0,0,0,0,0,0,0,0,0,0,0,0,0,0,0,0,0,0,0,0,0,0,0,0,0,0,0,0,0,0,0,0,0,0,0,0,0,0,0,0,0,0,0,0,0,0,0,0,0,0,0,45,47,36,34,0,0,0,0,0,0,0,0,0,0,0,0,0,0,0,0,0,0,0,0,0,179,211,186,178,0,0,126,16,64,16,0,0,0,0,0,0,0,0,0,0,0,0,0,0,0,0,116,117,118,0,0,126,112,81,0,0,0,0,0,0,0,0,96,39,0,0,0,0,0,0,0,0,0,0,0,0,0,0,0,0,79,79,79,184,0,0,0,0,0,0,0,156,211,180,0,0,109,5,109,117,118,175,171,119,52,121,8,9,0,10,16,171,16,0,0,0,0,0,0,0,18,170,199,184,0,177,16,0,183,178,182,0,0,0,8,9,16,16,0,119,52,121,16,16,0,16,184,0,184,0,0,0,179,184,0,16,16,25,180,184,185,16,0,0,0,16,52,121,0,0,0,0,0,0,0,195,16,176,119,52,121,184,183,144,184,185,0,177,211,145,195,196,16,184,195,196,169,16,184,0,0,0,0,0,0,0,0,0,0,0,0,0,0,0,0,0,116,117,118,0,0,0,0,0,0,0,0,3,3,3,116,117,118,0,0,0,53,0,0,0,0,0,0,0,0,0,0,0,0,0,0,0,0,0,0,0,0,0,0,0,0,52,0,0,0,0,0,0,0,119,52,121,0,0,0,0,0,0,0,0,17,17,0,0,0,0,0,0,52,0,0,96,0,0,0,0,0,0,0,79,79,0,0,79,79,79,0,0,79,79,79,0,0,0,0,0,0,0,0,0,0,0,0,0,18,148,149,154,155,45,79,79,45,79,47,201,201,201,114,0,0,0,0,0,79,36,34,79,0,0,0,0,0,0,0,0,0,0,0,0,0,144,47,47,47,47,47,47,147,146,47,47,145,0,0,0,0,0,0,0,0,36,34,117,118,18,18,116,117,118,0,0,0,8,9,0,0,36,34,121,0,45,79,79,79,45,0,87,0,0,0,0,0,180,176,0,177,176,177,180,176,176,177,177,180,0,180,177,180,176,0,109,6,6,6,6,6,6,6,6,6,6,0,0,0,0,0,0,0,0,0,0,0,0,0,0,0,0,0,0,0,0,0,0,0,0,0,0,0,0,0,0,0,0,0,0,0,0,0,0,0,0,0,0,0,0,0,0,0,0,0,0,0,0,0,0,0,0,0,0,0,0,0,0,0,0,0,0,0,0,0,0,0,0
0,0,0,0,0,0,0,0,0,0,0,0,0,0,0,0,0,0,0,0,79,79,0,0,0,0,0,0,0,0,0,0,0,0,0,0,0,79,79,0,0,0,0,0,0,0,0,0,0,0,0,0,0,0,0,0,0,0,79,79,0,0,0,0,0,0,79,79,0,0,0,0,0,0,0,0,0,0,0,0,0,0,0,0,0,0,0,0,0,0,0,0,0,0,0,0,0,0,0,0,0,0,0,0,0,0,0,0,0,0,0,0,0,0,0,0,0,0,0,0,0,0,0,0,0,0,0,0,0,0,0,0,0,0,0,0,0,0,0,0,0,0,0,0,2,6,6,6,2,6,6,6,100,111,111,111,111,111,111,111,111,111,111,111,111,109,78,78,78,78,109,0,156,109,109,159,0,79,79,0,156,109,109,159,0,79,79,0,156,109,109,159,0,0,0,0,0,0,0,79,79,0,79,79,0,0,0,0,0,0,0,0,0,0,0,0,0,0,0,0,0,0,0,0,79,79,0,0,79,79,0,0,0,0,0,0,0,119,52,121,0,116,117,68,47,47,47,47,47,47,47,47,47,47,47,47,47,47,47,47,47,66,0,79,79,0,0,0,47,111,79,111,111,111,47,47,51,46,39,0,0,40,46,38,111,79,111,47,0,47,111,79,111,47,0,0,79,148,149,78,154,155,0,27,0,0,0,0,47,111,79,79,79,79,79,111,47,0,0,48,111,79,79,79,79,98,47,47,47,214,214,47,47,47,45,47,214,47,45,212,213,47,45,47,45,47,214,212,212,212,45,47,47,47,47,214,47,47,77,47,47,0,0,0,0,0,0,0,47,0,0,0,0,47,0,0,0,0,0,0,0,0,0,47,47,0,0,0,0,0,0,0,0,0,0,0,0,0,0,0,0,0,0,0,0,0,0,0,47,0,0,0,0,0,0,0,0,0,0,0,0,0,0,0,0,0,0,0,0,0,0,0,0,0,0,0,0,0,0,0,0,0,0,0,0,0,0,0,0,0,0,0,0,0,0,0,0,0,0,0,0,0,0,0,0,0,0,0,0,0,0,0,0,100,79,98,79,79,0,0,0,0,0,0,0,0,0,0,0,0,0,0,0,0,0,0,79,79,79,79,79,79,79,79,79,79,98,79,79,98,111,111,111,111,109,183,182,109,111,111,100,79,79,79,79,79,79,98,79,79,98,79,79,79,79,98,79,79,98,79,79,79,79,98,79,79,98,79,79,79,79,79,79,98,0,0,0,0,0,0,0,0,0,0,0,0,0,0,0,0,0,0,0,0,0,0,0,0,0,0,0,0,0,0,0,0,0,0,0,0,0,0,0,0,0,0,0,0,0,0,0,0,0,0,0,0,0,0,0,0,0,0,0,0,0,0,0,0,0,0,0,0,0,0,0,0,0,0,0,0,0,0,0,0,0,45,47,45,47,47,47,45,0,0,0,0,0,45,47,45,0,0,0,0,0,0,45,47,47,47,45,0,0,0,0,45,47,45,0,0,0,0,45,47,47,45,0,0,0,0,0,45,47,36,34,0,0,0,0,0,0,0,0,0,0,0,0,0,0,0,0,0,0,0,0,0,0,0,0,0,0,0,126,54,54,54,0,0,0,0,0,0,0,0,0,0,0,0,0,3,3,3,119,52,121,0,0,0,114,126,0,0,0,0,0,0,0,0,0,0,0,0,0,0,0,0,0,0,0,0,0,0,0,0,0,0,79,79,79,0,0,0,0,52,0,0,0,157,16,168,0,0,109,47,109,137,137,137,137,137,112,137,137,137,137,137,112,137,137,137,137,137,112,137,137,137,137,137,112,137,137,137,137,137,112,137,137,137,137,137,112,137,137,137,137,137,112,137,137,137,137,137,112,137,137,137,137,137,112,137,137,137,137,137,112,137,137,137,137,137,112,137,137,137,137,137,112,137,137,137,137,137,112,137,137,137,137,137,112,137,137,137,137,137,112,137,137,137,137,137,112,137,137,137,112,0,195,196,0,0,0,0,0,0,0,0,96,46,46,46,46,46,46,96,121,0,3,3,3,8,9,0,0,96,46,46,46,46,96,0,56,16,58,0,0,0,0,0,0,0,101,102,0,0,0,0,0,0,0,56,16,58,0,0,0,0,0,0,0,0,96,46,46,46,46,46,96,124,0,0,0,0,0,0,52,0,115,113,0,0,0,0,0,0,0,0,144,45,0,18,18,18,0,0,0,79,79,0,0,79,79,79,0,0,79,79,79,96,46,96,0,0,0,0,0,0,0,0,0,0,96,46,46,46,46,96,79,79,45,79,47,47,47,47,79,0,0,0,0,0,79,36,34,79,0,0,0,0,0,0,0,0,0,0,0,0,144,47,47,147,146,47,47,147,189,188,146,47,47,145,0,0,0,0,0,0,0,36,96,46,46,46,96,119,52,121,116,117,118,96,46,46,46,96,34,124,0,45,79,79,79,45,0,0,0,87,0,0,0,0,0,0,0,0,0,0,0,0,0,0,0,0,0,0,0,0,0,109,6,6,6,6,6,6,6,6,6,6,0,0,0,0,0,0,0,0,0,0,0,0,0,0,0,0,0,0,0,0,0,0,0,0,0,0,0,0,0,0,0,0,0,0,0,0,0,0,0,0,0,0,0,0,0,0,0,0,0,0,0,0,0,0,0,0,0,0,0,0,0,0,0,0,0,0,0,0,0,0,0,0
0,0,0,0,0,0,0,0,0,0,0,0,0,0,0,0,0,0,0,0,79,79,0,0,0,0,0,0,0,0,0,0,0,0,0,0,0,79,79,0,0,0,0,0,0,0,0,0,0,0,0,0,0,0,0,0,0,0,79,79,0,0,0,0,0,0,79,79,0,16,47,16,79,79,16,47,16,79,79,16,47,16,79,79,16,47,16,2,6,6,6,2,6,6,6,2,6,6,6,2,6,6,6,2,6,6,6,2,6,6,6,2,6,6,6,2,6,6,6,2,6,6,6,2,6,6,100,111,111,111,111,111,111,111,111,111,111,111,111,111,111,111,111,98,2,6,6,6,2,6,6,6,100,111,111,111,111,111,111,111,111,111,111,111,111,109,47,47,47,120,109,0,160,109,109,163,0,79,79,0,160,109,109,163,0,79,79,0,160,109,109,163,0,0,0,0,0,0,0,79,79,0,79,79,0,0,0,0,0,0,0,0,0,0,0,0,0,0,0,0,0,0,0,0,79,79,47,47,79,79,0,0,0,0,0,0,0,122,123,124,0,119,52,68,47,47,120,47,47,47,47,47,47,47,120,47,47,47,47,120,47,66,0,79,79,0,0,0,47,111,111,111,37,46,49,79,79,79,79,0,0,0,10,45,111,79,111,47,0,47,111,111,111,48,148,149,78,154,155,79,0,0,0,0,0,0,0,0,47,111,79,111,111,111,111,111,47,0,0,45,111,111,111,79,79,98,47,47,47,214,214,47,47,47,45,47,214,47,45,212,212,212,45,47,45,47,214,47,47,47,45,47,214,212,212,213,47,214,82,35,44,0,0,0,0,0,47,0,47,0,0,0,47,47,0,0,0,0,0,0,0,0,0,202,202,47,0,0,0,0,0,0,0,0,0,0,0,0,0,0,0,0,0,0,0,0,0,0,47,47,0,0,0,0,0,0,0,0,0,0,0,0,0,47,0,0,0,0,0,0,0,0,0,0,0,0,0,0,0,0,0,0,0,0,0,0,0,0,0,0,0,0,0,0,0,0,0,0,0,0,0,0,0,0,0,0,0,0,0,0,0,0,0,100,79,98,79,79,79,79,79,98,79,79,79,79,98,79,79,98,79,79,79,79,79,98,79,79,79,79,79,79,79,79,79,79,98,79,79,98,111,111,111,111,109,183,182,109,111,111,100,79,79,79,79,79,79,98,79,79,98,79,79,79,79,98,79,79,98,79,79,79,79,98,79,79,98,79,79,79,79,79,79,98,0,0,0,0,0,0,79,79,79,79,79,79,79,79,0,0,0,0,0,0,0,0,0,0,0,0,0,0,0,0,0,0,0,0,0,0,0,0,0,0,45,111,111,111,111,111,111,111,111,111,111,111,111,111,111,111,111,111,0,0,0,0,0,0,0,0,0,0,0,0,0,0,0,0,0,0,0,0,0,0,0,45,47,45,202,202,202,45,0,0,0,0,116,45,47,45,0,0,0,0,0,0,45,47,47,47,45,0,0,0,0,45,47,45,0,0,0,0,45,47,47,45,0,0,0,0,0,45,47,36,34,0,0,0,0,0,0,0,0,0,0,0,0,0,0,0,187,211,181,0,0,0,0,0,0,0,0,0,0,0,0,0,0,0,0,0,0,0,0,0,0,0,0,52,0,16,96,126,122,123,124,8,9,0,0,0,0,0,0,0,0,0,0,0,0,0,179,211,181,0,18,8,9,0,0,0,0,0,0,0,0,0,79,79,79,0,0,0,0,0,0,0,0,146,16,0,0,0,109,47,109,5,5,5,5,5,109,5,5,5,5,5,109,5,5,5,5,5,109,5,5,5,5,5,109,5,5,5,5,5,109,5,5,5,5,5,109,5,5,5,5,5,109,5,5,5,5,5,109,5,5,5,5,5,109,5,5,5,5,5,109,5,5,5,5,5,109,5,5,5,5,5,109,5,5,5,5,5,109,5,5,5,5,5,109,5,5,5,5,5,109,5,5,5,5,5,109,5,5,5,109,0,193,194,0,0,0,0,0,0,0,8,45,79,79,79,79,79,79,45,124,0,96,46,46,96,11,0,8,45,79,79,79,79,45,0,0,0,0,0,0,0,0,0,0,0,104,103,46,46,46,96,0,0,0,0,0,0,0,0,0,0,0,0,0,116,45,79,79,79,79,79,45,0,0,0,52,0,0,0,0,0,36,34,0,0,0,0,0,0,96,46,46,96,0,16,16,16,0,0,0,79,79,115,113,79,79,79,0,0,79,79,79,47,47,47,0,0,0,0,0,8,9,0,0,0,45,79,79,79,79,79,79,79,45,79,47,47,47,47,79,0,0,0,0,0,79,36,34,79,0,0,0,0,0,0,0,0,0,0,0,144,47,47,147,189,188,146,147,189,189,188,188,146,47,47,145,0,0,0,0,0,0,36,34,79,79,79,45,122,123,124,119,52,121,45,79,79,79,36,34,0,0,45,79,79,79,45,0,0,0,0,0,87,0,0,0,0,0,0,0,0,0,0,0,0,0,0,0,0,0,0,0,109,6,6,6,6,6,6,6,6,6,6,0,0,0,0,0,0,0,0,0,0,0,0,0,0,0,0,0,0,0,0,0,0,0,0,0,0,0,0,0,0,0,0,0,0,0,0,0,0,0,0,0,0,0,0,0,0,0,0,0,0,0,0,0,0,0,0,0,0,0,0,0,0,0,0,0,0,0,0,0,0,0,0
0,0,0,0,0,0,0,0,0,0,0,0,0,0,0,0,0,0,0,0,79,79,0,0,0,0,0,0,0,0,0,0,0,0,0,0,0,79,79,0,0,0,0,0,0,0,0,0,0,0,0,0,0,0,0,0,0,0,79,79,0,0,0,0,0,0,79,79,0,16,47,16,79,79,16,47,16,79,79,16,47,16,79,79,16,47,16,2,6,6,6,2,6,6,6,2,6,6,6,2,6,6,6,2,6,6,6,2,6,6,6,2,6,6,6,2,6,6,6,2,6,6,6,2,6,6,100,111,111,111,111,111,111,111,111,111,111,111,111,111,111,111,111,98,2,6,6,6,2,6,6,6,100,111,111,111,111,111,111,111,111,111,111,111,111,109,78,78,78,78,109,0,156,109,109,159,0,79,79,0,156,109,109,159,0,79,79,0,156,109,109,159,0,0,0,0,0,0,0,79,79,0,79,79,0,0,0,0,0,0,0,0,47,0,0,79,47,47,120,47,79,0,0,0,79,79,0,0,79,79,0,0,0,0,8,9,0,0,0,0,0,122,123,68,47,47,47,47,47,47,47,47,47,47,47,47,47,47,47,47,47,66,118,79,79,0,0,0,47,47,47,47,50,52,121,79,79,79,79,0,0,0,0,50,111,111,111,47,0,47,47,51,46,39,154,155,79,0,0,79,0,0,0,0,0,0,0,0,47,111,111,111,37,46,46,49,47,0,0,40,49,47,111,79,79,111,47,47,120,214,214,47,47,47,45,47,214,47,45,47,120,47,45,47,64,212,212,47,120,47,45,47,214,47,47,214,212,212,47,68,40,0,0,0,0,0,47,47,47,0,47,0,64,64,0,0,47,0,0,0,0,0,0,64,64,64,0,0,47,0,0,0,47,0,0,0,0,0,0,0,0,0,0,0,0,0,0,47,47,47,47,0,0,0,0,0,0,0,0,0,0,0,0,47,0,0,0,0,195,196,0,0,0,0,0,0,0,0,0,0,0,0,0,0,0,0,0,0,0,0,0,0,0,0,0,0,0,0,0,0,0,0,0,0,0,0,0,0,0,0,0,0,0,100,79,98,79,79,79,79,79,98,79,79,79,79,98,79,79,98,79,79,79,79,79,98,79,79,79,79,79,79,79,79,79,79,98,79,79,98,111,111,111,111,109,183,182,109,111,111,100,79,79,79,79,79,79,98,79,79,98,79,79,79,79,98,79,79,98,79,79,79,79,98,79,79,98,79,79,79,79,79,79,98,0,0,0,0,0,0,79,0,0,0,0,0,0,79,0,0,0,0,0,0,0,0,0,0,0,0,0,0,0,0,0,0,0,0,0,0,0,0,0,0,45,111,111,111,111,111,111,111,111,111,111,111,111,111,111,111,111,111,111,111,111,111,111,111,111,111,111,111,45,0,0,0,0,0,0,0,0,0,0,0,0,45,115,110,110,110,110,110,113,0,0,0,119,45,47,45,0,0,0,0,0,0,45,47,47,47,45,0,0,0,0,45,47,45,0,0,0,0,45,47,47,45,0,0,0,0,0,45,47,36,34,0,0,0,0,0,0,0,0,0,0,0,0,0,179,211,211,211,211,184,0,0,0,0,0,0,0,0,0,0,0,0,0,0,0,0,0,0,0,0,0,0,0,0,0,0,10,11,0,0,0,10,11,0,0,0,0,0,0,0,181,181,0,0,0,0,0,0,0,0,51,16,126,0,0,8,9,0,0,0,0,0,79,79,79,0,0,0,0,0,0,0,0,0,16,0,0,0,109,47,109,47,79,47,79,47,109,79,47,79,47,79,109,47,79,47,79,47,109,79,47,79,47,79,109,47,79,47,79,47,109,79,47,79,47,79,109,47,79,47,79,47,109,79,47,79,47,79,109,47,79,47,79,47,109,79,47,79,47,79,109,47,79,47,79,47,109,79,47,79,47,79,109,47,79,47,79,47,109,79,47,79,47,79,109,47,79,47,79,47,109,79,47,79,47,79,109,47,79,47,109,0,0,0,0,195,196,0,0,0,0,10,45,79,79,79,79,79,79,45,0,116,45,79,79,45,0,0,10,45,79,79,79,79,45,0,0,0,0,0,0,0,0,116,117,118,45,79,79,79,79,45,0,0,0,0,0,0,0,0,0,0,0,0,0,119,45,79,79,79,79,79,45,0,0,0,0,0,0,0,0,0,36,34,0,0,0,0,0,0,45,79,79,45,0,0,0,0,0,0,0,79,120,36,34,79,120,79,115,113,79,79,79,47,47,47,0,0,0,0,0,96,46,96,0,0,45,79,79,79,79,79,79,79,45,79,47,47,47,47,79,0,0,0,0,0,79,36,34,79,0,0,0,0,0,0,0,0,0,0,144,47,47,147,189,189,188,188,189,189,189,188,188,188,146,47,47,145,0,0,0,0,0,36,34,79,79,79,45,0,0,0,122,123,124,45,79,79,79,36,34,0,0,45,79,79,79,45,0,0,0,0,0,0,0,87,0,0,0,0,0,0,0,0,0,0,0,0,0,0,0,0,116,109,6,6,6,6,6,6,6,6,6,6,0,0,0,0,0,0,0,0,0,0,0,0,0,0,0,0,0,0,0,0,0,0,0,0,0,0,0,0,0,0,0,0,0,0,0,0,0,0,0,0,0,0,0,0,0,0,0,0,0,0,0,0,0,0,0,0,0,0,0,0,0,0,0,0,0,0,0,0,0,0,0,0
0,0,0,0,0,0,0,0,0,0,0,0,0,0,0,0,0,0,0,0,79,79,0,0,0,0,0,0,0,0,0,0,0,0,0,0,0,79,79,0,0,0,0,0,0,0,0,0,0,0,0,0,0,0,0,0,0,0,79,79,0,0,0,0,0,0,79,79,116,16,47,16,79,79,16,47,16,79,79,16,47,16,79,79,16,47,16,2,6,6,6,2,6,6,6,2,6,6,6,2,6,6,6,2,6,6,6,2,6,6,6,2,6,6,6,2,6,6,6,2,6,6,6,2,6,6,100,111,111,111,111,111,111,111,111,111,111,111,111,111,111,111,111,98,2,6,6,6,2,6,6,6,100,111,111,111,111,111,111,111,111,111,111,111,111,109,120,47,47,47,109,0,160,109,109,163,0,79,79,0,160,109,109,163,0,79,79,0,160,109,109,163,0,0,0,0,0,0,0,79,79,0,211,211,0,0,0,0,0,0,0,0,120,0,0,47,0,0,0,0,79,47,120,47,79,79,0,0,79,79,0,0,0,31,211,211,24,24,24,24,24,24,24,68,47,47,47,47,47,47,47,47,120,47,96,78,78,78,78,78,78,96,121,79,79,0,0,0,0,0,0,0,122,123,124,79,79,79,79,0,0,0,0,47,47,51,46,49,0,79,79,79,0,0,0,0,79,0,0,79,0,0,0,0,0,0,0,0,47,47,47,47,45,52,121,0,0,0,0,79,79,47,111,111,111,111,47,214,212,213,212,47,0,47,45,212,212,47,64,0,47,47,64,0,0,0,47,47,47,47,64,212,212,212,212,212,47,0,0,68,66,0,0,0,0,0,202,202,47,47,202,0,10,11,0,47,47,202,118,0,0,0,0,190,10,11,0,47,47,0,0,47,202,0,0,0,0,0,0,0,0,0,0,0,0,0,0,64,64,64,64,0,0,0,0,0,47,0,0,0,195,196,0,47,202,0,195,196,193,194,195,196,0,0,0,0,0,0,0,0,0,47,0,0,0,0,0,0,0,0,0,0,0,0,0,0,47,0,0,0,0,0,0,0,0,0,0,0,0,0,0,0,0,100,79,98,79,79,79,79,79,98,79,79,79,79,98,79,79,98,79,79,79,79,79,98,79,79,79,79,79,79,79,79,79,79,98,79,79,98,93,93,93,93,109,183,182,109,93,93,100,79,79,79,79,79,79,98,79,79,98,79,79,79,79,98,79,79,98,79,79,79,79,98,79,79,98,79,79,79,79,79,79,98,0,0,0,0,0,79,79,0,0,0,0,0,0,79,79,79,79,79,79,79,79,79,79,0,0,0,0,0,0,0,0,0,0,0,0,0,0,0,0,116,45,111,111,111,111,111,111,111,111,111,111,111,111,111,111,111,111,111,111,111,111,111,111,111,111,111,111,111,45,0,0,0,0,0,0,0,0,0,0,0,116,45,47,45,0,119,52,121,0,0,0,0,122,45,202,45,0,0,0,0,0,0,45,47,47,47,45,0,0,0,0,45,47,45,0,0,0,0,45,47,47,45,0,0,0,0,0,45,202,36,34,0,195,196,0,0,0,0,0,80,0,195,196,0,0,0,122,123,124,0,0,0,0,0,0,0,0,0,0,0,0,0,80,9,0,0,0,0,0,0,0,0,0,0,116,117,118,0,0,0,0,0,0,0,0,0,0,0,181,211,211,211,186,0,0,0,0,0,0,0,126,180,0,0,0,10,11,0,116,117,118,0,79,79,79,0,0,174,171,0,0,0,0,0,16,170,0,0,109,47,109,47,47,47,47,47,109,47,47,47,47,47,109,47,47,47,47,47,109,47,47,47,47,47,109,47,47,47,47,47,109,47,47,47,47,47,109,47,47,47,47,47,109,47,47,47,47,47,109,47,47,47,47,47,109,47,47,47,47,47,109,47,47,47,47,47,109,47,47,47,47,47,109,47,47,47,47,47,109,47,47,47,47,47,109,47,47,47,47,47,109,47,47,47,47,47,109,47,47,47,109,0,0,0,0,193,194,0,0,195,196,0,45,79,79,79,79,79,79,45,0,119,45,79,79,45,0,0,0,45,79,79,79,79,45,0,0,0,0,0,0,0,0,119,52,121,45,79,79,79,79,45,0,0,0,0,0,0,0,0,0,0,0,0,0,122,45,79,79,79,79,79,45,0,0,0,0,0,0,0,0,0,36,34,0,0,0,0,0,0,45,79,79,45,0,0,0,0,0,0,0,79,79,36,34,79,79,120,36,34,120,79,79,96,46,96,0,0,0,0,0,45,79,45,0,0,45,79,79,79,79,79,79,79,45,79,47,47,47,47,79,0,0,0,0,0,79,36,34,79,0,0,0,0,0,0,0,0,0,144,47,47,147,189,189,189,188,188,189,189,189,188,188,188,188,146,47,47,145,0,0,0,0,36,34,79,79,79,45,0,0,0,0,0,0,45,79,79,79,36,34,0,0,45,79,79,79,45,0,0,0,0,0,0,0,0,0,87,0,0,0,0,0,0,0,0,0,0,0,0,0,0,119,109,6,6,6,6,6,6,6,6,6,6,0,0,0,0,0,0,0,0,0,0,0,0,0,0,0,0,0,0,0,0,0,0,0,0,0,0,0,0,0,0,0,0,0,0,0,0,0,0,0,0,0,0,0,0,0,0,0,0,0,0,0,0,0,0,0,0,0,0,0,0,0,0,0,0,0,0,0,0,0,0,0,0
0,0,0,0,0,0,0,0,0,0,0,0,0,0,0,0,0,0,0,0,79,79,0,0,0,0,0,0,0,179,181,0,0,181,178,0,0,211,211,0,0,0,0,0,0,0,0,0,0,0,0,0,0,0,0,0,0,0,79,79,0,0,0,0,0,0,79,79,119,16,47,16,79,79,16,47,16,79,79,16,47,16,79,79,16,47,16,2,6,6,6,2,6,6,6,2,6,6,6,2,6,6,6,2,6,6,6,2,6,6,6,2,6,6,6,2,6,6,6,2,6,6,6,2,6,6,100,111,111,111,111,111,111,111,111,111,111,111,111,111,111,111,111,98,2,6,6,6,2,6,6,6,100,111,111,111,111,111,111,111,111,111,111,111,111,109,78,78,78,78,109,0,156,109,109,159,0,211,211,0,156,109,109,159,0,79,79,0,156,109,109,159,0,8,9,8,9,0,0,79,79,0,10,11,0,0,0,0,0,0,0,0,79,47,47,79,47,79,0,0,47,0,0,0,79,79,0,0,79,79,0,0,0,31,211,211,23,23,23,23,23,23,23,68,47,120,47,47,47,47,47,47,47,47,66,0,10,11,0,0,122,123,124,79,79,0,0,0,0,0,0,0,0,0,0,79,79,79,79,0,0,0,0,79,79,0,0,191,0,79,79,79,0,0,0,0,79,0,0,79,0,0,0,0,0,0,0,0,0,0,0,0,45,123,124,0,0,0,0,79,79,51,46,46,46,46,38,212,212,212,0,195,196,47,64,47,202,0,0,0,0,47,0,0,0,0,0,0,0,47,55,0,47,202,47,0,195,196,0,72,71,0,0,0,0,0,64,64,64,64,64,0,0,0,0,64,64,64,121,0,0,0,0,0,0,0,0,47,202,202,0,64,64,0,0,0,0,0,0,0,0,0,52,0,0,0,0,0,191,30,27,0,0,0,0,47,47,0,0,0,193,194,0,64,64,0,193,194,0,0,193,194,195,196,0,0,0,0,0,0,0,47,0,0,0,0,0,0,0,47,0,0,0,0,0,47,47,0,0,0,0,0,0,0,0,0,0,0,0,0,0,0,0,100,79,98,79,79,79,79,79,98,79,79,79,79,98,79,79,98,79,79,79,79,79,98,79,79,79,79,79,79,79,79,79,79,98,79,79,98,117,118,0,0,109,183,182,109,9,0,100,79,79,79,79,79,79,98,79,79,98,99,99,99,99,103,79,79,98,99,99,99,99,103,79,79,98,79,79,79,79,79,79,98,0,0,0,0,0,79,79,0,0,0,0,0,0,79,79,79,79,0,0,0,0,126,126,126,0,0,79,126,126,79,79,79,79,79,0,0,0,0,0,119,45,111,111,111,111,111,111,111,111,111,111,111,111,111,111,111,111,111,111,111,111,111,111,111,111,111,111,111,45,0,0,0,0,0,0,0,0,0,0,0,119,45,202,45,9,122,123,124,0,195,196,0,115,110,110,110,113,0,0,0,0,0,45,202,202,202,45,0,0,0,116,45,47,45,0,0,0,0,45,47,47,45,0,195,196,0,115,110,110,113,34,0,193,194,0,0,0,0,0,96,0,193,194,0,0,0,0,0,0,0,0,0,0,0,0,0,0,0,0,0,52,116,77,49,0,0,32,126,115,113,0,8,9,0,119,52,121,0,0,0,0,0,0,0,0,0,0,0,0,177,180,180,0,0,0,0,0,0,0,0,0,0,0,0,0,0,0,0,119,52,121,0,16,185,184,185,16,16,16,168,0,0,0,0,16,16,0,0,109,47,109,47,47,47,47,47,109,47,47,47,47,47,109,47,47,47,47,47,109,47,47,47,47,47,109,47,47,47,47,47,109,47,47,47,47,47,109,47,47,47,47,47,109,47,47,47,47,47,109,47,47,47,47,47,109,47,47,47,47,47,109,47,47,47,47,47,109,47,47,47,47,47,109,47,47,47,47,47,109,47,47,47,47,47,109,47,47,47,47,47,109,47,47,47,47,47,109,47,47,47,109,0,0,0,0,0,0,0,0,193,194,0,45,79,79,79,79,79,79,45,0,122,45,79,79,45,0,0,0,45,79,79,79,79,45,0,0,0,0,0,0,0,0,122,123,124,45,79,79,79,79,45,0,0,0,0,0,0,0,0,0,0,0,0,0,0,45,79,79,79,79,79,45,0,0,0,0,0,0,0,0,0,36,34,0,0,0,0,0,0,45,79,79,45,0,0,0,0,0,0,0,79,79,36,34,120,79,79,36,34,79,79,79,45,79,45,0,0,0,0,0,45,79,45,0,0,45,79,79,79,79,79,79,79,45,79,47,47,47,47,79,0,0,0,0,0,79,36,34,79,0,0,0,0,0,0,0,0,144,47,47,147,189,189,189,189,188,188,189,189,189,188,188,188,188,188,146,47,47,145,0,0,0,36,34,79,79,79,45,0,0,0,0,0,0,45,79,79,79,36,34,0,0,45,79,79,79,45,0,0,0,0,0,0,0,0,0,0,0,87,0,0,0,0,0,0,0,0,0,0,0,0,122,109,6,6,6,6,6,6,6,6,6,6,0,0,0,0,0,0,0,0,0,0,0,0,0,0,0,0,0,0,0,0,0,0,0,0,0,0,0,0,0,0,0,0,0,0,0,0,0,0,0,0,0,0,0,0,0,0,0,0,0,0,0,0,0,0,0,0,0,0,0,0,0,0,0,0,0,0,0,0,0,0,0,0
0,0,0,0,0,0,0,0,0,0,0,0,0,0,0,0,0,0,0,0,79,79,0,0,0,0,0,0,187,211,211,186,177,180,180,0,0,10,11,0,0,0,0,0,0,0,0,0,0,0,0,0,0,0,0,0,0,0,79,79,0,0,0,0,0,0,79,79,122,16,47,16,79,79,16,47,16,79,79,16,47,16,79,79,16,47,16,1,5,5,5,1,5,5,5,1,5,5,5,1,5,5,5,1,5,5,5,1,5,5,5,1,5,5,5,1,5,5,5,1,5,5,5,1,5,5,100,111,111,111,111,111,111,111,111,111,111,111,111,111,111,111,111,98,1,5,5,5,1,5,5,5,100,111,111,111,111,111,111,111,111,111,111,111,111,109,47,47,47,120,109,0,160,109,109,163,0,10,11,0,160,51,49,163,0,79,79,0,160,109,109,163,183,211,211,211,211,182,0,79,79,0,0,0,0,0,0,0,0,47,0,0,47,0,0,0,0,47,0,0,47,0,0,0,79,79,0,0,79,79,0,0,0,0,30,30,0,0,0,0,0,0,116,68,47,47,47,112,67,67,67,67,67,67,96,0,0,0,0,0,0,0,0,79,79,0,0,0,0,0,0,0,0,0,0,79,79,79,79,48,0,0,0,79,79,0,0,0,0,79,79,79,175,0,0,0,79,0,0,79,0,116,117,37,46,49,47,0,0,0,0,31,50,0,0,0,0,0,0,79,79,79,0,0,0,0,50,0,0,0,0,193,194,0,0,0,192,0,0,0,0,0,0,0,0,0,0,0,0,0,0,0,0,192,0,0,193,194,0,0,0,0,0,0,0,0,0,0,0,0,0,0,0,0,0,27,122,123,124,0,0,0,0,0,0,0,0,64,64,64,0,191,27,0,0,0,0,0,0,0,0,0,0,0,0,0,52,0,0,0,0,0,0,0,0,64,64,0,0,0,0,0,0,0,54,0,0,0,0,0,0,0,193,194,0,0,0,0,0,52,0,202,47,0,0,0,0,0,47,47,0,0,0,116,202,202,202,202,47,0,0,0,0,0,0,0,0,0,0,0,0,0,0,100,79,98,79,79,79,79,79,98,79,79,79,79,98,79,79,98,79,79,79,79,79,98,79,79,79,79,79,79,79,79,79,79,98,79,79,98,52,121,0,8,109,183,182,109,11,0,100,79,79,79,79,79,79,98,99,99,103,79,201,201,79,104,99,99,103,79,201,201,79,104,99,99,103,79,79,79,79,79,79,98,0,79,79,79,126,79,0,0,0,0,0,0,0,79,0,0,0,0,0,52,0,10,126,79,0,0,79,54,54,0,195,196,79,79,0,0,0,0,0,122,45,111,111,111,111,111,111,111,111,111,111,111,111,111,111,111,111,111,111,111,111,111,111,111,111,111,111,111,45,0,0,0,0,0,0,0,0,0,0,0,115,110,110,110,113,0,0,0,0,193,194,0,0,0,193,45,11,0,195,196,0,115,110,110,110,110,110,113,0,0,119,45,202,45,0,0,0,0,45,202,202,45,0,193,194,0,0,122,123,36,34,118,0,0,0,0,0,52,0,82,0,0,195,196,0,0,0,0,0,0,0,0,0,116,117,118,0,0,0,0,0,119,77,126,0,0,0,32,126,0,0,10,11,0,122,123,124,0,0,0,0,0,0,0,0,0,0,0,0,0,0,0,0,0,0,0,0,0,0,0,0,0,0,0,0,0,0,0,122,123,124,0,176,191,190,191,0,191,185,176,0,0,0,0,211,176,0,0,109,47,109,47,47,47,47,47,109,47,47,47,47,47,109,47,47,47,47,47,109,47,47,47,47,47,109,47,47,47,47,47,109,47,47,47,47,47,109,47,47,47,47,47,109,47,47,47,47,47,109,47,47,47,47,47,109,47,47,47,47,47,109,47,47,47,47,47,109,47,47,47,47,47,109,47,47,47,47,47,109,47,47,47,47,47,109,47,47,47,47,47,109,47,47,47,47,47,109,47,47,47,109,0,0,0,0,0,0,0,0,0,0,0,45,79,79,79,79,79,79,45,0,0,45,79,79,45,0,0,0,45,79,79,79,79,45,0,0,0,0,0,0,0,0,0,0,0,45,79,79,79,79,45,0,0,0,0,0,0,0,0,0,0,0,0,0,0,45,79,79,79,79,79,45,0,0,0,0,0,0,0,0,0,36,34,0,0,0,0,0,0,45,79,79,45,0,0,0,0,0,0,0,120,79,36,34,79,79,79,36,34,79,120,79,45,79,45,0,0,0,0,0,45,79,45,0,0,45,79,79,79,79,79,79,79,45,79,47,47,47,47,79,0,0,0,0,0,79,36,34,79,0,0,0,0,0,0,0,144,47,47,147,189,189,189,189,189,188,188,189,189,189,188,188,188,188,188,188,146,47,47,145,0,0,36,34,79,79,79,45,0,0,0,0,0,0,45,79,79,79,36,34,0,0,45,79,79,79,45,0,0,0,0,0,0,0,0,0,0,0,0,0,87,0,0,0,0,0,0,0,0,0,0,0,109,6,6,6,6,6,6,6,6,6,6,0,0,0,0,0,0,0,0,0,0,0,0,0,0,0,0,0,0,0,0,0,0,0,0,0,0,0,0,0,0,0,0,0,0,0,0,0,0,0,0,0,0,0,0,0,0,0,0,0,0,0,0,0,0,0,0,0,0,0,0,0,0,0,0,0,0,0,0,0,0,0,0
0,0,0,0,0,0,0,0,0,0,0,0,0,0,0,0,0,0,0,0,79,79,0,0,0,0,0,0,0,0,0,0,0,0,0,0,0,0,0,0,0,0,0,8,9,0,0,0,0,0,0,0,0,0,0,181,0,0,79,79,0,0,0,0,0,0,79,79,0,16,47,16,79,79,16,47,16,79,79,16,47,16,79,79,16,47,16,194,190,116,117,118,16,47,120,47,47,16,47,120,47,16,35,35,35,35,35,35,35,35,35,35,35,16,47,47,47,47,47,120,16,47,47,47,47,16,93,93,93,93,93,119,52,121,93,93,93,79,93,93,10,11,79,93,190,13,13,13,13,13,13,191,93,93,93,79,93,93,93,79,93,93,93,79,93,109,78,78,78,78,109,0,156,109,109,159,0,0,0,0,0,23,23,0,0,79,79,0,156,109,109,159,0,0,0,0,54,0,0,211,211,0,0,0,0,0,0,0,0,120,0,0,47,0,0,0,0,47,0,0,47,0,0,0,79,79,0,0,79,79,0,0,0,0,0,0,0,0,0,0,0,0,119,96,67,67,67,114,11,191,190,0,0,30,0,0,0,0,0,0,0,0,0,211,211,0,0,0,0,0,0,0,0,52,0,37,46,46,46,39,47,47,51,46,49,0,0,8,37,46,46,46,49,47,47,47,79,0,0,79,0,119,52,45,111,111,47,0,0,0,0,0,30,0,0,0,0,0,0,79,79,79,0,0,0,0,0,0,0,0,0,0,0,0,0,0,0,0,0,0,0,0,0,0,0,0,0,0,0,0,0,0,0,0,0,0,0,0,0,0,0,0,0,0,0,0,0,0,0,0,0,0,0,0,0,0,0,0,0,0,0,0,0,52,0,0,0,0,0,54,0,0,0,0,0,0,0,0,0,0,0,0,0,0,0,0,0,0,0,52,0,0,0,0,0,10,11,0,0,52,0,0,0,53,0,0,0,0,0,0,0,0,0,0,0,0,52,0,0,0,0,64,64,0,0,0,0,0,202,202,47,0,0,119,64,64,64,64,64,0,0,0,0,0,0,0,0,0,0,0,52,0,0,100,79,98,79,79,79,79,79,98,79,79,79,79,98,79,79,98,99,99,99,99,99,103,79,79,79,79,79,79,79,79,79,79,98,79,79,98,123,124,0,10,114,183,182,114,0,0,104,99,99,99,99,99,99,103,47,79,79,47,195,196,47,79,47,47,79,47,195,196,47,79,79,47,104,99,99,99,99,99,99,103,0,126,126,0,4,195,196,0,0,79,79,79,79,79,0,0,0,0,0,0,0,79,126,79,79,79,79,79,79,0,193,194,79,79,126,0,0,0,0,0,50,93,10,11,93,79,93,93,93,93,93,119,52,121,93,79,79,93,122,123,124,79,93,93,10,11,79,93,50,0,0,0,16,0,0,0,0,0,0,0,27,190,0,0,52,0,0,0,0,0,0,0,0,0,116,45,118,0,193,194,0,0,0,122,123,124,45,0,0,0,115,110,102,45,0,0,0,115,110,110,110,110,113,0,0,0,0,0,115,110,110,113,0,0,0,0,0,0,0,192,0,0,193,194,0,185,211,211,211,211,211,180,0,119,52,80,0,0,0,0,0,122,82,0,0,0,0,0,0,0,0,0,0,0,0,0,0,0,0,0,0,0,0,0,0,0,0,0,0,0,0,0,0,0,0,0,0,0,0,0,0,0,0,0,0,0,0,0,0,0,0,0,0,0,0,0,0,0,0,0,0,0,0,0,182,0,0,0,109,47,109,47,47,47,47,47,109,47,47,47,47,47,109,47,47,47,47,47,109,47,47,47,47,47,109,47,47,47,47,47,109,47,47,47,47,47,109,47,47,47,47,47,109,47,47,47,47,47,109,47,47,47,47,47,109,47,47,47,47,47,109,47,47,47,47,47,109,47,47,47,47,47,109,47,47,47,47,47,109,47,47,47,47,47,109,47,47,47,47,47,109,47,47,47,47,47,109,47,47,47,109,0,0,0,0,0,0,0,0,0,0,0,45,79,79,79,79,79,79,45,0,0,45,79,79,45,0,0,0,45,79,79,79,79,45,0,0,0,0,0,0,0,0,0,0,0,45,79,79,79,79,45,0,0,0,0,0,0,0,0,0,0,0,0,0,0,45,79,79,79,79,79,45,0,0,0,0,0,0,0,0,0,36,34,0,0,0,0,0,0,45,79,79,45,0,0,0,0,0,0,0,79,79,36,34,79,79,120,36,34,79,79,120,45,79,45,0,0,0,0,0,45,79,45,0,0,45,79,79,79,79,79,79,79,45,79,47,47,47,47,79,0,0,0,0,0,79,36,34,79,0,0,0,0,0,0,0,0,0,0,0,0,0,0,0,0,0,0,0,0,0,0,0,0,0,0,0,0,0,0,0,0,0,36,34,79,79,79,0,0,0,0,0,0,0,0,79,79,79,36,34,0,0,0,79,79,79,0,0,0,0,0,0,0,0,0,0,0,0,0,0,0,0,87,0,0,0,0,0,0,0,0,8,109,6,6,6,6,6,6,6,6,6,6,0,0,0,0,0,0,0,0,0,0,0,0,0,0,0,0,0,0,0,0,0,0,0,0,0,0,0,0,0,0,0,0,0,0,0,0,0,0,0,0,0,0,0,0,0,0,0,0,0,0,0,0,0,0,0,0,0,0,0,0,0,0,0,0,0,0,0,0,0,0,0,0
0,0,0,0,181,181,0,0,0,0,0,0,0,0,0,0,0,0,0,0,79,79,0,179,211,211,181,0,0,0,0,0,0,0,0,0,0,0,0,0,52,0,0,211,211,0,0,8,9,0,0,0,0,0,187,211,186,178,79,79,0,179,178,0,0,0,211,211,0,16,47,16,211,211,16,47,16,211,211,16,47,16,211,211,16,47,16,0,0,119,52,121,16,47,47,47,47,16,35,35,35,16,194,191,30,27,30,190,190,190,190,8,9,16,47,120,47,47,47,47,16,47,47,47,47,16,0,0,0,0,0,122,123,124,126,126,126,79,0,0,0,0,79,0,0,0,0,0,0,0,0,0,0,0,0,126,0,195,196,79,0,79,79,79,0,109,120,47,47,47,109,0,160,51,49,163,0,0,0,0,0,0,0,0,0,211,211,0,160,51,49,163,0,0,0,0,0,0,0,10,11,0,0,0,0,47,211,47,47,79,47,47,79,0,0,0,0,79,47,120,79,0,0,0,79,79,0,0,211,211,0,0,0,0,0,0,0,0,0,0,0,0,122,123,124,192,0,0,0,0,0,0,0,0,0,0,0,53,0,0,0,0,0,10,11,0,0,0,0,0,0,0,0,0,0,45,111,111,111,111,111,111,111,111,47,0,0,10,45,111,111,111,111,111,111,47,79,0,0,79,0,122,123,45,111,111,47,51,46,49,0,0,0,0,0,0,0,0,0,79,79,79,0,0,0,0,0,0,0,0,0,0,0,0,0,0,0,0,0,0,0,0,0,0,195,196,0,0,0,0,0,0,0,0,0,0,0,0,0,0,0,0,0,0,0,0,0,52,0,0,0,0,0,0,0,0,0,0,0,0,0,0,0,0,0,0,0,0,0,0,0,0,0,0,0,0,0,0,174,17,0,0,0,0,0,0,0,0,0,0,0,0,0,0,0,0,0,0,18,18,0,0,64,64,0,0,0,0,64,64,64,64,0,0,53,0,116,117,118,0,0,10,11,0,0,0,52,0,64,64,64,0,0,122,123,124,0,0,54,0,0,0,0,0,0,0,0,0,0,0,0,0,0,100,79,98,99,99,99,99,99,103,79,79,79,79,98,99,99,103,0,0,0,0,0,104,99,99,99,99,99,99,99,99,99,99,103,79,79,98,0,0,0,0,30,191,190,30,0,0,0,0,0,0,0,0,79,47,0,47,47,47,193,194,47,47,0,0,47,47,193,194,47,47,47,0,47,79,79,0,0,0,0,0,0,0,0,0,0,193,194,0,79,79,0,0,0,79,0,0,0,52,0,116,117,118,126,79,0,0,0,79,79,0,0,195,196,79,126,0,0,0,0,0,0,0,0,0,0,79,0,0,0,195,196,122,123,124,126,126,126,0,0,0,0,126,126,79,79,79,79,0,0,0,0,0,30,0,0,0,0,0,0,0,0,0,0,0,0,0,0,0,0,0,0,0,0,52,119,45,121,0,0,0,0,0,0,0,0,115,110,113,0,0,10,11,104,110,113,0,0,30,30,0,0,0,30,0,0,0,0,0,30,122,123,124,0,0,0,0,0,0,0,0,0,0,0,0,0,0,177,185,211,184,0,0,0,122,115,113,118,0,0,0,0,0,0,0,0,0,0,0,0,0,0,0,0,0,0,0,0,0,0,0,0,0,0,0,0,0,0,0,0,0,0,0,0,0,0,0,0,0,0,0,0,0,0,0,0,0,0,0,0,0,0,0,0,0,0,0,0,0,0,0,0,0,0,0,0,0,0,0,109,47,109,47,47,47,47,47,109,47,47,47,47,47,109,47,47,47,47,47,109,47,47,47,47,47,109,47,47,47,47,47,109,47,47,47,47,47,109,47,47,47,47,47,109,47,47,47,47,47,109,47,47,47,47,47,109,47,47,47,47,47,109,47,47,47,47,47,109,47,47,47,47,47,109,47,47,47,47,47,109,47,47,47,47,47,109,47,47,47,47,47,109,47,47,47,47,47,109,47,47,47,109,0,0,0,0,0,0,0,0,0,0,0,45,79,79,79,79,79,79,45,0,0,45,79,79,45,0,0,0,45,79,79,79,79,45,0,0,0,0,0,0,0,0,0,0,0,45,79,79,79,79,45,0,0,0,0,0,0,0,0,0,0,0,0,0,0,45,79,79,79,79,79,45,0,0,0,0,0,0,0,0,0,36,34,0,0,0,0,0,0,45,79,79,45,0,0,0,0,0,0,0,79,120,36,34,79,79,79,36,34,79,79,79,45,79,45,0,0,0,0,0,45,79,45,0,0,45,79,79,79,79,79,79,79,45,79,47,47,47,47,79,0,0,0,0,0,79,36,34,79,0,0,0,0,0,0,0,0,0,0,0,0,0,0,0,0,0,0,0,0,0,0,0,0,0,0,0,0,0,0,0,0,0,0,0,79,79,79,0,0,0,0,0,0,0,0,79,79,79,0,0,0,0,0,79,79,79,0,0,0,0,0,0,0,0,0,0,0,0,0,0,0,0,0,0,87,0,0,0,0,0,0,10,109,6,6,6,6,6,6,6,6,6,6,0,0,0,0,0,0,0,0,0,0,0,0,0,0,0,0,0,0,0,0,0,0,0,0,0,0,0,0,0,0,0,0,0,0,0,0,0,0,0,0,0,0,0,0,0,0,0,0,0,0,0,0,0,0,0,0,0,0,0,0,0,0,0,0,0,0,0,0,0,0,0,0
0,0,0,187,211,211,211,186,178,0,0,0,0,0,0,179,211,186,0,0,79,79,0,180,180,180,180,176,0,0,0,0,0,0,0,0,0,53,0,0,0,0,0,79,79,0,0,211,211,0,0,8,9,0,0,0,0,0,79,79,179,211,211,186,178,0,10,11,0,16,35,16,10,11,16,35,16,10,11,16,35,16,10,11,16,35,16,0,0,122,123,124,16,35,35,35,35,16,194,0,47,192,0,0,0,0,0,0,0,0,0,10,11,16,35,35,35,35,35,35,16,47,47,120,47,16,0,0,126,126,126,0,0,0,126,0,0,79,0,0,0,0,79,0,0,0,0,126,126,0,0,0,79,79,79,126,79,193,194,79,79,79,0,0,0,114,78,78,78,78,114,0,0,23,23,0,0,0,0,52,0,0,0,0,0,10,11,0,0,23,23,0,0,0,0,0,0,0,0,0,0,79,47,120,211,79,27,0,0,0,0,0,0,0,0,0,0,0,0,0,47,0,0,0,211,211,0,0,10,11,0,0,0,0,0,0,0,0,0,0,0,0,0,0,0,0,0,0,0,0,0,0,0,0,52,0,0,87,0,0,0,0,0,0,0,0,0,0,0,53,0,0,0,0,0,45,111,79,79,79,79,79,79,111,47,0,0,0,50,111,79,79,79,79,111,47,79,0,0,79,0,0,0,50,111,111,111,111,111,47,0,0,0,53,0,116,117,118,0,37,46,49,47,0,52,0,52,0,0,0,0,0,0,0,0,0,0,0,0,0,0,0,64,0,193,194,0,195,196,128,199,0,0,0,0,0,0,0,0,69,70,0,0,0,0,0,0,0,0,0,0,0,0,0,0,0,0,0,64,64,0,170,8,9,0,0,0,0,0,0,0,0,0,0,0,201,64,64,64,64,0,0,0,0,0,0,195,196,0,0,195,196,0,0,64,64,64,64,64,64,0,0,47,201,0,64,64,64,64,201,201,47,0,0,64,0,64,64,64,0,0,0,0,0,174,0,0,0,0,0,0,0,0,0,0,0,0,0,0,0,0,0,0,0,0,0,0,0,0,0,0,0,0,100,79,98,79,79,47,47,47,152,153,99,99,99,103,54,54,30,0,0,0,0,0,0,0,0,47,47,47,47,0,47,79,79,104,99,99,103,0,0,0,0,0,0,0,0,0,0,0,0,0,0,0,0,47,0,0,47,47,47,0,0,47,47,0,0,47,47,0,0,47,47,47,0,0,47,47,0,0,0,0,0,0,0,0,0,0,0,0,126,126,126,0,52,0,79,53,0,0,79,126,126,126,126,126,126,0,0,0,79,79,0,0,193,194,79,126,79,116,117,118,0,0,0,0,0,0,126,126,126,126,193,194,0,0,0,0,79,0,0,0,0,126,126,126,126,0,0,79,0,0,0,0,0,0,0,18,0,0,0,0,0,0,0,0,17,0,0,0,0,0,0,52,0,0,0,122,50,124,0,0,0,0,0,0,0,0,0,10,11,0,0,0,0,0,0,55,0,0,0,0,0,0,0,0,0,0,0,0,0,0,0,0,0,0,0,8,9,174,170,181,0,0,0,0,0,0,175,0,0,0,0,0,0,8,126,72,50,121,0,0,0,0,0,0,0,0,0,0,0,0,0,0,0,0,0,0,0,0,0,0,0,0,0,0,0,0,0,0,0,0,0,0,0,0,0,0,0,0,0,0,0,0,0,0,0,0,0,0,0,0,0,0,0,0,0,0,0,0,0,0,0,0,0,0,0,0,0,0,0,109,47,109,47,47,47,47,47,109,47,47,47,47,47,109,47,47,47,47,47,109,47,47,47,47,47,109,47,47,47,47,47,109,47,47,47,47,47,109,47,47,47,47,47,109,47,47,47,47,47,109,47,47,47,47,47,109,47,47,47,47,47,109,47,47,47,47,47,109,47,47,47,47,47,109,47,47,47,47,47,109,47,47,47,47,47,109,47,47,47,47,47,109,47,47,47,47,47,109,47,47,47,109,0,0,0,0,0,0,0,0,0,0,0,45,79,79,79,79,79,79,45,0,0,45,79,79,45,0,0,0,45,79,79,79,79,45,0,0,0,0,0,0,0,0,0,0,0,45,79,79,79,79,45,0,0,0,0,0,0,0,0,0,0,0,0,0,0,45,79,79,79,79,79,45,0,0,0,0,0,0,0,0,0,36,34,0,0,0,0,0,0,45,79,79,45,0,0,0,0,0,0,0,79,79,36,34,79,79,79,36,34,120,79,79,45,79,45,0,0,0,0,0,45,79,45,0,0,45,79,79,79,79,79,79,79,45,79,47,47,47,47,79,0,0,0,0,0,79,36,34,79,0,0,0,0,0,0,0,0,0,0,0,0,0,0,0,0,0,0,0,0,0,0,0,0,0,0,0,0,0,0,0,0,0,0,0,79,79,79,0,0,0,0,0,0,0,0,79,79,79,0,0,0,0,0,79,79,79,0,0,0,0,0,0,0,0,0,0,0,0,0,0,0,0,0,0,0,0,87,0,0,0,0,0,109,6,6,6,6,6,6,6,6,6,6,0,0,0,0,0,0,0,0,0,0,0,0,0,0,0,0,0,0,0,0,0,0,0,0,0,0,0,0,0,0,0,0,0,0,0,0,0,0,0,0,0,0,0,0,0,0,0,0,0,0,0,0,0,0,0,0,0,0,0,0,0,0,0,0,0,0,0,0,0,0,0,0
0,0,0,0,0,0,0,0,0,179,211,186,178,0,0,0,0,0,0,0,211,211,0,0,0,0,0,0,0,0,0,0,0,0,0,0,0,25,0,0,0,0,0,79,79,0,0,79,79,0,0,211,211,0,0,0,0,0,211,211,0,0,0,0,0,0,0,0,0,79,79,79,0,0,79,79,79,0,0,79,79,79,0,0,79,79,79,0,0,0,0,0,47,0,0,0,0,192,0,0,47,0,0,0,0,0,79,47,47,79,0,0,0,0,0,0,47,0,0,27,16,35,35,35,35,16,0,0,0,0,4,0,0,126,126,0,0,79,0,0,126,126,126,195,196,0,0,79,79,0,0,0,79,79,0,0,79,0,0,0,0,79,0,0,0,0,0,0,0,0,4,0,0,0,0,0,0,0,0,0,0,0,0,0,0,0,0,0,0,0,0,0,0,0,0,0,0,0,0,0,0,47,0,0,27,47,0,47,0,0,0,0,0,0,0,0,0,79,47,47,79,0,0,0,10,11,0,0,0,0,79,47,47,47,115,113,196,0,0,116,117,118,0,0,0,0,0,0,0,199,0,52,0,0,0,0,18,18,0,0,0,0,0,0,0,0,52,0,0,96,0,0,0,0,0,50,111,79,111,111,111,111,79,111,47,0,0,0,47,111,79,111,111,79,111,47,79,0,0,79,0,0,0,47,111,79,79,79,111,47,0,37,46,49,47,51,46,49,0,45,111,111,47,0,0,0,0,195,196,0,0,0,0,0,0,0,128,47,64,0,47,128,45,0,0,0,0,193,194,47,64,0,195,196,0,0,0,195,196,68,66,0,0,0,0,0,17,0,0,116,117,118,0,0,0,0,174,0,47,201,0,64,64,11,0,0,0,0,0,64,64,64,64,0,0,47,47,201,201,47,0,0,0,0,195,196,193,194,195,196,193,194,195,196,47,201,201,201,201,201,0,0,0,47,0,47,201,201,201,47,47,0,0,0,47,0,47,201,201,0,64,64,64,64,64,0,0,0,0,0,0,0,0,0,0,0,0,0,0,0,0,0,0,0,0,0,0,0,0,0,8,9,0,100,79,98,79,79,47,47,47,0,0,152,10,11,30,0,0,0,52,0,0,0,0,0,0,0,47,47,47,47,0,47,79,79,190,0,0,191,0,0,0,0,0,0,0,18,174,173,18,0,0,0,0,0,47,195,196,47,47,47,0,0,47,47,195,196,47,47,0,0,47,47,47,195,196,47,79,0,0,0,0,0,0,0,0,0,127,0,0,0,0,0,0,0,0,126,126,0,0,126,0,0,0,79,0,0,0,0,0,79,0,0,0,0,0,79,4,79,126,126,126,79,0,0,0,195,196,0,0,126,126,0,0,0,0,0,0,79,79,0,0,0,0,0,0,0,0,0,79,0,0,0,0,0,148,149,112,0,0,115,110,110,110,110,110,113,118,0,0,0,0,0,0,0,0,0,0,0,0,0,0,0,0,0,0,0,0,0,0,0,0,0,0,0,0,0,0,0,0,0,0,0,0,0,0,0,0,8,9,0,115,110,110,110,110,110,113,11,187,211,211,211,181,181,0,0,0,80,0,0,0,0,0,0,10,11,122,123,124,0,0,0,0,0,0,0,0,0,0,0,0,0,0,0,0,0,0,0,0,0,0,0,0,0,0,0,0,0,0,0,0,0,0,0,0,0,0,0,0,0,0,0,0,0,0,0,0,0,0,0,0,0,0,0,0,0,0,0,0,0,0,0,0,0,0,0,0,0,0,0,109,47,109,47,47,47,47,47,109,47,47,47,47,47,109,47,47,47,47,47,109,47,47,47,47,47,109,47,47,47,47,47,109,47,47,47,47,47,109,47,47,47,47,47,109,47,47,47,47,47,109,47,47,47,47,47,109,47,47,47,47,47,109,47,47,47,47,47,109,47,47,47,47,47,109,47,47,47,47,47,109,47,47,47,47,47,109,47,47,47,47,47,109,47,47,47,47,47,109,47,47,47,109,0,0,0,0,0,0,0,0,0,0,0,45,79,79,79,79,79,79,45,0,0,45,79,79,45,0,0,0,45,79,79,79,79,45,0,0,0,0,0,0,0,0,0,0,0,0,79,79,79,79,0,0,0,0,0,0,0,0,0,0,0,0,0,0,0,45,79,79,79,79,79,45,0,0,0,0,0,0,0,0,0,36,34,0,0,0,0,0,0,45,79,79,45,0,0,0,0,0,0,0,79,79,36,34,79,120,79,36,34,79,79,79,45,79,45,0,0,0,0,0,45,79,45,0,0,45,79,79,79,79,79,79,79,45,79,47,47,47,47,79,0,0,0,0,0,79,36,34,79,0,0,0,0,0,0,0,0,0,0,0,0,0,0,0,0,0,0,0,0,0,0,0,0,0,0,0,0,0,0,0,0,0,0,0,79,79,79,0,0,0,0,0,0,0,0,79,79,79,0,0,0,0,0,0,0,0,0,0,0,0,0,0,0,0,0,0,0,0,0,0,0,0,0,0,0,0,0,0,87,0,0,0,109,6,6,6,6,6,6,6,6,6,6,0,0,0,0,0,0,0,0,0,0,0,0,0,0,0,0,0,0,0,0,0,0,0,0,0,0,0,0,0,0,0,0,0,0,0,0,0,0,0,0,0,0,0,0,0,0,0,0,0,0,0,0,0,0,0,0,0,0,0,0,0,0,0,0,0,0,0,0,0,0,0,0
0,0,0,0,179,211,211,181,0,0,0,0,0,0,0,0,0,0,0,0,10,11,0,0,0,0,0,0,0,0,0,18,18,0,0,18,0,0,0,0,0,0,0,79,79,0,0,79,79,0,0,79,79,0,0,0,52,0,10,11,0,0,0,0,0,0,0,0,0,79,79,79,0,0,79,79,79,0,0,79,79,79,0,0,79,79,79,0,0,0,0,0,79,47,47,79,0,0,0,0,79,47,47,47,47,47,79,0,0,47,0,0,0,0,0,0,79,47,79,0,0,0,30,30,47,0,0,0,0,0,0,0,0,79,79,0,0,79,0,79,79,79,4,193,194,126,126,126,126,0,0,0,79,79,0,0,79,0,79,79,79,79,0,0,0,0,0,0,0,0,0,0,0,0,0,0,0,0,0,0,0,24,24,0,0,0,0,0,0,0,0,0,0,0,24,24,0,0,0,52,0,120,0,0,0,79,120,79,211,0,0,0,0,52,0,0,0,47,0,0,0,0,0,0,0,0,0,0,0,0,47,0,0,0,68,74,65,96,78,78,78,78,78,96,65,65,96,78,78,96,24,24,24,24,24,24,211,211,29,0,175,0,0,0,0,0,0,175,0,77,0,0,0,0,0,47,111,79,111,111,111,111,79,111,47,0,0,0,47,111,79,111,111,79,111,47,79,0,0,79,0,0,0,47,111,79,111,79,111,47,0,50,111,111,111,111,111,47,0,50,47,111,47,0,0,195,196,193,194,0,0,64,0,0,47,175,47,47,45,214,212,212,45,47,128,128,0,214,212,212,45,47,193,194,47,128,175,193,194,68,37,0,0,64,64,64,64,0,0,119,64,64,64,64,64,64,64,0,0,47,0,47,201,0,0,0,0,0,0,201,201,47,47,0,0,47,47,47,47,47,0,0,0,0,193,194,0,0,193,194,0,0,193,194,0,47,0,47,47,0,0,0,0,0,0,0,0,47,0,0,47,0,0,0,0,0,0,47,47,0,47,201,201,201,201,0,0,0,0,0,0,0,0,0,0,0,0,0,0,0,0,0,0,0,0,0,53,0,8,9,10,11,0,104,99,103,79,79,47,47,47,0,0,0,0,0,0,0,0,0,0,116,117,118,52,0,0,173,47,47,47,47,18,199,79,79,47,0,0,0,0,0,0,0,0,0,0,112,183,182,112,0,101,97,97,102,47,193,194,47,79,79,47,47,79,47,193,194,47,79,47,47,79,79,47,193,194,47,101,97,97,102,0,126,126,126,126,0,126,0,0,0,0,0,0,195,196,0,79,0,0,79,0,52,0,79,0,0,195,196,8,126,0,0,79,79,79,79,79,79,122,123,124,126,0,0,0,193,194,0,0,0,79,0,0,0,0,0,79,126,126,0,0,0,0,0,0,0,0,0,79,0,48,0,148,149,101,110,103,0,0,119,45,201,201,201,45,52,121,0,0,0,0,0,0,195,196,0,0,0,0,0,0,0,0,0,0,0,0,0,0,0,0,0,0,0,0,0,0,0,0,0,195,196,0,115,110,110,110,110,113,0,119,45,201,201,201,45,0,0,0,180,180,180,180,0,0,0,0,77,0,0,0,0,0,0,0,0,0,0,0,0,0,0,0,0,0,0,0,0,0,0,0,0,0,0,0,0,0,0,0,0,0,0,0,0,0,0,0,0,0,0,0,0,0,0,0,0,0,0,0,0,0,0,0,0,0,0,0,0,0,0,0,0,0,0,0,0,0,0,0,0,0,0,0,0,0,0,0,0,0,0,109,47,109,47,47,47,47,47,109,47,47,47,47,47,109,47,47,47,47,47,109,47,47,47,47,47,109,47,47,47,47,47,109,47,47,47,47,47,109,47,47,47,47,47,109,47,47,47,47,47,109,47,47,47,47,47,109,47,47,47,47,47,109,47,47,47,47,47,109,47,47,47,47,47,109,47,47,47,47,47,109,47,47,47,47,47,109,47,47,47,47,47,109,47,47,47,47,47,109,47,47,47,109,0,0,0,0,0,0,0,0,0,0,0,0,0,0,0,0,0,0,0,0,0,0,79,79,0,0,0,0,0,0,0,0,0,0,0,0,0,0,0,0,0,0,0,0,0,0,79,79,79,79,0,0,0,0,0,0,0,0,0,0,0,0,0,0,0,0,79,79,79,79,79,0,0,0,0,0,0,0,0,0,0,0,0,0,0,0,0,0,0,0,79,79,0,0,0,0,0,0,0,0,79,79,36,34,79,79,79,36,34,0,0,0,0,79,0,0,0,0,0,0,0,79,0,0,0,0,79,79,79,79,79,79,79,0,0,0,0,0,0,0,0,0,0,0,0,0,0,0,0,0,0,0,0,0,0,0,0,0,0,0,0,0,0,0,0,0,0,0,0,0,0,0,0,0,0,0,0,0,0,0,0,0,0,0,79,79,79,0,0,0,0,0,0,0,0,79,79,79,0,0,0,0,0,0,0,0,0,0,0,0,0,0,0,0,0,0,0,0,0,0,0,0,0,0,0,0,0,0,0,0,87,0,109,6,6,6,6,6,6,6,6,6,6,0,0,0,0,0,0,0,0,0,0,0,0,0,0,0,0,0,0,0,0,0,0,0,0,0,0,0,0,0,0,0,0,0,0,0,0,0,0,0,0,0,0,0,0,0,0,0,0,0,0,0,0,0,0,0,0,0,0,0,0,0,0,0,0,0,0,0,0,0,0,0,0
0,0,0,0,0,0,0,0,0,0,0,0,0,0,0,0,0,0,0,0,0,0,0,0,0,0,0,0,0,64,33,33,33,33,33,64,0,0,8,9,0,0,0,79,79,0,0,79,79,0,0,79,79,0,0,0,0,0,0,0,0,0,0,0,0,0,0,0,0,79,79,79,0,0,79,79,79,0,0,79,79,79,0,0,79,79,79,0,0,0,0,0,0,0,0,47,0,0,0,0,0,0,0,0,16,33,16,8,9,47,0,0,0,0,0,0,0,0,47,0,0,0,0,0,47,0,0,0,0,79,79,0,0,79,0,0,0,79,79,79,0,0,0,0,0,79,0,0,4,0,0,0,0,195,196,0,79,0,79,0,0,0,0,0,0,127,0,0,0,0,0,0,0,0,0,179,3,0,0,0,156,51,49,159,183,211,211,182,0,0,0,0,0,156,51,49,159,0,47,0,0,79,47,47,47,79,0,47,27,0,0,0,0,0,0,0,0,47,0,0,0,0,0,0,0,0,0,0,0,0,53,0,0,0,68,47,47,66,163,122,123,124,160,68,47,120,66,155,152,77,23,23,23,23,23,23,211,211,29,0,96,65,65,65,65,65,65,96,0,77,0,0,0,0,0,47,111,79,111,111,111,111,79,111,47,0,0,0,47,111,79,111,111,79,111,47,79,0,0,79,0,0,0,47,111,79,111,79,111,47,0,47,111,79,79,79,111,47,0,0,47,111,47,47,47,193,194,0,128,47,47,45,47,128,47,201,47,47,45,214,47,47,45,120,47,47,0,214,213,47,45,212,212,213,47,47,201,128,0,33,41,0,0,47,47,201,201,0,0,122,47,201,201,201,201,201,47,0,0,47,0,47,0,0,0,0,0,0,0,47,47,0,0,0,0,33,33,33,33,0,0,0,0,195,196,0,0,0,0,0,0,0,0,0,0,0,0,0,47,0,0,0,0,0,0,0,0,0,0,0,0,0,0,0,0,0,0,47,0,0,0,47,47,47,0,0,116,117,118,0,0,0,0,0,0,53,0,0,0,0,0,0,0,0,0,16,16,0,10,11,0,0,0,0,47,47,79,79,101,97,97,102,0,0,0,0,0,0,0,8,9,119,52,121,0,0,0,101,97,97,97,97,97,102,79,79,47,0,0,0,0,18,174,173,18,0,0,109,183,182,109,0,100,79,79,98,79,202,202,79,101,97,97,97,102,79,202,202,79,101,97,97,97,102,79,202,202,79,100,79,79,98,0,0,79,79,79,0,79,0,0,0,0,0,0,193,194,0,79,0,0,79,0,0,0,79,0,0,193,194,126,126,0,0,79,0,0,0,0,79,52,0,0,126,126,126,0,0,0,0,0,0,79,0,0,0,0,8,126,126,0,0,0,126,0,0,8,9,0,0,126,0,45,0,115,110,103,45,118,0,0,122,45,47,47,47,45,123,124,116,117,118,0,0,0,193,194,0,0,53,53,0,0,0,116,117,118,0,0,0,0,0,0,0,0,0,0,0,0,0,0,0,193,194,0,0,45,201,201,45,0,0,122,45,47,47,47,45,0,0,0,0,0,0,0,0,0,0,0,96,0,0,0,0,0,0,0,0,0,0,0,0,0,0,0,0,0,0,0,0,0,0,0,0,0,0,0,0,0,0,0,0,0,0,0,0,0,0,0,0,0,0,0,0,0,0,0,0,0,0,0,0,0,0,0,0,0,0,0,0,0,0,0,0,0,0,0,0,0,0,0,0,0,0,0,0,0,0,0,0,0,0,109,47,109,47,47,47,47,47,109,47,47,47,47,47,109,47,47,47,47,47,109,47,47,47,47,47,109,47,47,47,47,47,109,47,47,47,47,47,109,47,47,47,47,47,109,47,47,47,47,47,109,47,47,47,47,47,109,47,47,47,47,47,109,47,47,47,47,47,109,47,47,47,47,47,109,47,47,47,47,47,109,47,47,47,47,47,109,47,47,47,47,47,109,47,47,47,47,47,109,47,47,47,109,0,0,0,0,0,0,0,0,0,0,0,0,0,0,0,0,0,0,0,0,0,0,0,0,0,0,0,0,0,0,0,0,0,0,0,0,0,0,0,0,0,0,0,0,0,0,79,0,0,0,0,0,0,0,0,0,0,0,0,0,0,0,0,0,0,0,0,0,0,0,0,0,0,0,0,0,0,0,0,0,0,0,0,0,0,0,0,0,0,0,79,79,0,0,0,0,0,0,0,0,0,0,0,0,0,0,0,36,34,0,0,0,0,79,0,0,0,0,0,0,0,79,0,0,0,0,0,0,0,0,0,0,0,0,0,0,0,0,0,0,0,0,0,0,0,0,0,0,0,0,0,0,0,0,0,0,0,0,0,0,0,0,0,0,0,0,0,0,0,0,0,0,0,0,0,0,0,0,0,0,0,0,0,0,0,0,0,0,0,0,0,0,0,0,0,0,0,0,0,0,0,0,0,0,0,0,0,0,0,0,0,0,0,0,0,0,0,0,0,0,0,0,0,0,0,0,0,0,0,0,116,117,109,6,6,6,6,6,6,6,6,6,6,0,0,0,0,0,0,0,0,0,0,0,0,0,0,0,0,0,0,0,0,0,0,0,0,0,0,0,0,0,0,0,0,0,0,0,0,0,0,0,0,0,0,0,0,0,0,0,0,0,0,0,0,0,0,0,0,0,0,0,0,0,0,0,0,0,0,0,0,0,0,0,0
0,0,0,0,0,0,0,0,0,0,0,0,0,0,0,0,0,0,0,0,0,0,0,0,0,0,0,0,0,77,47,47,47,47,47,77,118,0,211,211,0,0,0,170,171,0,0,79,79,0,0,79,79,0,0,0,0,0,0,0,0,0,0,174,0,0,52,0,0,16,33,16,8,9,16,33,16,8,9,16,33,16,8,9,16,33,16,0,0,0,0,116,117,118,0,47,0,174,18,17,17,18,173,195,16,47,16,10,11,120,116,117,118,0,37,38,0,79,79,47,47,47,47,47,79,0,0,0,0,79,126,126,126,79,79,79,0,0,0,0,0,0,0,0,0,79,0,0,0,0,0,0,0,193,194,0,79,0,126,126,0,0,0,79,79,112,78,78,78,78,112,0,0,0,0,160,147,0,0,0,160,109,109,163,0,10,11,0,0,0,3,178,0,160,109,109,163,0,79,47,47,79,0,0,0,47,0,47,0,0,144,145,0,116,117,118,0,47,0,116,117,112,65,65,96,0,0,0,0,0,201,0,0,0,68,47,47,66,159,18,181,18,156,68,47,47,66,29,116,77,118,0,0,0,0,0,10,11,0,0,68,47,47,47,47,47,47,66,0,77,0,116,117,118,0,47,111,79,111,111,111,111,79,111,47,0,0,0,47,111,79,111,111,79,111,47,79,0,0,79,0,0,0,47,111,79,111,79,111,47,0,47,111,79,111,79,111,47,47,0,47,111,111,111,47,0,47,47,120,214,212,45,120,47,214,212,212,212,45,213,47,120,45,212,212,213,47,214,212,212,45,47,120,214,212,213,47,47,0,47,47,0,0,47,47,47,0,0,0,0,47,47,47,47,0,47,47,0,0,0,0,0,0,0,0,0,0,0,0,0,47,0,0,0,0,0,47,0,0,0,0,0,0,193,194,0,0,0,0,0,0,0,0,0,0,0,0,0,0,0,0,0,0,0,0,0,0,0,0,0,0,0,0,0,0,0,0,0,0,0,0,0,0,47,0,0,64,64,64,0,8,9,0,64,64,64,64,0,0,0,0,53,0,0,0,161,162,0,0,0,0,0,0,0,47,47,79,79,100,79,79,98,0,0,0,0,0,0,0,101,97,97,102,124,0,0,0,100,79,79,79,79,79,101,97,97,97,97,102,118,0,112,183,182,112,0,0,109,183,182,109,0,100,79,79,101,97,97,97,97,100,79,79,79,101,97,97,97,97,100,79,79,79,101,97,97,97,97,100,79,79,98,0,0,0,79,79,79,79,0,0,0,0,195,196,0,0,0,79,0,0,79,0,0,0,79,8,9,0,0,0,79,126,126,126,9,0,0,0,79,0,79,79,79,0,0,0,0,0,0,0,0,79,0,0,0,79,126,126,79,79,79,79,126,126,126,126,126,0,0,4,0,45,0,10,45,201,45,121,0,0,0,45,47,47,115,110,110,110,110,110,110,113,0,0,0,0,0,115,110,110,102,0,0,119,52,121,0,0,116,117,118,0,0,18,0,116,117,118,0,199,0,17,0,17,0,45,47,47,45,0,0,0,45,47,47,47,45,0,0,0,0,0,0,0,0,0,0,0,77,0,0,0,0,0,0,0,0,0,0,0,0,0,0,0,0,0,0,0,0,0,0,0,0,0,0,0,0,0,0,0,0,0,0,0,0,0,0,0,0,0,0,0,0,0,0,0,0,0,0,0,0,0,0,0,0,0,0,0,0,0,0,0,0,0,0,0,0,0,0,0,0,0,0,0,0,0,0,0,0,0,0,109,47,109,47,47,47,47,47,109,47,47,47,47,47,109,47,47,47,47,47,109,47,47,47,47,47,109,47,47,47,47,47,109,47,47,47,47,47,109,47,47,47,47,47,109,47,47,47,47,47,109,47,47,47,47,47,109,47,47,47,47,47,109,47,47,47,47,47,109,47,47,47,47,47,109,47,47,47,47,47,109,47,47,47,47,47,109,47,47,47,47,47,109,47,47,47,47,47,109,47,47,47,109,0,0,0,0,0,0,0,0,0,0,0,0,0,0,0,0,0,0,0,0,0,0,0,0,0,0,0,0,0,0,0,0,0,0,0,0,0,0,0,0,0,0,0,0,0,0,0,0,0,0,0,0,0,0,0,0,0,0,0,0,0,0,0,0,0,0,0,0,0,0,0,0,0,0,0,0,0,0,0,0,0,0,0,0,0,0,0,0,0,0,0,0,0,0,0,0,0,0,0,0,0,0,0,0,0,0,0,0,0,0,0,0,0,79,0,0,0,0,0,0,0,79,0,0,0,0,0,0,0,0,0,0,0,0,0,0,0,0,0,0,0,0,0,0,0,0,0,0,0,0,0,0,0,0,0,0,0,0,0,0,0,0,0,0,0,0,0,0,0,0,0,0,0,0,0,0,0,0,0,0,0,0,0,0,0,0,0,0,0,0,0,0,0,0,0,0,0,0,0,0,0,0,0,0,0,0,0,0,0,0,0,0,0,0,0,0,0,0,0,0,0,0,0,0,0,0,0,0,0,0,119,52,109,6,6,6,6,6,6,6,6,6,6,0,0,0,0,0,0,0,0,0,0,0,0,0,0,0,0,0,0,0,0,0,0,0,0,0,0,0,0,0,0,0,0,0,0,0,0,0,0,0,0,0,0,0,0,0,0,0,0,0,0,0,0,0,0,0,0,0,0,0,0,0,0,0,0,0,0,0,0,0,0,0,0
0,0,0,0,0,0,0,0,0,0,0,0,0,0,0,0,0,0,0,64,0,0,0,0,0,0,52,0,116,77,47,47,47,47,47,77,121,0,79,79,0,0,0,157,158,0,0,170,171,0,0,79,79,0,0,0,0,0,0,0,0,64,33,64,0,0,0,0,0,16,47,16,211,211,16,47,16,211,211,16,47,16,211,211,16,47,16,0,0,0,0,119,52,121,16,33,33,33,33,33,33,33,33,33,16,47,16,0,0,47,119,52,121,0,36,34,0,120,0,17,175,175,199,199,175,175,17,0,0,0,126,0,4,195,196,79,79,79,126,126,126,0,195,196,0,126,126,126,126,126,126,79,79,79,79,79,79,0,4,79,0,0,0,79,0,109,120,47,47,47,109,0,0,24,24,0,144,159,0,0,156,109,109,159,0,24,24,0,0,0,146,163,0,156,109,109,159,0,47,0,0,47,0,195,112,65,96,47,0,144,47,147,0,119,96,65,65,65,65,65,65,114,47,47,66,0,183,211,211,0,47,0,0,0,68,47,47,96,65,65,65,65,65,96,47,47,66,182,119,77,121,0,0,0,0,0,0,0,0,0,68,47,47,47,47,120,47,66,0,77,0,96,65,96,0,47,111,79,111,111,111,111,79,111,47,0,0,0,47,111,79,111,111,79,111,47,79,0,0,79,0,0,0,47,111,79,111,79,111,47,0,47,111,79,111,79,111,111,47,0,47,111,79,111,47,47,47,214,212,213,212,45,213,47,214,47,214,212,45,212,47,47,45,47,47,214,47,214,120,47,45,214,212,212,47,214,47,47,80,47,47,0,0,47,0,47,0,0,0,0,0,0,47,0,0,0,47,0,0,0,0,0,0,0,0,0,0,0,0,0,0,0,0,0,0,0,0,0,0,0,0,0,0,0,0,0,0,0,0,0,0,0,0,0,0,0,0,0,0,0,0,0,0,0,0,0,0,0,0,0,0,0,0,0,0,0,0,0,0,0,0,0,0,0,0,0,47,201,64,64,64,64,0,201,201,201,47,0,0,64,64,64,0,0,0,183,182,0,0,0,52,0,0,148,47,47,79,79,100,79,79,101,97,97,97,97,97,97,97,100,79,79,98,24,24,24,24,100,79,79,79,79,79,100,79,79,79,79,98,121,0,109,183,182,109,0,0,109,183,182,109,0,100,79,79,100,79,79,79,79,100,79,79,79,100,79,79,79,79,100,79,79,79,100,79,79,79,79,100,79,79,98,0,0,0,79,79,0,0,0,0,0,0,193,194,0,0,0,79,0,0,79,0,0,0,79,126,126,0,0,0,79,0,0,126,11,0,0,0,79,0,79,0,0,0,0,0,0,0,0,0,0,79,0,127,0,79,126,9,79,79,79,79,79,79,79,126,0,0,0,0,0,45,0,0,45,47,45,124,0,0,0,45,47,47,47,45,201,201,201,201,45,118,0,0,0,0,0,119,45,201,104,110,110,110,113,124,0,115,110,110,110,110,110,113,0,115,110,110,110,113,0,178,0,179,0,45,47,47,45,0,0,0,45,47,47,47,45,0,0,0,0,0,0,0,0,0,0,0,82,0,0,0,0,0,0,0,0,0,0,0,0,0,0,0,0,0,0,0,0,0,0,0,0,0,16,0,0,0,16,0,16,0,0,0,0,0,0,0,0,16,16,0,0,0,0,0,0,0,0,0,0,0,0,0,0,0,0,0,0,0,0,0,0,0,0,0,0,0,0,0,0,0,0,0,0,0,0,0,0,0,0,109,47,109,47,47,47,47,47,109,47,47,47,47,47,109,47,47,47,47,47,109,47,47,47,47,47,109,47,47,47,47,47,109,47,47,47,47,47,109,47,47,47,47,47,109,47,47,47,47,47,109,47,47,47,47,47,109,47,47,47,47,47,109,47,47,47,47,47,109,47,47,47,47,47,109,47,47,47,47,47,109,47,47,47,47,47,109,47,47,47,47,47,109,47,47,47,47,47,109,47,47,47,109,0,0,0,0,0,0,0,0,0,0,0,0,0,0,0,0,0,0,0,0,0,0,0,0,0,0,0,0,0,0,0,0,0,0,0,0,0,0,0,0,0,0,0,0,0,0,0,0,0,0,0,0,0,0,0,0,0,0,0,0,0,0,0,0,0,0,0,0,0,0,0,0,0,0,0,0,0,0,0,0,0,0,0,0,0,0,0,0,0,0,0,0,0,0,0,0,0,0,0,0,0,0,0,0,0,0,0,0,0,0,0,0,0,79,0,0,0,0,0,0,0,0,0,0,0,0,0,0,0,0,0,0,0,0,0,0,0,0,0,0,0,0,0,0,0,0,0,0,0,0,0,0,0,0,0,0,0,0,0,0,0,0,0,0,0,0,0,0,0,0,0,0,0,0,0,0,0,0,0,0,0,0,0,0,0,0,0,0,0,0,0,0,0,0,0,0,0,0,0,0,0,0,0,0,0,0,0,0,0,0,0,0,0,0,0,0,0,0,0,0,0,0,0,0,0,0,0,0,0,0,122,123,109,6,6,6,6,6,6,6,6,6,6,0,0,0,0,0,0,0,0,0,0,0,0,0,0,0,0,0,0,0,0,0,0,0,0,0,0,0,0,0,0,0,0,0,0,0,0,0,0,0,0,0,0,0,0,0,0,0,0,0,0,0,0,0,0,0,0,0,0,0,0,0,0,0,0,0,0,0,0,0,0,0,0
0,0,0,0,0,0,0,0,0,0,0,0,0,17,18,18,0,0,0,45,0,0,64,0,0,17,0,0,119,77,47,47,47,47,47,77,124,0,79,79,0,0,0,112,112,0,0,157,158,0,0,170,171,0,0,0,0,0,0,0,195,77,47,77,0,0,0,0,8,16,47,16,79,79,16,47,16,79,79,16,47,16,79,79,16,47,16,0,0,0,0,122,123,124,16,47,120,47,47,47,47,47,47,47,16,47,16,47,120,79,122,123,124,37,16,16,38,79,0,16,33,33,16,16,33,33,16,116,117,118,126,0,0,193,194,0,79,79,79,79,126,0,193,194,0,126,4,0,0,0,4,116,117,118,0,79,0,0,0,79,79,0,0,79,0,109,78,78,78,78,109,0,156,51,49,159,161,158,0,0,160,109,109,163,156,51,49,159,0,156,145,0,0,160,109,109,163,96,65,65,65,65,65,65,114,120,66,79,144,47,147,144,145,122,68,47,120,47,47,47,47,47,47,47,66,0,0,10,11,0,120,116,117,118,68,47,47,47,47,47,47,47,120,47,47,47,66,29,122,77,124,116,117,118,0,0,0,0,116,117,68,47,47,47,47,47,47,66,0,77,0,68,47,66,0,47,111,79,111,111,111,111,79,111,47,0,0,0,47,111,79,111,111,79,111,47,79,0,0,79,0,0,0,47,111,79,111,79,111,47,0,47,111,79,111,79,79,111,47,0,47,111,79,111,212,212,212,213,47,214,47,45,214,47,214,47,214,47,45,47,47,47,45,47,47,214,47,214,47,47,45,212,47,47,47,214,47,47,77,47,47,0,0,47,0,0,0,0,0,0,0,0,0,0,0,0,0,0,0,0,0,0,0,0,0,0,0,0,0,0,0,0,0,0,0,0,0,0,0,0,0,0,0,0,0,0,0,0,0,0,0,0,0,0,0,0,0,0,0,0,0,0,0,0,0,0,0,0,0,0,0,0,0,0,0,0,0,0,0,0,0,0,0,0,0,0,0,47,201,201,201,47,0,0,47,47,0,0,0,47,47,47,0,0,0,183,182,0,0,0,0,148,149,101,97,97,97,97,100,79,79,100,79,79,79,79,79,79,79,100,79,79,101,97,97,97,97,100,79,79,79,79,79,100,79,79,79,79,98,124,0,109,183,182,109,0,0,109,183,182,109,0,100,79,79,100,79,79,79,79,100,79,79,79,100,79,79,79,79,100,79,79,79,100,79,79,79,79,100,79,79,98,0,0,0,79,79,0,0,0,0,0,0,0,0,0,0,8,126,79,79,79,0,0,0,79,126,126,126,126,79,79,0,0,79,0,126,126,126,79,79,79,0,0,0,0,0,0,0,0,0,0,79,79,126,0,79,126,11,0,0,0,0,0,0,0,126,0,0,0,0,0,45,0,0,45,47,45,0,0,0,0,45,47,47,47,45,47,47,47,47,45,121,0,0,0,0,0,122,45,47,201,201,201,45,0,0,0,119,45,201,201,201,45,0,0,0,45,201,45,0,0,189,0,188,0,45,47,47,45,0,0,0,45,47,47,47,45,0,0,0,0,0,0,0,0,0,0,0,0,0,0,0,0,0,0,0,0,0,0,0,0,0,0,0,0,0,0,0,0,0,0,0,0,0,0,0,16,16,16,0,16,0,16,0,0,16,0,16,0,16,0,16,0,0,0,0,0,0,0,0,0,0,0,0,0,0,0,0,0,0,0,0,0,0,0,0,0,0,0,0,0,0,0,0,0,0,0,0,0,0,0,109,47,109,47,47,47,47,47,109,47,47,47,47,47,109,47,47,47,47,47,109,47,47,47,47,47,109,47,47,47,47,47,109,47,47,47,47,47,109,47,47,47,47,47,109,47,47,47,47,47,109,47,47,47,47,47,109,47,47,47,47,47,109,47,47,47,47,47,109,47,47,47,47,47,109,47,47,47,47,47,109,47,47,47,47,47,109,47,47,47,47,47,109,47,47,47,47,47,109,47,47,47,109,0,0,0,0,0,0,0,0,0,0,0,0,0,0,0,0,0,0,0,0,0,0,0,0,0,0,0,0,0,0,0,0,0,0,0,0,0,0,0,0,0,0,0,0,0,0,0,0,0,0,0,0,0,0,0,0,0,0,0,0,0,0,0,0,0,0,0,0,0,0,0,0,0,0,0,0,0,0,0,0,0,0,0,0,0,0,0,0,0,0,0,0,0,0,0,0,0,0,0,0,0,0,0,0,0,0,0,0,0,0,0,0,0,0,0,0,0,0,0,0,0,0,0,0,0,0,0,0,0,0,0,0,0,0,0,0,0,0,0,0,0,0,0,0,0,0,0,0,0,0,0,0,0,0,0,0,0,0,0,0,0,0,0,0,0,0,0,0,0,0,0,0,0,0,0,0,0,0,0,0,0,0,0,0,0,0,0,0,0,0,0,0,0,0,0,0,0,0,0,0,0,0,0,0,0,0,0,0,0,0,0,0,0,0,0,0,0,0,0,0,0,0,0,0,0,0,0,0,0,0,0,0,109,6,6,6,6,6,6,6,6,6,6,0,0,0,0,0,0,0,0,0,0,0,0,0,0,0,0,0,0,0,0,0,0,0,0,0,0,0,0,0,0,0,0,0,0,0,0,0,0,0,0,0,0,0,0,0,0,0,0,0,0,0,0,0,0,0,0,0,0,0,0,0,0,0,0,0,0,0,0,0,0,0,0
0,0,0,0,0,0,0,0,0,0,64,33,33,33,33,33,33,64,0,45,0,0,45,0,0,64,0,0,122,77,47,47,47,47,47,77,0,0,79,79,0,0,0,109,109,0,0,112,112,0,0,157,158,0,0,0,64,33,33,33,33,77,47,77,0,0,0,0,10,16,47,16,79,79,16,47,16,79,79,16,47,16,79,79,16,47,16,0,0,116,117,118,0,0,16,47,47,47,47,47,47,47,120,47,16,47,16,174,174,174,174,174,174,36,16,16,34,174,174,16,47,47,16,16,47,120,16,119,52,121,79,116,117,118,92,92,92,8,9,92,79,92,92,92,92,79,92,92,92,92,92,119,52,121,92,79,92,92,92,92,79,79,92,79,92,109,47,47,47,120,109,0,160,109,109,163,160,47,159,0,156,109,109,159,160,109,109,163,0,157,162,8,9,156,109,109,159,68,47,120,47,47,47,47,47,47,66,144,47,147,144,47,147,18,68,47,47,47,47,47,47,47,120,47,66,0,0,0,0,0,47,119,52,121,68,120,47,47,47,47,47,47,47,47,47,47,66,151,148,77,0,119,52,121,116,117,118,0,119,52,68,47,120,47,47,47,47,66,92,77,92,68,47,66,92,59,111,79,111,111,111,111,79,111,59,92,92,92,59,111,79,111,111,79,111,59,79,92,92,79,92,92,92,59,111,79,111,79,111,59,92,59,111,79,111,111,79,111,59,92,59,111,79,111,47,47,47,214,47,214,47,45,214,47,214,212,213,47,45,47,47,47,45,47,47,214,212,212,47,47,45,47,47,47,47,214,212,212,77,47,47,0,0,0,0,0,0,0,0,0,0,0,0,0,0,0,0,0,0,0,0,0,0,0,0,0,0,0,0,0,0,0,0,0,0,0,0,0,0,0,0,0,0,0,0,0,0,0,0,0,0,0,0,0,0,0,0,0,0,0,0,0,0,0,0,0,0,0,0,0,0,0,0,0,0,0,0,0,0,0,0,0,0,0,0,0,0,0,0,47,0,0,0,0,0,0,0,0,0,47,47,47,0,0,0,183,182,0,0,0,101,111,111,100,79,79,79,79,100,79,79,100,79,79,79,79,79,79,79,100,79,79,100,79,79,79,79,100,79,79,79,79,79,100,79,79,79,79,98,92,92,109,183,182,109,92,92,109,183,182,109,92,100,79,79,100,79,79,79,79,100,79,79,79,100,79,79,79,79,100,79,79,79,100,79,79,79,79,100,79,79,98,117,118,0,79,79,0,0,0,0,0,0,0,116,117,118,10,126,0,79,79,0,0,0,79,0,0,0,0,0,0,0,0,79,0,79,0,0,0,0,116,117,118,0,126,126,126,126,126,0,0,79,126,126,0,0,126,0,0,116,117,118,0,0,0,79,0,0,0,0,0,45,0,0,45,47,45,0,0,0,0,45,47,47,47,45,47,47,47,47,45,124,0,0,0,0,0,0,45,47,47,47,47,45,0,0,0,122,45,47,47,47,45,0,0,0,45,47,45,0,0,0,192,0,0,45,47,47,45,0,0,0,45,47,47,47,45,0,0,0,0,0,0,0,0,0,0,0,0,0,0,0,0,0,0,0,0,0,0,0,0,0,0,0,0,0,0,0,0,0,0,0,0,0,16,0,16,0,16,0,16,16,0,0,0,0,16,0,0,16,0,16,0,0,0,0,0,0,0,0,0,0,0,0,0,0,0,0,0,0,0,0,0,0,0,0,0,0,0,0,0,0,0,0,0,0,0,0,0,0,0,109,47,109,47,47,47,47,47,109,47,47,47,47,47,109,47,47,47,47,47,109,47,47,47,47,47,109,47,47,47,47,47,109,47,47,47,47,47,109,47,47,47,47,47,109,47,47,47,47,47,109,47,47,47,47,47,109,47,47,47,47,47,109,47,47,47,47,47,109,47,47,47,47,47,109,47,47,47,47,47,109,47,47,47,47,47,109,47,47,47,47,47,109,47,47,47,47,47,109,47,47,47,109,0,0,0,0,0,0,0,0,0,0,0,0,0,0,0,0,0,0,0,0,0,0,0,0,0,0,0,0,0,0,0,0,0,0,0,0,0,0,0,0,0,0,0,0,0,0,0,0,0,0,0,0,0,0,0,0,0,0,0,0,0,0,0,0,0,0,0,0,0,0,0,0,0,0,0,0,0,0,0,0,0,0,0,0,0,0,0,0,0,0,0,0,0,0,0,0,0,0,0,0,0,0,0,0,0,0,0,0,0,0,0,0,0,0,0,0,0,0,0,0,0,0,0,0,0,0,0,0,0,0,0,0,0,0,0,0,0,0,0,0,0,0,0,0,0,0,0,0,0,0,0,0,0,0,0,0,0,0,0,0,0,0,0,0,0,0,0,0,0,0,0,0,0,0,0,0,0,0,0,0,0,0,0,0,0,0,0,0,0,0,0,0,0,0,0,0,0,0,0,0,0,0,0,0,0,0,0,0,0,0,0,0,0,0,0,0,0,0,0,0,0,0,0,0,0,0,0,0,0,0,0,0,109,6,6,6,6,6,6,6,6,6,6,0,0,0,0,0,0,0,0,0,0,0,0,0,0,0,0,0,0,0,0,0,0,0,0,0,0,0,0,0,0,0,0,0,0,0,0,0,0,0,0,0,0,0,0,0,0,0,0,0,0,0,0,0,0,0,0,0,0,0,0,0,0,0,0,0,0,0,0,0,0,0,0
0,0,0,0,0,17,173,0,0,0,77,47,47,47,47,47,47,77,24,45,24,24,45,24,24,45,24,24,24,77,47,47,47,47,47,77,24,24,79,79,24,24,24,109,109,24,24,109,109,24,24,112,112,24,24,24,77,47,47,47,47,77,47,77,24,24,24,24,24,16,47,16,79,79,16,47,16,79,79,16,47,16,79,79,16,47,16,196,0,119,52,121,0,0,16,47,47,47,47,47,47,47,47,47,16,47,16,33,33,33,33,33,33,36,16,16,34,211,211,16,47,47,16,16,47,47,16,111,111,111,111,111,111,111,111,111,111,111,111,111,111,111,111,111,111,111,111,111,111,111,111,111,111,111,111,111,111,111,111,111,111,111,111,111,111,109,78,78,78,78,109,201,201,201,201,201,201,201,201,201,201,201,201,201,201,201,201,201,201,201,201,201,201,201,201,201,201,201,201,201,201,201,201,201,201,201,201,201,201,201,201,201,201,201,201,201,201,201,201,201,201,201,201,201,201,201,201,201,201,201,201,201,201,201,201,201,201,201,201,201,201,201,201,201,201,201,201,201,201,201,201,201,201,201,201,201,201,201,201,201,201,201,201,201,201,201,201,201,201,201,201,201,201,201,201,201,201,201,201,201,201,201,201,201,201,201,201,201,201,201,201,201,201,201,201,201,201,201,201,201,201,201,201,201,201,201,201,201,201,201,201,201,201,201,201,201,201,201,201,201,201,201,201,201,201,201,201,201,201,201,201,201,201,201,201,201,201,201,201,201,201,201,201,201,201,201,201,201,201,201,201,201,201,201,201,201,201,201,77,59,59,92,92,92,92,92,92,92,92,92,92,92,92,92,92,92,92,92,92,92,92,92,92,92,92,92,92,92,92,92,92,92,92,92,92,92,92,92,92,92,92,92,92,92,92,92,92,92,92,92,92,92,92,92,92,92,92,92,92,92,92,92,92,92,92,92,92,92,92,92,92,92,92,92,92,92,92,92,92,92,92,92,92,92,92,92,92,92,92,92,92,92,92,92,92,92,92,92,92,59,59,59,92,92,92,187,186,0,0,0,100,79,79,100,79,79,79,79,100,79,79,100,79,79,79,79,79,79,79,100,79,79,100,79,79,79,79,100,79,79,79,79,79,100,79,79,79,79,98,111,111,109,183,182,109,111,111,109,183,182,109,111,100,79,79,100,79,79,79,79,100,79,79,79,100,79,79,79,79,100,79,79,79,100,79,79,79,79,100,79,79,98,52,121,92,79,79,92,92,8,9,92,92,92,119,52,121,92,79,92,79,79,92,92,92,79,92,92,92,92,92,116,117,118,79,92,79,92,92,92,92,119,52,121,92,92,79,92,92,92,8,9,79,79,92,92,92,79,92,92,119,52,121,92,92,92,79,92,92,92,8,9,45,199,199,45,47,45,199,199,199,199,45,47,47,47,45,47,47,47,47,45,199,199,199,199,199,199,199,45,47,47,47,47,45,199,199,199,199,45,47,47,47,45,199,199,199,45,47,45,199,199,199,199,199,199,45,47,47,45,199,199,199,45,47,47,47,45,199,199,199,199,199,199,199,199,199,199,199,199,199,199,199,199,199,199,199,199,199,199,199,199,199,199,199,199,199,199,199,199,199,199,199,199,199,16,199,16,16,16,199,16,199,16,199,199,16,199,16,199,16,16,199,199,199,199,199,199,199,199,199,199,199,199,199,199,199,199,199,199,199,199,199,199,199,199,199,199,199,199,199,199,199,199,199,199,199,199,199,199,199,199,109,47,109,47,47,47,47,47,109,47,47,47,47,47,109,47,47,47,47,47,109,47,47,47,47,47,109,47,47,47,47,47,109,47,47,47,47,47,109,47,47,47,47,47,109,47,47,47,47,47,109,47,47,47,47,47,109,47,47,47,47,47,109,47,47,47,47,47,109,47,47,47,47,47,109,47,47,47,47,47,109,47,47,47,47,47,109,47,47,47,47,47,109,47,47,47,47,47,109,47,47,47,109,0,0,0,0,0,0,0,0,0,0,0,0,0,0,0,0,0,0,0,0,0,0,0,0,0,0,0,0,0,0,0,0,0,0,0,0,0,0,0,0,0,0,0,0,0,0,0,0,0,0,0,0,0,0,0,0,0,0,0,0,0,0,0,0,0,0,0,0,0,0,0,0,0,0,0,0,0,0,0,0,0,0,0,0,0,0,0,0,0,0,0,0,0,0,0,0,0,0,0,0,0,0,0,0,0,0,0,0,0,0,0,0,0,0,0,0,0,0,0,0,0,0,0,0,0,0,0,0,0,0,0,0,0,0,0,0,0,0,0,0,0,0,0,0,0,0,0,0,0,0,0,0,0,0,0,0,0,0,0,0,0,0,0,0,0,0,0,0,0,0,0,0,0,0,0,0,0,0,0,0,0,0,0,0,0,0,0,0,0,0,0,0,0,0,0,0,0,0,0,0,0,0,0,0,0,0,0,0,0,0,0,0,0,0,0,0,0,0,0,0,0,0,0,0,0,0,0,0,0,0,0,0,109,6,6,6,6,6,6,6,6,6,6,0,0,0,0,0,0,0,0,0,0,0,0,0,0,0,0,0,0,0,0,0,0,0,0,0,0,0,0,0,0,0,0,0,0,0,0,0,0,0,0,0,0,0,0,0,0,0,0,0,0,0,0,0,0,0,0,0,0,0,0,0,0,0,0,0,0,0,0,0,0,0,0
