ID,TRACK,CHANNEL,PATTERN,ROW,NOTE,OCTAVE,INST,VOLUME,FX1,FX1PARAM,FX2,FX2PARAM,FX3,FX3PARAM,FX4,FX4PARAM
0,0,0,0,0,9,3,0,8,11,0,0,0,0,0,0,0
1,0,0,0,8,0,0,64,5,21,204,0,0,0,0,0,0
2,0,0,0,10,0,0,64,4,0,0,0,0,0,0,0,0
3,0,0,0,12,0,0,64,3,0,0,0,0,0,0,0,0
4,0,0,0,14,0,0,64,2,0,0,0,0,0,0,0,0
5,0,0,0,16,4,2,5,7,0,0,0,0,0,0,0,0
6,0,0,0,20,14,0,64,16,0,0,0,0,0,0,0,0
7,0,0,0,24,4,2,5,16,0,0,0,0,0,0,0,0
8,0,0,0,27,0,0,64,16,23,2,0,0,0,0,0,0
9,0,0,0,28,4,2,5,16,0,0,0,0,0,0,0,0
10,0,0,0,32,14,0,64,16,0,0,0,0,0,0,0,0
11,0,0,0,40,12,1,5,16,0,0,0,0,0,0,0,0
12,0,0,0,44,14,0,64,16,0,0,0,0,0,0,0,0
13,0,0,0,48,4,2,5,16,0,0,0,0,0,0,0,0
14,0,0,0,52,14,0,64,16,0,0,0,0,0,0,0,0
15,0,0,0,56,4,2,5,16,0,0,0,0,0,0,0,0
16,0,0,0,60,14,0,64,16,0,0,0,0,0,0,0,0
17,0,0,1,0,4,2,5,7,0,0,0,0,0,0,0,0
18,0,0,1,4,14,0,64,16,0,0,0,0,0,0,0,0
19,0,0,1,8,4,2,5,16,0,0,0,0,0,0,0,0
20,0,0,1,12,14,0,64,16,0,0,0,0,0,0,0,0
21,0,0,1,16,4,2,5,16,0,0,0,0,0,0,0,0
22,0,0,1,20,14,0,64,16,0,0,0,0,0,0,0,0
23,0,0,1,24,4,2,5,16,0,0,0,0,0,0,0,0
24,0,0,1,27,0,0,64,16,23,2,0,0,0,0,0,0
25,0,0,1,28,4,2,5,16,0,0,0,0,0,0,0,0
26,0,0,1,32,14,0,64,16,0,0,0,0,0,0,0,0
27,0,0,1,36,9,1,5,16,0,0,0,0,0,0,0,0
28,0,0,1,40,4,2,5,16,0,0,0,0,0,0,0,0
29,0,0,1,44,14,0,64,16,0,0,0,0,0,0,0,0
30,0,0,1,48,4,2,5,16,0,0,0,0,0,0,0,0
31,0,0,1,52,14,0,64,16,0,0,0,0,0,0,0,0
32,0,0,1,56,5,2,5,16,0,0,0,0,0,0,0,0
33,0,0,1,60,14,0,64,16,0,0,0,0,0,0,0,0
34,0,0,2,0,4,2,5,7,0,0,0,0,0,0,0,0
35,0,0,2,4,14,0,64,16,0,0,0,0,0,0,0,0
36,0,0,2,8,4,2,5,16,0,0,0,0,0,0,0,0
37,0,0,2,12,14,0,64,16,0,0,0,0,0,0,0,0
38,0,0,2,16,4,2,5,16,0,0,0,0,0,0,0,0
39,0,0,2,20,14,0,64,16,0,0,0,0,0,0,0,0
40,0,0,2,24,4,2,5,16,0,0,0,0,0,0,0,0
41,0,0,2,27,0,0,64,16,23,2,0,0,0,0,0,0
42,0,0,2,28,4,2,5,16,0,0,0,0,0,0,0,0
43,0,0,2,32,14,0,64,16,0,0,0,0,0,0,0,0
44,0,0,2,40,12,1,5,16,0,0,0,0,0,0,0,0
45,0,0,2,44,14,0,64,16,0,0,0,0,0,0,0,0
46,0,0,2,48,7,2,5,16,0,0,0,0,0,0,0,0
47,0,0,2,52,14,0,64,16,0,0,0,0,0,0,0,0
48,0,0,2,56,7,2,5,16,0,0,0,0,0,0,0,0
49,0,0,2,60,14,0,64,16,0,0,0,0,0,0,0,0
50,0,0,3,0,9,3,0,8,0,0,0,0,0,0,0,0
51,0,0,3,8,0,0,64,5,21,204,0,0,0,0,0,0
52,0,0,3,10,0,0,64,4,0,0,0,0,0,0,0,0
53,0,0,3,12,9,3,8,8,0,0,0,0,0,0,0,0
54,0,0,3,14,9,2,0,2,0,0,0,0,0,0,0,0
55,0,0,3,16,12,3,8,8,0,0,0,0,0,0,0,0
56,0,0,3,19,0,0,64,16,23,2,0,0,0,0,0,0
57,0,0,3,20,9,3,8,16,0,0,0,0,0,0,0,0
58,0,0,3,23,0,0,64,16,23,2,0,0,0,0,0,0
59,0,0,3,24,7,3,8,16,0,0,0,0,0,0,0,0
60,0,0,3,26,14,0,64,16,0,0,0,0,0,0,0,0
61,0,0,3,28,9,3,8,16,0,0,0,0,0,0,0,0
62,0,0,3,32,14,0,64,16,0,0,0,0,0,0,0,0
63,0,0,3,40,11,3,8,16,0,0,0,0,0,0,0,0
64,0,0,3,41,12,3,8,16,0,0,0,0,0,0,0,0
65,0,0,3,44,14,0,64,16,0,0,0,0,0,0,0,0
66,0,0,3,48,7,3,8,16,0,0,0,0,0,0,0,0
67,0,0,3,52,14,0,64,16,0,0,0,0,0,0,0,0
68,0,0,3,56,12,3,8,16,0,0,0,0,0,0,0,0
69,0,0,3,60,14,0,64,16,0,0,0,0,0,0,0,0
70,0,0,4,0,9,3,7,8,0,0,0,0,0,0,0,0
71,0,0,4,4,14,0,64,16,0,0,0,0,0,0,0,0
72,0,0,4,12,9,3,7,16,0,0,0,0,0,0,0,0
73,0,0,4,14,14,0,64,16,0,0,0,0,0,0,0,0
74,0,0,4,16,12,3,8,16,0,0,0,0,0,0,0,0
75,0,0,4,19,0,0,64,16,23,2,0,0,0,0,0,0
76,0,0,4,20,9,3,8,16,0,0,0,0,0,0,0,0
77,0,0,4,23,0,0,64,16,23,2,0,0,0,0,0,0
78,0,0,4,24,7,3,8,16,0,0,0,0,0,0,0,0
79,0,0,4,26,14,0,64,16,0,0,0,0,0,0,0,0
80,0,0,4,28,9,3,8,16,0,0,0,0,0,0,0,0
81,0,0,4,32,14,0,64,16,0,0,0,0,0,0,0,0
82,0,0,4,36,9,3,7,16,0,0,0,0,0,0,0,0
83,0,0,4,38,14,0,64,16,0,0,0,0,0,0,0,0
84,0,0,4,40,12,3,7,16,0,0,0,0,0,0,0,0
85,0,0,4,42,14,0,64,16,0,0,0,0,0,0,0,0
86,0,0,4,44,9,3,7,16,0,0,0,0,0,0,0,0
87,0,0,4,46,14,0,64,16,0,0,0,0,0,0,0,0
88,0,0,4,48,4,3,7,16,0,0,0,0,0,0,0,0
89,0,0,4,50,14,0,64,16,0,0,0,0,0,0,0,0
90,0,0,4,52,10,3,7,16,0,0,0,0,0,0,0,0
91,0,0,4,56,14,0,64,16,0,0,0,0,0,0,0,0
92,0,0,4,60,7,3,7,16,0,0,0,0,0,0,0,0
93,0,0,4,63,0,0,64,16,23,2,0,0,0,0,0,0
94,0,0,5,0,9,3,7,8,0,0,0,0,0,0,0,0
95,0,0,5,4,14,0,64,16,0,0,0,0,0,0,0,0
96,0,0,5,12,9,3,7,16,0,0,0,0,0,0,0,0
97,0,0,5,14,14,0,64,16,0,0,0,0,0,0,0,0
98,0,0,5,16,12,3,8,16,0,0,0,0,0,0,0,0
99,0,0,5,19,0,0,64,16,23,2,0,0,0,0,0,0
100,0,0,5,20,9,3,8,16,0,0,0,0,0,0,0,0
101,0,0,5,23,0,0,64,16,23,2,0,0,0,0,0,0
102,0,0,5,24,7,3,8,16,0,0,0,0,0,0,0,0
103,0,0,5,26,14,0,64,16,0,0,0,0,0,0,0,0
104,0,0,5,28,9,3,8,16,0,0,0,0,0,0,0,0
105,0,0,5,32,14,0,64,16,0,0,0,0,0,0,0,0
106,0,0,5,40,4,3,7,16,0,0,0,0,0,0,0,0
107,0,0,5,42,14,0,64,16,0,0,0,0,0,0,0,0
108,0,0,5,44,4,3,7,16,0,0,0,0,0,0,0,0
109,0,0,5,46,14,0,64,16,0,0,0,0,0,0,0,0
110,0,0,5,48,4,3,7,16,0,0,0,0,0,0,0,0
111,0,0,5,50,14,0,64,16,0,0,0,0,0,0,0,0
112,0,0,5,52,7,3,7,16,0,0,0,0,0,0,0,0
113,0,0,5,54,14,0,64,16,0,0,0,0,0,0,0,0
114,0,0,5,56,7,3,7,16,0,0,0,0,0,0,0,0
115,0,0,5,58,14,0,64,16,0,0,0,0,0,0,0,0
116,0,0,5,60,7,3,7,16,0,0,0,0,0,0,0,0
117,0,0,5,62,14,0,64,16,0,0,0,0,0,0,0,0
118,0,0,6,0,9,3,7,8,0,0,0,0,0,0,0,0
119,0,0,6,4,14,0,64,16,0,0,0,0,0,0,0,0
120,0,0,6,12,9,3,7,16,0,0,0,0,0,0,0,0
121,0,0,6,14,14,0,64,16,0,0,0,0,0,0,0,0
122,0,0,6,16,12,3,8,16,0,0,0,0,0,0,0,0
123,0,0,6,19,0,0,64,16,23,2,0,0,0,0,0,0
124,0,0,6,20,9,3,8,16,0,0,0,0,0,0,0,0
125,0,0,6,23,0,0,64,16,23,2,0,0,0,0,0,0
126,0,0,6,24,7,3,8,16,0,0,0,0,0,0,0,0
127,0,0,6,26,14,0,64,16,0,0,0,0,0,0,0,0
128,0,0,6,28,9,3,8,16,0,0,0,0,0,0,0,0
129,0,0,6,32,14,0,64,16,0,0,0,0,0,0,0,0
130,0,0,6,36,9,3,8,16,0,0,0,0,0,0,0,0
131,0,0,6,38,14,0,64,16,0,0,0,0,0,0,0,0
132,0,0,6,40,12,3,8,16,0,0,0,0,0,0,0,0
133,0,0,6,42,14,0,64,16,0,0,0,0,0,0,0,0
134,0,0,6,44,9,3,8,16,0,0,0,0,0,0,0,0
135,0,0,6,46,14,0,64,16,0,0,0,0,0,0,0,0
136,0,0,6,48,12,3,8,16,0,0,0,0,0,0,0,0
137,0,0,6,50,14,0,64,16,0,0,0,0,0,0,0,0
138,0,0,6,52,2,4,8,16,0,0,0,0,0,0,0,0
139,0,0,6,54,14,0,64,16,0,0,0,0,0,0,0,0
140,0,0,6,56,9,3,8,16,0,0,0,0,0,0,0,0
141,0,0,6,58,14,0,64,16,0,0,0,0,0,0,0,0
142,0,0,6,60,7,3,8,16,0,0,0,0,0,0,0,0
143,0,0,6,63,0,0,64,16,23,2,0,0,0,0,0,0
144,0,0,7,0,4,3,5,7,0,0,0,0,0,0,0,0
145,0,0,7,2,14,0,64,16,0,0,0,0,0,0,0,0
146,0,0,7,4,4,3,5,16,0,0,0,0,0,0,0,0
147,0,0,7,6,14,0,64,16,0,0,0,0,0,0,0,0
148,0,0,7,8,11,3,0,8,0,0,0,0,0,0,0,0
149,0,0,7,11,0,0,64,16,23,2,0,0,0,0,0,0
150,0,0,7,12,12,3,0,16,0,0,0,0,0,0,0,0
151,0,0,7,15,0,0,64,16,23,2,0,0,0,0,0,0
152,0,0,7,16,12,3,0,16,0,0,0,0,0,0,0,0
153,0,0,7,19,0,0,64,16,23,2,0,0,0,0,0,0
154,0,0,7,20,11,3,0,16,0,0,0,0,0,0,0,0
155,0,0,7,23,0,0,64,16,23,2,0,0,0,0,0,0
156,0,0,7,24,9,3,0,16,0,0,0,0,0,0,0,0
157,0,0,7,27,0,0,64,16,23,2,0,0,0,0,0,0
158,0,0,7,28,4,3,0,16,0,0,0,0,0,0,0,0
159,0,0,7,32,14,0,64,16,0,0,0,0,0,0,0,0
160,0,0,7,36,4,3,0,16,0,0,0,0,0,0,0,0
161,0,0,7,39,0,0,64,16,23,2,0,0,0,0,0,0
162,0,0,7,40,12,3,0,16,0,0,0,0,0,0,0,0
163,0,0,7,43,0,0,64,16,23,2,0,0,0,0,0,0
164,0,0,7,44,9,3,0,16,0,0,0,0,0,0,0,0
165,0,0,7,47,0,0,64,16,23,2,0,0,0,0,0,0
166,0,0,7,48,9,3,0,16,0,0,0,0,0,0,0,0
167,0,0,7,49,0,0,64,16,20,34,0,0,0,0,0,0
168,0,0,7,54,0,0,64,16,11,133,0,0,0,0,0,0
169,0,0,7,59,0,0,64,16,23,2,0,0,0,0,0,0
170,0,0,7,60,9,3,0,16,11,0,0,0,0,0,0,0
171,0,0,7,61,0,0,64,16,23,2,0,0,0,0,0,0
172,0,0,7,62,11,3,0,16,0,0,0,0,0,0,0,0
173,0,0,7,63,0,0,64,16,23,2,0,0,0,0,0,0
174,0,0,8,0,12,3,0,8,0,0,0,0,0,0,0,0
175,0,0,8,3,0,0,64,16,23,2,0,0,0,0,0,0
176,0,0,8,4,9,3,0,16,0,0,0,0,0,0,0,0
177,0,0,8,5,0,0,64,16,23,2,0,0,0,0,0,0
178,0,0,8,6,11,3,0,16,0,0,0,0,0,0,0,0
179,0,0,8,7,0,0,64,16,23,2,0,0,0,0,0,0
180,0,0,8,8,12,3,0,16,0,0,0,0,0,0,0,0
181,0,0,8,11,0,0,64,16,23,2,0,0,0,0,0,0
182,0,0,8,12,9,3,0,16,0,0,0,0,0,0,0,0
183,0,0,8,13,0,0,64,16,23,2,0,0,0,0,0,0
184,0,0,8,14,11,3,0,16,0,0,0,0,0,0,0,0
185,0,0,8,15,0,0,64,16,23,2,0,0,0,0,0,0
186,0,0,8,16,2,4,0,16,0,0,0,0,0,0,0,0
187,0,0,8,19,0,0,64,16,23,2,0,0,0,0,0,0
188,0,0,8,20,11,3,0,16,0,0,0,0,0,0,0,0
189,0,0,8,21,0,0,64,16,23,2,0,0,0,0,0,0
190,0,0,8,22,12,3,0,16,0,0,0,0,0,0,0,0
191,0,0,8,23,0,0,64,16,23,2,0,0,0,0,0,0
192,0,0,8,24,2,4,0,16,0,0,0,0,0,0,0,0
193,0,0,8,27,0,0,64,16,23,2,0,0,0,0,0,0
194,0,0,8,28,11,3,0,16,0,0,0,0,0,0,0,0
195,0,0,8,29,0,0,64,16,23,2,0,0,0,0,0,0
196,0,0,8,30,12,3,0,16,0,0,0,0,0,0,0,0
197,0,0,8,31,0,0,64,16,23,2,0,0,0,0,0,0
198,0,0,8,32,4,4,0,16,0,0,0,0,0,0,0,0
199,0,0,8,35,0,0,64,16,23,2,0,0,0,0,0,0
200,0,0,8,36,12,3,0,16,0,0,0,0,0,0,0,0
201,0,0,8,37,0,0,64,16,23,2,0,0,0,0,0,0
202,0,0,8,38,11,3,0,16,0,0,0,0,0,0,0,0
203,0,0,8,39,0,0,64,16,23,2,0,0,0,0,0,0
204,0,0,8,40,12,3,0,16,0,0,0,0,0,0,0,0
205,0,0,8,42,14,0,64,16,0,0,0,0,0,0,0,0
206,0,0,8,44,12,3,0,16,0,0,0,0,0,0,0,0
207,0,0,8,45,0,0,64,16,23,2,0,0,0,0,0,0
208,0,0,8,46,9,3,0,16,0,0,0,0,0,0,0,0
209,0,0,8,47,0,0,64,16,23,2,0,0,0,0,0,0
210,0,0,8,48,11,3,0,16,0,0,0,0,0,0,0,0
211,0,0,8,51,0,0,64,16,23,2,0,0,0,0,0,0
212,0,0,8,52,12,3,0,16,0,0,0,0,0,0,0,0
213,0,0,8,53,0,0,64,16,23,2,0,0,0,0,0,0
214,0,0,8,54,11,3,0,16,0,0,0,0,0,0,0,0
215,0,0,8,55,0,0,64,16,23,2,0,0,0,0,0,0
216,0,0,8,56,12,3,0,16,0,0,0,0,0,0,0,0
217,0,0,8,58,14,0,64,16,0,0,0,0,0,0,0,0
218,0,0,8,60,11,3,0,16,0,0,0,0,0,0,0,0
219,0,0,8,63,0,0,64,16,23,2,0,0,0,0,0,0
220,0,0,9,0,9,3,0,8,0,0,0,0,0,0,0,0
221,0,0,9,4,14,0,64,16,0,0,0,0,0,0,0,0
222,0,0,9,8,11,3,0,16,0,0,0,0,0,0,0,0
223,0,0,9,11,0,0,64,16,23,2,0,0,0,0,0,0
224,0,0,9,12,12,3,0,16,0,0,0,0,0,0,0,0
225,0,0,9,15,0,0,64,16,23,2,0,0,0,0,0,0
226,0,0,9,16,12,3,0,16,0,0,0,0,0,0,0,0
227,0,0,9,19,0,0,64,16,23,2,0,0,0,0,0,0
228,0,0,9,20,11,3,0,16,0,0,0,0,0,0,0,0
229,0,0,9,23,0,0,64,16,23,2,0,0,0,0,0,0
230,0,0,9,24,9,3,0,16,0,0,0,0,0,0,0,0
231,0,0,9,27,0,0,64,16,23,2,0,0,0,0,0,0
232,0,0,9,28,9,3,0,16,0,0,0,0,0,0,0,0
233,0,0,9,34,0,0,64,16,11,132,0,0,0,0,0,0
234,0,0,9,36,14,0,64,16,11,0,0,0,0,0,0,0
235,0,0,9,40,11,3,0,16,0,0,0,0,0,0,0,0
236,0,0,9,43,0,0,64,16,23,2,0,0,0,0,0,0
237,0,0,9,44,12,3,0,16,0,0,0,0,0,0,0,0
238,0,0,9,47,0,0,64,16,23,2,0,0,0,0,0,0
239,0,0,9,48,12,3,0,16,0,0,0,0,0,0,0,0
240,0,0,9,51,0,0,64,16,23,2,0,0,0,0,0,0
241,0,0,9,52,11,3,0,16,0,0,0,0,0,0,0,0
242,0,0,9,55,0,0,64,16,23,2,0,0,0,0,0,0
243,0,0,9,56,9,3,0,16,0,0,0,0,0,0,0,0
244,0,0,9,59,0,0,64,16,23,2,0,0,0,0,0,0
245,0,0,9,60,7,3,0,16,0,0,0,0,0,0,0,0
246,0,0,10,0,0,0,64,8,0,0,0,0,0,0,0,0
247,0,0,10,2,0,0,64,16,11,132,0,0,0,0,0,0
248,0,0,10,4,14,0,64,16,11,0,0,0,0,0,0,0
249,0,0,10,8,11,3,0,16,0,0,0,0,0,0,0,0
250,0,0,10,11,0,0,64,16,23,2,0,0,0,0,0,0
251,0,0,10,12,12,3,0,16,0,0,0,0,0,0,0,0
252,0,0,10,15,0,0,64,16,23,2,0,0,0,0,0,0
253,0,0,10,16,12,3,0,16,0,0,0,0,0,0,0,0
254,0,0,10,19,0,0,64,16,23,2,0,0,0,0,0,0
255,0,0,10,20,11,3,0,16,0,0,0,0,0,0,0,0
256,0,0,10,23,0,0,64,16,23,2,0,0,0,0,0,0
257,0,0,10,24,9,3,0,16,0,0,0,0,0,0,0,0
258,0,0,10,27,0,0,64,16,23,2,0,0,0,0,0,0
259,0,0,10,28,2,4,0,16,0,0,0,0,0,0,0,0
260,0,0,10,34,0,0,64,16,11,132,0,0,0,0,0,0
261,0,0,10,35,0,0,64,16,23,2,0,0,0,0,0,0
262,0,0,10,36,12,3,0,16,11,0,0,0,0,0,0,0
263,0,0,10,39,0,0,64,16,23,2,0,0,0,0,0,0
264,0,0,10,40,11,3,0,16,0,0,0,0,0,0,0,0
265,0,0,10,43,0,0,64,16,23,2,0,0,0,0,0,0
266,0,0,10,44,12,3,0,16,0,0,0,0,0,0,0,0
267,0,0,10,47,0,0,64,16,23,2,0,0,0,0,0,0
268,0,0,10,48,12,3,0,16,0,0,0,0,0,0,0,0
269,0,0,10,51,0,0,64,16,23,2,0,0,0,0,0,0
270,0,0,10,52,11,3,0,16,0,0,0,0,0,0,0,0
271,0,0,10,55,0,0,64,16,23,2,0,0,0,0,0,0
272,0,0,10,56,7,3,0,16,0,0,0,0,0,0,0,0
273,0,0,10,59,0,0,64,16,23,2,0,0,0,0,0,0
274,0,0,10,60,9,3,0,16,0,0,0,0,0,0,0,0
275,0,0,11,0,0,0,64,8,0,0,0,0,0,0,0,0
276,0,0,11,2,0,0,64,16,11,132,0,0,0,0,0,0
277,0,0,11,4,14,0,64,16,11,0,0,0,0,0,0,0
278,0,0,11,8,11,3,0,16,0,0,0,0,0,0,0,0
279,0,0,11,11,0,0,64,16,23,2,0,0,0,0,0,0
280,0,0,11,12,12,3,0,16,0,0,0,0,0,0,0,0
281,0,0,11,15,0,0,64,16,23,2,0,0,0,0,0,0
282,0,0,11,16,12,3,0,16,0,0,0,0,0,0,0,0
283,0,0,11,19,0,0,64,16,23,2,0,0,0,0,0,0
284,0,0,11,20,11,3,0,16,0,0,0,0,0,0,0,0
285,0,0,11,23,0,0,64,16,23,2,0,0,0,0,0,0
286,0,0,11,24,9,3,0,16,0,0,0,0,0,0,0,0
287,0,0,11,27,0,0,64,16,23,2,0,0,0,0,0,0
288,0,0,11,28,9,3,0,16,0,0,0,0,0,0,0,0
289,0,0,11,34,0,0,64,16,11,132,0,0,0,0,0,0
290,0,0,11,36,14,0,64,16,11,0,0,0,0,0,0,0
291,0,0,11,40,11,3,0,16,0,0,0,0,0,0,0,0
292,0,0,11,43,0,0,64,16,23,2,0,0,0,0,0,0
293,0,0,11,44,12,3,0,16,0,0,0,0,0,0,0,0
294,0,0,11,47,0,0,64,16,23,2,0,0,0,0,0,0
295,0,0,11,48,12,3,0,16,0,0,0,0,0,0,0,0
296,0,0,11,51,0,0,64,16,23,2,0,0,0,0,0,0
297,0,0,11,52,11,3,0,16,0,0,0,0,0,0,0,0
298,0,0,11,55,0,0,64,16,23,2,0,0,0,0,0,0
299,0,0,11,56,9,3,0,16,0,0,0,0,0,0,0,0
300,0,0,11,59,0,0,64,16,23,2,0,0,0,0,0,0
301,0,0,11,60,7,3,0,16,0,0,0,0,0,0,0,0
302,0,0,12,0,0,0,64,8,0,0,0,0,0,0,0,0
303,0,0,12,2,0,0,64,16,11,132,0,0,0,0,0,0
304,0,0,12,4,14,0,64,16,11,0,0,0,0,0,0,0
305,0,0,12,8,11,3,0,16,0,0,0,0,0,0,0,0
306,0,0,12,11,0,0,64,16,23,2,0,0,0,0,0,0
307,0,0,12,12,12,3,0,16,0,0,0,0,0,0,0,0
308,0,0,12,15,0,0,64,16,23,2,0,0,0,0,0,0
309,0,0,12,16,12,3,0,16,0,0,0,0,0,0,0,0
310,0,0,12,19,0,0,64,16,23,2,0,0,0,0,0,0
311,0,0,12,20,11,3,0,16,0,0,0,0,0,0,0,0
312,0,0,12,23,0,0,64,16,23,2,0,0,0,0,0,0
313,0,0,12,24,9,3,0,16,0,0,0,0,0,0,0,0
314,0,0,12,27,0,0,64,16,23,2,0,0,0,0,0,0
315,0,0,12,28,2,4,0,16,0,0,0,0,0,0,0,0
316,0,0,12,34,0,0,64,16,11,132,0,0,0,0,0,0
317,0,0,12,35,0,0,64,16,23,2,0,0,0,0,0,0
318,0,0,12,36,12,3,0,16,11,0,0,0,0,0,0,0
319,0,0,12,39,0,0,64,16,23,2,0,0,0,0,0,0
320,0,0,12,40,11,3,0,16,0,0,0,0,0,0,0,0
321,0,0,12,43,0,0,64,16,23,2,0,0,0,0,0,0
322,0,0,12,44,12,3,0,16,0,0,0,0,0,0,0,0
323,0,0,12,47,0,0,64,16,23,2,0,0,0,0,0,0
324,0,0,12,48,12,3,0,16,0,0,0,0,0,0,0,0
325,0,0,12,51,0,0,64,16,23,2,0,0,0,0,0,0
326,0,0,12,52,11,3,0,16,0,0,0,0,0,0,0,0
327,0,0,12,55,0,0,64,16,23,2,0,0,0,0,0,0
328,0,0,12,56,7,3,0,16,0,0,0,0,0,0,0,0
329,0,0,12,60,0,0,64,6,21,191,0,0,0,0,0,0
330,0,0,13,0,9,3,19,10,0,0,0,0,0,0,0,0
331,0,0,13,4,14,0,64,16,0,0,0,0,0,0,0,0
332,0,0,13,8,11,3,19,16,0,0,0,0,0,0,0,0
333,0,0,13,11,0,0,64,16,23,2,0,0,0,0,0,0
334,0,0,13,12,12,3,19,16,0,0,0,0,0,0,0,0
335,0,0,13,15,0,0,64,16,23,2,0,0,0,0,0,0
336,0,0,13,16,12,3,19,16,0,0,0,0,0,0,0,0
337,0,0,13,19,0,0,64,16,23,2,0,0,0,0,0,0
338,0,0,13,20,11,3,19,16,0,0,0,0,0,0,0,0
339,0,0,13,23,0,0,64,16,23,2,0,0,0,0,0,0
340,0,0,13,24,9,3,19,16,0,0,0,0,0,0,0,0
341,0,0,13,27,0,0,64,16,23,2,0,0,0,0,0,0
342,0,0,13,28,9,3,19,16,0,0,0,0,0,0,0,0
343,0,0,13,34,0,0,64,16,11,132,0,0,0,0,0,0
344,0,0,13,36,14,0,64,16,11,0,0,0,0,0,0,0
345,0,0,13,40,11,3,19,16,0,0,0,0,0,0,0,0
346,0,0,13,43,0,0,64,16,23,2,0,0,0,0,0,0
347,0,0,13,44,12,3,19,16,0,0,0,0,0,0,0,0
348,0,0,13,47,0,0,64,16,23,2,0,0,0,0,0,0
349,0,0,13,48,12,3,19,16,0,0,0,0,0,0,0,0
350,0,0,13,51,0,0,64,16,23,2,0,0,0,0,0,0
351,0,0,13,52,11,3,19,16,0,0,0,0,0,0,0,0
352,0,0,13,55,0,0,64,16,23,2,0,0,0,0,0,0
353,0,0,13,56,9,3,19,16,0,0,0,0,0,0,0,0
354,0,0,13,59,0,0,64,16,23,2,0,0,0,0,0,0
355,0,0,13,60,7,3,19,16,0,0,0,0,0,0,0,0
356,0,0,14,0,0,0,64,10,0,0,0,0,0,0,0,0
357,0,0,14,2,0,0,64,16,11,132,0,0,0,0,0,0
358,0,0,14,4,14,0,64,16,11,0,0,0,0,0,0,0
359,0,0,14,8,11,3,19,16,0,0,0,0,0,0,0,0
360,0,0,14,11,0,0,64,16,23,2,0,0,0,0,0,0
361,0,0,14,12,12,3,19,16,0,0,0,0,0,0,0,0
362,0,0,14,15,0,0,64,16,23,2,0,0,0,0,0,0
363,0,0,14,16,12,3,19,16,0,0,0,0,0,0,0,0
364,0,0,14,19,0,0,64,16,23,2,0,0,0,0,0,0
365,0,0,14,20,11,3,19,16,0,0,0,0,0,0,0,0
366,0,0,14,23,0,0,64,16,23,2,0,0,0,0,0,0
367,0,0,14,24,9,3,19,16,0,0,0,0,0,0,0,0
368,0,0,14,27,0,0,64,16,23,2,0,0,0,0,0,0
369,0,0,14,28,2,4,19,16,0,0,0,0,0,0,0,0
370,0,0,14,34,0,0,64,16,11,132,0,0,0,0,0,0
371,0,0,14,35,0,0,64,16,23,2,0,0,0,0,0,0
372,0,0,14,36,12,3,19,16,11,0,0,0,0,0,0,0
373,0,0,14,39,0,0,64,16,23,2,0,0,0,0,0,0
374,0,0,14,40,11,3,19,16,0,0,0,0,0,0,0,0
375,0,0,14,43,0,0,64,16,23,2,0,0,0,0,0,0
376,0,0,14,44,12,3,19,16,0,0,0,0,0,0,0,0
377,0,0,14,47,0,0,64,16,23,2,0,0,0,0,0,0
378,0,0,14,48,12,3,19,16,0,0,0,0,0,0,0,0
379,0,0,14,51,0,0,64,16,23,2,0,0,0,0,0,0
380,0,0,14,52,11,3,19,16,0,0,0,0,0,0,0,0
381,0,0,14,55,0,0,64,16,23,2,0,0,0,0,0,0
382,0,0,14,56,7,3,19,16,0,0,0,0,0,0,0,0
383,0,0,14,59,0,0,64,16,23,2,0,0,0,0,0,0
384,0,0,14,60,9,3,19,16,0,0,0,0,0,0,0,0
385,0,0,15,2,0,0,64,16,11,132,0,0,0,0,0,0
386,0,0,15,4,14,0,64,16,11,0,0,0,0,0,0,0
387,0,0,15,8,11,3,19,16,0,0,0,0,0,0,0,0
388,0,0,15,11,0,0,64,16,23,2,0,0,0,0,0,0
389,0,0,15,12,12,3,19,16,0,0,0,0,0,0,0,0
390,0,0,15,15,0,0,64,16,23,2,0,0,0,0,0,0
391,0,0,15,16,12,3,19,16,0,0,0,0,0,0,0,0
392,0,0,15,19,0,0,64,16,23,2,0,0,0,0,0,0
393,0,0,15,20,11,3,19,16,0,0,0,0,0,0,0,0
394,0,0,15,23,0,0,64,16,23,2,0,0,0,0,0,0
395,0,0,15,24,9,3,19,16,0,0,0,0,0,0,0,0
396,0,0,15,27,0,0,64,16,23,2,0,0,0,0,0,0
397,0,0,15,28,9,3,19,16,0,0,0,0,0,0,0,0
398,0,0,15,34,0,0,64,16,11,132,0,0,0,0,0,0
399,0,0,15,36,14,0,64,16,11,0,0,0,0,0,0,0
400,0,0,15,40,11,3,19,16,0,0,0,0,0,0,0,0
401,0,0,15,43,0,0,64,16,23,2,0,0,0,0,0,0
402,0,0,15,44,12,3,19,16,0,0,0,0,0,0,0,0
403,0,0,15,47,0,0,64,16,23,2,0,0,0,0,0,0
404,0,0,15,48,12,3,19,16,0,0,0,0,0,0,0,0
405,0,0,15,51,0,0,64,16,23,2,0,0,0,0,0,0
406,0,0,15,52,11,3,19,16,0,0,0,0,0,0,0,0
407,0,0,15,55,0,0,64,16,23,2,0,0,0,0,0,0
408,0,0,15,56,9,3,19,16,0,0,0,0,0,0,0,0
409,0,0,15,59,0,0,64,16,23,2,0,0,0,0,0,0
410,0,0,15,60,7,3,19,16,0,0,0,0,0,0,0,0
411,0,0,16,0,0,0,64,10,0,0,0,0,0,0,0,0
412,0,0,16,2,0,0,64,16,11,132,0,0,0,0,0,0
413,0,0,16,4,14,0,64,16,11,0,0,0,0,0,0,0
414,0,0,16,8,11,3,19,16,0,0,0,0,0,0,0,0
415,0,0,16,11,0,0,64,16,23,2,0,0,0,0,0,0
416,0,0,16,12,12,3,19,16,0,0,0,0,0,0,0,0
417,0,0,16,15,0,0,64,16,23,2,0,0,0,0,0,0
418,0,0,16,16,12,3,19,16,0,0,0,0,0,0,0,0
419,0,0,16,19,0,0,64,16,23,2,0,0,0,0,0,0
420,0,0,16,20,11,3,19,16,0,0,0,0,0,0,0,0
421,0,0,16,23,0,0,64,16,23,2,0,0,0,0,0,0
422,0,0,16,24,9,3,19,16,0,0,0,0,0,0,0,0
423,0,0,16,27,0,0,64,16,23,2,0,0,0,0,0,0
424,0,0,16,28,2,4,19,16,0,0,0,0,0,0,0,0
425,0,0,16,34,0,0,64,16,11,132,0,0,0,0,0,0
426,0,0,16,35,0,0,64,16,23,2,0,0,0,0,0,0
427,0,0,16,36,12,3,19,16,11,0,0,0,0,0,0,0
428,0,0,16,39,0,0,64,16,23,2,0,0,0,0,0,0
429,0,0,16,40,11,3,19,16,0,0,0,0,0,0,0,0
430,0,0,16,43,0,0,64,16,23,2,0,0,0,0,0,0
431,0,0,16,44,12,3,19,16,0,0,0,0,0,0,0,0
432,0,0,16,47,0,0,64,16,23,2,0,0,0,0,0,0
433,0,0,16,48,12,3,19,16,0,0,0,0,0,0,0,0
434,0,0,16,51,0,0,64,16,23,2,0,0,0,0,0,0
435,0,0,16,52,11,3,19,16,0,0,0,0,0,0,0,0
436,0,0,16,55,0,0,64,16,23,2,0,0,0,0,0,0
437,0,0,16,56,7,3,19,16,0,0,0,0,0,0,0,0
438,0,0,16,62,0,0,64,16,11,132,0,0,0,0,0,0
439,0,0,16,63,0,0,64,16,23,2,0,0,0,0,0,0
440,0,0,17,0,9,3,19,10,11,0,0,0,0,0,0,0
441,0,0,17,4,14,0,64,16,0,0,0,0,0,0,0,0
442,0,0,17,8,11,3,19,16,0,0,0,0,0,0,0,0
443,0,0,17,11,0,0,64,16,23,2,0,0,0,0,0,0
444,0,0,17,12,12,3,19,16,0,0,0,0,0,0,0,0
445,0,0,17,15,0,0,64,16,23,2,0,0,0,0,0,0
446,0,0,17,16,12,3,19,16,0,0,0,0,0,0,0,0
447,0,0,17,19,0,0,64,16,23,2,0,0,0,0,0,0
448,0,0,17,20,11,3,19,16,0,0,0,0,0,0,0,0
449,0,0,17,23,0,0,64,16,23,2,0,0,0,0,0,0
450,0,0,17,24,9,3,19,16,0,0,0,0,0,0,0,0
451,0,0,17,27,0,0,64,16,23,2,0,0,0,0,0,0
452,0,0,17,28,9,3,20,13,0,0,0,0,0,0,0,0
453,0,0,17,34,0,0,64,16,11,132,0,0,0,0,0,0
454,0,0,17,36,14,0,64,10,11,0,0,0,0,0,0,0
455,0,0,17,40,11,3,19,16,0,0,0,0,0,0,0,0
456,0,0,17,43,0,0,64,16,23,2,0,0,0,0,0,0
457,0,0,17,44,12,3,19,16,0,0,0,0,0,0,0,0
458,0,0,17,47,0,0,64,16,23,2,0,0,0,0,0,0
459,0,0,17,48,12,3,19,16,0,0,0,0,0,0,0,0
460,0,0,17,51,0,0,64,16,23,2,0,0,0,0,0,0
461,0,0,17,52,11,3,19,16,0,0,0,0,0,0,0,0
462,0,0,17,55,0,0,64,16,23,2,0,0,0,0,0,0
463,0,0,17,56,9,3,19,16,0,0,0,0,0,0,0,0
464,0,0,17,59,0,0,64,16,23,2,0,0,0,0,0,0
465,0,0,17,60,7,3,23,13,0,0,0,0,0,0,0,0
466,0,0,18,2,0,0,64,16,11,132,0,0,0,0,0,0
467,0,0,18,4,14,0,64,10,11,0,0,0,0,0,0,0
468,0,0,18,8,11,3,19,16,0,0,0,0,0,0,0,0
469,0,0,18,11,0,0,64,16,23,2,0,0,0,0,0,0
470,0,0,18,12,12,3,19,16,0,0,0,0,0,0,0,0
471,0,0,18,15,0,0,64,16,23,2,0,0,0,0,0,0
472,0,0,18,16,12,3,19,16,0,0,0,0,0,0,0,0
473,0,0,18,19,0,0,64,16,23,2,0,0,0,0,0,0
474,0,0,18,20,11,3,19,16,0,0,0,0,0,0,0,0
475,0,0,18,23,0,0,64,16,23,2,0,0,0,0,0,0
476,0,0,18,24,9,3,19,16,0,0,0,0,0,0,0,0
477,0,0,18,27,0,0,64,16,23,2,0,0,0,0,0,0
478,0,0,18,28,2,4,24,13,0,0,0,0,0,0,0,0
479,0,0,18,34,0,0,64,16,11,132,0,0,0,0,0,0
480,0,0,18,35,0,0,64,16,23,2,0,0,0,0,0,0
481,0,0,18,36,12,3,19,10,11,0,0,0,0,0,0,0
482,0,0,18,39,0,0,64,16,23,2,0,0,0,0,0,0
483,0,0,18,40,11,3,19,16,0,0,0,0,0,0,0,0
484,0,0,18,43,0,0,64,16,23,2,0,0,0,0,0,0
485,0,0,18,44,12,3,19,16,0,0,0,0,0,0,0,0
486,0,0,18,47,0,0,64,16,23,2,0,0,0,0,0,0
487,0,0,18,48,12,3,19,16,0,0,0,0,0,0,0,0
488,0,0,18,51,0,0,64,16,23,2,0,0,0,0,0,0
489,0,0,18,52,11,3,19,16,0,0,0,0,0,0,0,0
490,0,0,18,55,0,0,64,16,23,2,0,0,0,0,0,0
491,0,0,18,56,7,3,19,16,0,0,0,0,0,0,0,0
492,0,0,18,59,0,0,64,16,23,2,0,0,0,0,0,0
493,0,0,18,60,9,3,19,16,0,0,0,0,0,0,0,0
494,0,0,19,0,0,0,64,10,0,0,0,0,0,0,0,0
495,0,0,19,2,0,0,64,16,11,132,0,0,0,0,0,0
496,0,0,19,4,14,0,64,16,11,0,0,0,0,0,0,0
497,0,0,19,8,11,3,19,16,0,0,0,0,0,0,0,0
498,0,0,19,11,0,0,64,16,23,2,0,0,0,0,0,0
499,0,0,19,12,12,3,19,16,0,0,0,0,0,0,0,0
500,0,0,19,15,0,0,64,16,23,2,0,0,0,0,0,0
501,0,0,19,16,12,3,19,16,0,0,0,0,0,0,0,0
502,0,0,19,19,0,0,64,16,23,2,0,0,0,0,0,0
503,0,0,19,20,11,3,19,16,0,0,0,0,0,0,0,0
504,0,0,19,23,0,0,64,16,23,2,0,0,0,0,0,0
505,0,0,19,24,9,3,19,16,0,0,0,0,0,0,0,0
506,0,0,19,27,0,0,64,16,23,2,0,0,0,0,0,0
507,0,0,19,28,9,3,20,13,0,0,0,0,0,0,0,0
508,0,0,19,34,0,0,64,16,11,132,0,0,0,0,0,0
509,0,0,19,36,14,0,64,10,11,0,0,0,0,0,0,0
510,0,0,19,40,11,3,19,16,0,0,0,0,0,0,0,0
511,0,0,19,43,0,0,64,16,23,2,0,0,0,0,0,0
512,0,0,19,44,12,3,19,16,0,0,0,0,0,0,0,0
513,0,0,19,47,0,0,64,16,23,2,0,0,0,0,0,0
514,0,0,19,48,12,3,19,16,0,0,0,0,0,0,0,0
515,0,0,19,51,0,0,64,16,23,2,0,0,0,0,0,0
516,0,0,19,52,11,3,19,16,0,0,0,0,0,0,0,0
517,0,0,19,55,0,0,64,16,23,2,0,0,0,0,0,0
518,0,0,19,56,9,3,19,16,0,0,0,0,0,0,0,0
519,0,0,19,59,0,0,64,16,23,2,0,0,0,0,0,0
520,0,0,19,60,7,3,23,13,0,0,0,0,0,0,0,0
521,0,0,20,2,0,0,64,16,11,132,0,0,0,0,0,0
522,0,0,20,4,14,0,64,10,11,0,0,0,0,0,0,0
523,0,0,20,8,11,3,19,16,0,0,0,0,0,0,0,0
524,0,0,20,11,0,0,64,16,23,2,0,0,0,0,0,0
525,0,0,20,12,12,3,19,16,0,0,0,0,0,0,0,0
526,0,0,20,15,0,0,64,16,23,2,0,0,0,0,0,0
527,0,0,20,16,12,3,19,16,0,0,0,0,0,0,0,0
528,0,0,20,19,0,0,64,16,23,2,0,0,0,0,0,0
529,0,0,20,20,11,3,19,16,0,0,0,0,0,0,0,0
530,0,0,20,23,0,0,64,16,23,2,0,0,0,0,0,0
531,0,0,20,24,9,3,19,16,0,0,0,0,0,0,0,0
532,0,0,20,27,0,0,64,16,23,2,0,0,0,0,0,0
533,0,0,20,28,2,4,24,13,0,0,0,0,0,0,0,0
534,0,0,20,34,0,0,64,16,11,132,0,0,0,0,0,0
535,0,0,20,35,0,0,64,16,23,2,0,0,0,0,0,0
536,0,0,20,36,12,3,19,10,11,0,0,0,0,0,0,0
537,0,0,20,39,0,0,64,16,23,2,0,0,0,0,0,0
538,0,0,20,40,11,3,19,16,0,0,0,0,0,0,0,0
539,0,0,20,43,0,0,64,16,23,2,0,0,0,0,0,0
540,0,0,20,44,12,3,19,16,0,0,0,0,0,0,0,0
541,0,0,20,47,0,0,64,16,23,2,0,0,0,0,0,0
542,0,0,20,48,12,3,19,16,0,0,0,0,0,0,0,0
543,0,0,20,51,0,0,64,16,23,2,0,0,0,0,0,0
544,0,0,20,52,11,3,19,16,0,0,0,0,0,0,0,0
545,0,0,20,55,0,0,64,16,23,2,0,0,0,0,0,0
546,0,0,20,56,7,3,19,16,0,0,0,0,0,0,0,0
547,0,0,20,62,0,0,64,16,11,132,0,0,0,0,0,0
548,0,0,20,63,0,0,64,16,23,2,0,0,0,0,0,0
549,0,0,21,0,9,3,0,10,11,0,0,0,0,0,0,0
550,0,0,21,6,0,0,64,16,21,204,0,0,0,0,0,0
551,0,0,21,8,4,3,5,9,0,0,0,0,0,0,0,0
552,0,0,21,12,9,2,0,7,0,0,0,0,0,0,0,0
553,0,0,21,16,4,3,5,9,0,0,0,0,0,0,0,0
554,0,0,21,20,9,3,10,7,0,0,0,0,0,0,0,0
555,0,0,21,24,4,3,5,9,0,0,0,0,0,0,0,0
556,0,0,21,28,5,4,26,9,0,0,0,0,0,0,0,0
557,0,0,21,29,0,0,64,8,0,0,0,0,0,0,0,0
558,0,0,21,30,0,0,64,7,0,0,0,0,0,0,0,0
559,0,0,21,31,0,0,64,6,0,0,0,0,0,0,0,0
560,0,0,21,32,5,3,31,10,0,0,0,0,0,0,0,0
561,0,0,21,36,9,3,11,7,0,0,0,0,0,0,0,0
562,0,0,21,40,5,3,31,10,0,0,0,0,0,0,0,0
563,0,0,21,44,9,3,11,7,0,0,0,0,0,0,0,0
564,0,0,21,48,5,3,31,10,0,0,0,0,0,0,0,0
565,0,0,21,52,9,3,11,7,0,0,0,0,0,0,0,0
566,0,0,21,56,5,3,31,10,0,0,0,0,0,0,0,0
567,0,0,21,60,7,3,12,7,0,0,0,0,0,0,0,0
568,0,0,22,0,7,3,5,9,11,0,0,0,0,0,0,0
569,0,0,22,4,7,3,12,7,0,0,0,0,0,0,0,0
570,0,0,22,8,7,3,5,9,0,0,0,0,0,0,0,0
571,0,0,22,12,7,3,12,7,0,0,0,0,0,0,0,0
572,0,0,22,16,7,3,5,9,0,0,0,0,0,0,0,0
573,0,0,22,19,0,0,64,16,23,2,0,0,0,0,0,0
574,0,0,22,20,11,3,5,16,0,0,0,0,0,0,0,0
575,0,0,22,23,0,0,64,16,23,2,0,0,0,0,0,0
576,0,0,22,24,4,3,5,16,0,0,0,0,0,0,0,0
577,0,0,22,27,0,0,64,16,23,2,0,0,0,0,0,0
578,0,0,22,28,11,3,5,16,0,0,0,0,0,0,0,0
579,0,0,22,31,0,0,64,16,23,2,0,0,0,0,0,0
580,0,0,22,32,7,3,27,10,0,0,0,0,0,0,0,0
581,0,0,22,36,7,3,10,7,0,0,0,0,0,0,0,0
582,0,0,22,40,11,3,28,10,0,0,0,0,0,0,0,0
583,0,0,22,44,7,3,10,7,0,0,0,0,0,0,0,0
584,0,0,22,48,12,3,29,10,0,0,0,0,0,0,0,0
585,0,0,22,52,7,3,10,7,0,0,0,0,0,0,0,0
586,0,0,22,56,11,3,30,10,0,0,0,0,0,0,0,0
587,0,0,22,60,7,3,10,7,0,0,0,0,0,0,0,0
588,0,0,23,0,7,3,5,9,11,0,0,0,0,0,0,0
589,0,0,23,4,7,3,12,7,0,0,0,0,0,0,0,0
590,0,0,23,8,7,3,5,9,0,0,0,0,0,0,0,0
591,0,0,23,12,7,3,12,7,0,0,0,0,0,0,0,0
592,0,0,23,16,7,3,5,9,0,0,0,0,0,0,0,0
593,0,0,23,19,0,0,64,16,23,2,0,0,0,0,0,0
594,0,0,23,20,11,3,5,16,0,0,0,0,0,0,0,0
595,0,0,23,23,0,0,64,16,23,2,0,0,0,0,0,0
596,0,0,23,24,4,3,5,16,0,0,0,0,0,0,0,0
597,0,0,23,27,0,0,64,16,23,2,0,0,0,0,0,0
598,0,0,23,28,11,3,5,16,0,0,0,0,0,0,0,0
599,0,0,23,31,0,0,64,16,23,2,0,0,0,0,0,0
600,0,0,23,32,7,3,27,10,0,0,0,0,0,0,0,0
601,0,0,23,36,7,3,10,7,0,0,0,0,0,0,0,0
602,0,0,23,40,11,3,28,10,0,0,0,0,0,0,0,0
603,0,0,23,44,7,3,10,7,0,0,0,0,0,0,0,0
604,0,0,23,48,7,2,32,11,0,0,0,0,0,0,0,0
605,0,0,23,58,0,0,64,16,20,34,0,0,0,0,0,0
606,0,0,24,0,9,2,32,11,0,0,0,0,0,0,0,0
607,0,0,24,4,12,2,32,16,0,0,0,0,0,0,0,0
608,0,0,24,8,9,2,32,16,0,0,0,0,0,0,0,0
609,0,0,24,12,11,2,32,16,0,0,0,0,0,0,0,0
610,0,0,24,16,12,2,32,16,0,0,0,0,0,0,0,0
611,0,0,24,20,9,2,32,16,0,0,0,0,0,0,0,0
612,0,0,24,24,11,2,32,16,0,0,0,0,0,0,0,0
613,0,0,24,28,4,3,32,16,0,0,0,0,0,0,0,0
614,0,0,24,34,0,0,64,16,11,136,0,0,0,0,0,0
615,0,0,24,40,9,2,32,16,11,0,0,0,0,0,0,0
616,0,0,24,44,4,3,32,16,0,0,0,0,0,0,0,0
617,0,0,24,48,5,3,32,16,0,0,0,0,0,0,0,0
618,0,0,24,52,12,3,35,10,0,0,0,0,0,0,0,0
619,0,0,24,56,2,4,35,16,0,0,0,0,0,0,0,0
620,0,0,24,60,5,2,32,13,0,0,0,0,0,0,0,0
621,0,0,25,0,9,3,32,11,0,0,0,0,0,0,0,0
622,0,0,25,4,4,3,32,16,0,0,0,0,0,0,0,0
623,0,0,25,8,12,2,32,16,0,0,0,0,0,0,0,0
624,0,0,25,12,9,3,32,16,0,0,0,0,0,0,0,0
625,0,0,25,16,4,3,32,16,0,0,0,0,0,0,0,0
626,0,0,25,20,2,3,32,16,0,0,0,0,0,0,0,0
627,0,0,25,24,4,3,32,16,0,0,0,0,0,0,0,0
628,0,0,25,28,9,3,32,16,0,0,0,0,0,0,0,0
629,0,0,25,32,0,0,64,16,11,134,0,0,0,0,0,0
630,0,0,25,36,0,0,64,16,21,149,0,0,0,0,0,0
631,0,0,25,38,0,0,64,16,11,0,0,0,0,0,0,0
632,0,0,25,40,9,3,32,16,0,0,0,0,0,0,0,0
633,0,0,25,44,7,3,32,16,0,0,0,0,0,0,0,0
634,0,0,25,48,12,3,32,16,0,0,0,0,0,0,0,0
635,0,0,25,52,11,3,32,16,0,0,0,0,0,0,0,0
636,0,0,25,56,9,3,32,16,0,0,0,0,0,0,0,0
637,0,0,25,60,7,3,32,16,0,0,0,0,0,0,0,0
638,0,0,26,0,4,3,5,9,11,0,0,0,0,0,0,0
639,0,0,26,4,9,3,10,7,0,0,0,0,0,0,0,0
640,0,0,26,8,4,3,5,9,0,0,0,0,0,0,0,0
641,0,0,26,12,9,2,0,5,0,0,0,0,0,0,0,0
642,0,0,26,16,4,3,5,9,0,0,0,0,0,0,0,0
643,0,0,26,20,9,3,10,7,0,0,0,0,0,0,0,0
644,0,0,26,24,4,3,5,9,0,0,0,0,0,0,0,0
645,0,0,26,28,5,4,26,9,0,0,0,0,0,0,0,0
646,0,0,26,29,0,0,64,8,0,0,0,0,0,0,0,0
647,0,0,26,30,0,0,64,7,0,0,0,0,0,0,0,0
648,0,0,26,31,0,0,64,6,0,0,0,0,0,0,0,0
649,0,0,26,32,5,3,31,10,0,0,0,0,0,0,0,0
650,0,0,26,36,9,3,11,7,0,0,0,0,0,0,0,0
651,0,0,26,40,5,3,31,10,0,0,0,0,0,0,0,0
652,0,0,26,44,9,3,11,7,0,0,0,0,0,0,0,0
653,0,0,26,48,5,3,31,10,0,0,0,0,0,0,0,0
654,0,0,26,52,9,3,11,7,0,0,0,0,0,0,0,0
655,0,0,26,56,5,3,31,10,0,0,0,0,0,0,0,0
656,0,0,26,60,7,3,12,7,0,0,0,0,0,0,0,0
657,0,0,27,0,9,3,38,12,0,0,0,0,0,0,0,0
658,0,0,27,4,12,2,32,9,0,0,0,0,0,0,0,0
659,0,0,27,8,11,3,39,12,0,0,0,0,0,0,0,0
660,0,0,27,12,12,2,32,9,0,0,0,0,0,0,0,0
661,0,0,27,16,12,3,40,12,0,0,0,0,0,0,0,0
662,0,0,27,20,11,3,5,10,0,0,0,0,0,0,0,0
663,0,0,27,24,9,3,38,12,0,0,0,0,0,0,0,0
664,0,0,27,26,14,0,64,16,0,0,0,0,0,0,0,0
665,0,0,27,28,2,4,32,10,0,0,0,0,0,0,0,0
666,0,0,27,34,0,0,64,16,11,134,0,0,0,0,0,0
667,0,0,27,40,11,3,32,10,11,0,0,0,0,0,0,0
668,0,0,27,44,12,3,32,16,0,0,0,0,0,0,0,0
669,0,0,27,48,2,4,32,16,0,0,0,0,0,0,0,0
670,0,0,27,52,12,3,32,16,0,0,0,0,0,0,0,0
671,0,0,27,56,2,4,32,16,0,0,0,0,0,0,0,0
672,0,0,27,60,4,4,32,10,0,0,0,0,0,0,0,0
673,0,0,28,0,9,4,32,9,0,0,0,0,0,0,0,0
674,0,0,28,6,0,0,64,16,11,133,0,0,0,0,0,0
675,0,0,28,12,7,4,44,16,11,0,0,0,0,0,0,0
676,0,0,28,16,9,4,32,16,0,0,0,0,0,0,0,0
677,0,0,28,22,0,0,64,16,11,133,0,0,0,0,0,0
678,0,0,28,28,7,4,44,16,11,0,0,0,0,0,0,0
679,0,0,28,32,9,4,32,9,0,0,0,0,0,0,0,0
680,0,0,28,35,0,0,64,8,0,0,0,0,0,0,0,0
681,0,0,28,36,7,4,44,16,0,0,0,0,0,0,0,0
682,0,0,28,38,0,0,64,7,0,0,0,0,0,0,0,0
683,0,0,28,40,9,4,44,16,0,0,0,0,0,0,0,0
684,0,0,28,43,0,0,64,6,0,0,0,0,0,0,0,0
685,0,0,28,44,7,4,44,16,0,0,0,0,0,0,0,0
686,0,0,28,48,9,4,44,16,0,0,0,0,0,0,0,0
687,0,0,28,49,0,0,64,5,0,0,0,0,0,0,0,0
688,0,0,28,54,0,0,64,16,11,133,0,0,0,0,0,0
689,0,0,28,56,0,0,64,4,0,0,0,0,0,0,0,0
690,0,0,28,62,0,0,64,3,0,0,0,0,0,0,0,0
691,0,0,29,0,4,3,5,9,11,0,0,0,0,0,0,0
692,0,0,29,3,14,0,64,16,0,0,0,0,0,0,0,0
693,0,0,29,4,9,1,32,16,0,0,0,0,0,0,0,0
694,0,0,29,6,14,0,64,16,0,0,0,0,0,0,0,0
695,0,0,29,8,9,1,32,16,0,0,0,0,0,0,0,0
696,0,0,29,12,4,3,5,9,0,0,0,0,0,0,0,0
697,0,0,29,15,14,0,64,16,0,0,0,0,0,0,0,0
698,0,0,29,16,9,1,32,8,0,0,0,0,0,0,0,0
699,0,0,29,20,9,1,32,16,0,0,0,0,0,0,0,0
700,0,0,29,22,14,0,64,16,0,0,0,0,0,0,0,0
701,0,0,29,24,9,1,32,16,0,0,0,0,0,0,0,0
702,0,0,29,28,9,1,32,16,0,0,0,0,0,0,0,0
703,0,0,29,30,14,0,64,16,0,0,0,0,0,0,0,0
704,0,0,29,32,4,3,5,9,0,0,0,0,0,0,0,0
705,0,0,29,35,14,0,64,16,0,0,0,0,0,0,0,0
706,0,0,29,36,9,1,32,16,0,0,0,0,0,0,0,0
707,0,0,29,38,14,0,64,16,0,0,0,0,0,0,0,0
708,0,0,29,40,9,1,32,16,0,0,0,0,0,0,0,0
709,0,0,29,44,4,3,5,9,0,0,0,0,0,0,0,0
710,0,0,29,47,14,0,64,16,0,0,0,0,0,0,0,0
711,0,0,29,48,9,1,32,8,0,0,0,0,0,0,0,0
712,0,0,29,52,9,1,32,16,0,0,0,0,0,0,0,0
713,0,0,29,54,14,0,64,16,0,0,0,0,0,0,0,0
714,0,0,29,56,9,1,32,16,0,0,0,0,0,0,0,0
715,0,0,29,60,9,1,32,16,0,0,0,0,0,0,0,0
716,0,0,29,62,14,0,64,16,0,0,0,0,0,0,0,0
717,0,0,30,0,4,3,5,9,0,0,0,0,0,0,0,0
718,0,0,30,3,14,0,64,16,0,0,0,0,0,0,0,0
719,0,0,30,4,9,1,32,16,0,0,0,0,0,0,0,0
720,0,0,30,6,14,0,64,16,0,0,0,0,0,0,0,0
721,0,0,30,8,9,1,32,16,0,0,0,0,0,0,0,0
722,0,0,30,12,4,3,5,9,0,0,0,0,0,0,0,0
723,0,0,30,15,14,0,64,16,0,0,0,0,0,0,0,0
724,0,0,30,16,9,1,32,8,0,0,0,0,0,0,0,0
725,0,0,30,20,9,1,32,16,0,0,0,0,0,0,0,0
726,0,0,30,22,14,0,64,16,0,0,0,0,0,0,0,0
727,0,0,30,24,9,1,32,16,0,0,0,0,0,0,0,0
728,0,0,30,28,9,1,32,16,0,0,0,0,0,0,0,0
729,0,0,30,30,14,0,64,16,0,0,0,0,0,0,0,0
730,0,0,30,32,4,3,5,9,0,0,0,0,0,0,0,0
731,0,0,30,35,14,0,64,16,0,0,0,0,0,0,0,0
732,0,0,30,36,9,1,32,8,0,0,0,0,0,0,0,0
733,0,0,30,38,14,0,64,16,0,0,0,0,0,0,0,0
734,0,0,30,40,9,1,32,16,0,0,0,0,0,0,0,0
735,0,0,30,44,9,1,32,7,0,0,0,0,0,0,0,0
736,0,0,30,46,14,0,64,16,0,0,0,0,0,0,0,0
737,0,0,30,48,12,2,5,7,0,0,0,0,0,0,0,0
738,0,0,30,51,0,0,64,16,23,2,0,0,0,0,0,0
739,0,0,30,52,4,3,5,16,0,0,0,0,0,0,0,0
740,0,0,30,55,0,0,64,16,23,2,0,0,0,0,0,0
741,0,0,30,56,12,2,5,16,0,0,0,0,0,0,0,0
742,0,0,30,59,0,0,64,16,23,2,0,0,0,0,0,0
743,0,0,30,60,4,3,5,16,0,0,0,0,0,0,0,0
744,0,0,30,63,0,0,64,16,23,2,0,0,0,0,0,0
745,0,0,31,0,4,3,5,7,0,0,0,0,0,0,0,0
746,0,0,31,3,14,0,64,16,0,0,0,0,0,0,0,0
747,0,0,31,4,9,1,32,6,0,0,0,0,0,0,0,0
748,0,0,31,6,14,0,64,16,0,0,0,0,0,0,0,0
749,0,0,31,8,9,1,32,16,0,0,0,0,0,0,0,0
750,0,0,31,12,4,3,5,7,0,0,0,0,0,0,0,0
751,0,0,31,15,14,0,64,16,0,0,0,0,0,0,0,0
752,0,0,31,16,9,1,32,5,0,0,0,0,0,0,0,0
753,0,0,31,20,9,1,32,16,0,0,0,0,0,0,0,0
754,0,0,31,22,14,0,64,16,0,0,0,0,0,0,0,0
755,0,0,31,24,9,1,32,16,0,0,0,0,0,0,0,0
756,0,0,31,28,9,1,32,16,0,0,0,0,0,0,0,0
757,0,0,31,30,14,0,64,16,0,0,0,0,0,0,0,0
758,0,0,31,32,4,3,5,5,0,0,0,0,0,0,0,0
759,0,0,31,35,14,0,64,16,0,0,0,0,0,0,0,0
760,0,0,31,36,9,1,32,5,0,0,0,0,0,0,0,0
761,0,0,31,38,14,0,64,16,0,0,0,0,0,0,0,0
762,0,0,31,40,9,1,32,16,0,0,0,0,0,0,0,0
763,0,0,31,44,4,3,5,4,0,0,0,0,0,0,0,0
764,0,0,31,47,14,0,64,16,0,0,0,0,0,0,0,0
765,0,0,31,48,9,1,32,4,0,0,0,0,0,0,0,0
766,0,0,31,52,9,1,32,16,0,0,0,0,0,0,0,0
767,0,0,31,54,14,0,64,16,0,0,0,0,0,0,0,0
768,0,0,31,56,9,1,32,3,0,0,0,0,0,0,0,0
769,0,0,31,60,9,1,32,16,0,0,0,0,0,0,0,0
770,0,0,31,62,14,0,64,16,0,0,0,0,0,0,0,0
771,0,0,32,0,4,3,5,4,0,0,0,0,0,0,0,0
772,0,0,32,3,14,0,64,16,0,0,0,0,0,0,0,0
773,0,0,32,4,9,1,32,2,0,0,0,0,0,0,0,0
774,0,0,32,6,14,0,64,16,0,0,0,0,0,0,0,0
775,0,0,32,8,9,1,32,16,0,0,0,0,0,0,0,0
776,0,0,32,12,4,3,5,2,0,0,0,0,0,0,0,0
777,0,0,32,15,14,0,64,16,0,0,0,0,0,0,0,0
778,0,0,32,16,9,1,32,1,0,0,0,0,0,0,0,0
779,0,0,32,20,9,1,32,16,0,0,0,0,0,0,0,0
780,0,0,32,22,14,0,64,16,0,0,0,0,0,0,0,0
781,0,0,32,24,9,1,32,16,0,0,0,0,0,0,0,0
782,0,0,32,28,9,1,32,16,0,0,0,0,0,0,0,0
783,0,0,32,30,14,0,64,16,0,0,0,0,0,0,0,0
784,0,0,32,32,4,3,5,16,0,0,0,0,0,0,0,0
785,0,0,32,35,14,0,64,16,0,0,0,0,0,0,0,0
786,0,0,33,63,0,0,64,16,2,34,0,0,0,0,0,0
787,0,1,0,0,9,2,5,7,11,0,0,0,0,0,0,0
788,0,1,0,4,14,0,64,16,0,0,0,0,0,0,0,0
789,0,1,0,8,9,2,5,16,0,0,0,0,0,0,0,0
790,0,1,0,12,14,0,64,16,0,0,0,0,0,0,0,0
791,0,1,0,16,12,2,5,16,0,0,0,0,0,0,0,0
792,0,1,0,20,14,0,64,16,0,0,0,0,0,0,0,0
793,0,1,0,24,12,2,5,16,0,0,0,0,0,0,0,0
794,0,1,0,27,0,0,64,16,23,2,0,0,0,0,0,0
795,0,1,0,28,9,2,5,16,0,0,0,0,0,0,0,0
796,0,1,0,32,14,0,64,16,0,0,0,0,0,0,0,0
797,0,1,0,36,9,2,5,16,0,0,0,0,0,0,0,0
798,0,1,0,39,0,0,64,16,23,2,0,0,0,0,0,0
799,0,1,0,40,4,2,5,16,0,0,0,0,0,0,0,0
800,0,1,0,44,14,0,64,16,0,0,0,0,0,0,0,0
801,0,1,0,48,7,2,5,16,0,0,0,0,0,0,0,0
802,0,1,0,52,14,0,64,16,0,0,0,0,0,0,0,0
803,0,1,0,56,7,2,5,16,0,0,0,0,0,0,0,0
804,0,1,0,60,14,0,64,16,0,0,0,0,0,0,0,0
805,0,1,1,0,9,2,5,7,0,0,0,0,0,0,0,0
806,0,1,1,4,14,0,64,16,0,0,0,0,0,0,0,0
807,0,1,1,8,9,2,5,16,0,0,0,0,0,0,0,0
808,0,1,1,12,14,0,64,16,0,0,0,0,0,0,0,0
809,0,1,1,16,12,2,5,16,0,0,0,0,0,0,0,0
810,0,1,1,20,14,0,64,16,0,0,0,0,0,0,0,0
811,0,1,1,24,12,2,5,16,0,0,0,0,0,0,0,0
812,0,1,1,27,0,0,64,16,23,2,0,0,0,0,0,0
813,0,1,1,28,9,2,5,16,0,0,0,0,0,0,0,0
814,0,1,1,32,14,0,64,16,0,0,0,0,0,0,0,0
815,0,1,1,40,9,2,5,16,0,0,0,0,0,0,0,0
816,0,1,1,44,14,0,64,16,0,0,0,0,0,0,0,0
817,0,1,1,48,7,2,5,16,0,0,0,0,0,0,0,0
818,0,1,1,52,14,0,64,16,0,0,0,0,0,0,0,0
819,0,1,1,56,8,2,5,16,0,0,0,0,0,0,0,0
820,0,1,1,60,14,0,64,16,0,0,0,0,0,0,0,0
821,0,1,2,0,9,2,5,7,0,0,0,0,0,0,0,0
822,0,1,2,4,14,0,64,16,0,0,0,0,0,0,0,0
823,0,1,2,8,9,2,5,16,0,0,0,0,0,0,0,0
824,0,1,2,12,14,0,64,16,0,0,0,0,0,0,0,0
825,0,1,2,16,12,2,5,16,0,0,0,0,0,0,0,0
826,0,1,2,20,14,0,64,16,0,0,0,0,0,0,0,0
827,0,1,2,24,12,2,5,16,0,0,0,0,0,0,0,0
828,0,1,2,27,0,0,64,16,23,2,0,0,0,0,0,0
829,0,1,2,28,9,2,5,16,0,0,0,0,0,0,0,0
830,0,1,2,32,14,0,64,16,0,0,0,0,0,0,0,0
831,0,1,2,36,9,2,5,16,0,0,0,0,0,0,0,0
832,0,1,2,40,4,2,5,16,0,0,0,0,0,0,0,0
833,0,1,2,44,14,0,64,16,0,0,0,0,0,0,0,0
834,0,1,2,48,11,2,5,16,0,0,0,0,0,0,0,0
835,0,1,2,52,14,0,64,16,0,0,0,0,0,0,0,0
836,0,1,2,56,11,2,5,16,0,0,0,0,0,0,0,0
837,0,1,2,60,14,0,64,16,0,0,0,0,0,0,0,0
838,0,1,3,0,9,2,10,9,0,0,0,0,0,0,0,0
839,0,1,3,4,14,0,64,16,0,0,0,0,0,0,0,0
840,0,1,3,8,9,2,10,16,0,0,0,0,0,0,0,0
841,0,1,3,12,14,0,64,16,0,0,0,0,0,0,0,0
842,0,1,3,16,12,2,9,16,0,0,0,0,0,0,0,0
843,0,1,3,20,14,0,64,16,0,0,0,0,0,0,0,0
844,0,1,3,24,12,2,9,16,0,0,0,0,0,0,0,0
845,0,1,3,27,0,0,64,16,23,2,0,0,0,0,0,0
846,0,1,3,28,9,2,10,16,0,0,0,0,0,0,0,0
847,0,1,3,32,14,0,64,16,0,0,0,0,0,0,0,0
848,0,1,3,36,9,2,5,6,0,0,0,0,0,0,0,0
849,0,1,3,39,0,0,64,16,23,2,0,0,0,0,0,0
850,0,1,3,40,4,2,11,9,0,0,0,0,0,0,0,0
851,0,1,3,44,14,0,64,16,0,0,0,0,0,0,0,0
852,0,1,3,48,7,2,12,16,0,0,0,0,0,0,0,0
853,0,1,3,52,14,0,64,16,0,0,0,0,0,0,0,0
854,0,1,3,56,7,2,12,16,0,0,0,0,0,0,0,0
855,0,1,3,60,14,0,64,16,0,0,0,0,0,0,0,0
856,0,1,4,0,9,2,10,9,0,0,0,0,0,0,0,0
857,0,1,4,4,14,0,64,16,0,0,0,0,0,0,0,0
858,0,1,4,8,9,2,10,16,0,0,0,0,0,0,0,0
859,0,1,4,12,14,0,64,16,0,0,0,0,0,0,0,0
860,0,1,4,16,12,2,9,16,0,0,0,0,0,0,0,0
861,0,1,4,20,14,0,64,16,0,0,0,0,0,0,0,0
862,0,1,4,24,12,2,9,16,0,0,0,0,0,0,0,0
863,0,1,4,27,0,0,64,16,23,2,0,0,0,0,0,0
864,0,1,4,28,9,2,10,16,0,0,0,0,0,0,0,0
865,0,1,4,32,14,0,64,16,0,0,0,0,0,0,0,0
866,0,1,4,36,9,1,5,6,0,0,0,0,0,0,0,0
867,0,1,4,39,0,0,64,16,23,2,0,0,0,0,0,0
868,0,1,4,40,9,2,10,9,0,0,0,0,0,0,0,0
869,0,1,4,44,14,0,64,16,0,0,0,0,0,0,0,0
870,0,1,4,48,7,2,12,16,0,0,0,0,0,0,0,0
871,0,1,4,52,14,0,64,16,0,0,0,0,0,0,0,0
872,0,1,4,56,8,2,12,16,0,0,0,0,0,0,0,0
873,0,1,4,60,14,0,64,16,0,0,0,0,0,0,0,0
874,0,1,5,0,9,2,10,9,0,0,0,0,0,0,0,0
875,0,1,5,4,14,0,64,16,0,0,0,0,0,0,0,0
876,0,1,5,8,9,2,10,16,0,0,0,0,0,0,0,0
877,0,1,5,12,14,0,64,16,0,0,0,0,0,0,0,0
878,0,1,5,16,12,2,9,16,0,0,0,0,0,0,0,0
879,0,1,5,20,14,0,64,16,0,0,0,0,0,0,0,0
880,0,1,5,24,12,2,9,16,0,0,0,0,0,0,0,0
881,0,1,5,27,0,0,64,16,23,2,0,0,0,0,0,0
882,0,1,5,28,9,2,10,16,0,0,0,0,0,0,0,0
883,0,1,5,32,14,0,64,16,0,0,0,0,0,0,0,0
884,0,1,5,36,9,2,5,6,0,0,0,0,0,0,0,0
885,0,1,5,39,0,0,64,16,23,2,0,0,0,0,0,0
886,0,1,5,40,4,2,11,9,0,0,0,0,0,0,0,0
887,0,1,5,44,14,0,64,16,0,0,0,0,0,0,0,0
888,0,1,5,48,11,2,11,16,0,0,0,0,0,0,0,0
889,0,1,5,52,14,0,64,16,0,0,0,0,0,0,0,0
890,0,1,5,56,11,2,11,16,0,0,0,0,0,0,0,0
891,0,1,5,60,14,0,64,16,0,0,0,0,0,0,0,0
892,0,1,6,0,9,1,0,10,0,0,0,0,0,0,0,0
893,0,1,6,3,14,0,64,16,0,0,0,0,0,0,0,0
894,0,1,6,4,9,2,10,7,0,0,0,0,0,0,0,0
895,0,1,6,6,14,0,64,16,0,0,0,0,0,0,0,0
896,0,1,6,8,9,2,10,16,0,0,0,0,0,0,0,0
897,0,1,6,10,14,0,64,16,0,0,0,0,0,0,0,0
898,0,1,6,12,9,2,10,16,0,0,0,0,0,0,0,0
899,0,1,6,14,14,0,64,16,0,0,0,0,0,0,0,0
900,0,1,6,16,9,2,10,16,0,0,0,0,0,0,0,0
901,0,1,6,18,14,0,64,16,0,0,0,0,0,0,0,0
902,0,1,6,20,9,2,10,16,0,0,0,0,0,0,0,0
903,0,1,6,22,14,0,64,16,0,0,0,0,0,0,0,0
904,0,1,6,24,9,2,10,16,0,0,0,0,0,0,0,0
905,0,1,6,26,14,0,64,16,0,0,0,0,0,0,0,0
906,0,1,6,28,9,2,10,16,0,0,0,0,0,0,0,0
907,0,1,6,30,14,0,64,16,0,0,0,0,0,0,0,0
908,0,1,6,32,12,0,0,10,0,0,0,0,0,0,0,0
909,0,1,6,35,14,0,64,16,0,0,0,0,0,0,0,0
910,0,1,6,36,12,2,10,7,0,0,0,0,0,0,0,0
911,0,1,6,38,14,2,5,16,0,0,0,0,0,0,0,0
912,0,1,6,40,12,2,10,16,0,0,0,0,0,0,0,0
913,0,1,6,42,14,0,64,16,0,0,0,0,0,0,0,0
914,0,1,6,44,12,2,10,16,0,0,0,0,0,0,0,0
915,0,1,6,46,14,0,64,16,0,0,0,0,0,0,0,0
916,0,1,6,48,12,2,10,16,0,0,0,0,0,0,0,0
917,0,1,6,50,14,0,64,16,0,0,0,0,0,0,0,0
918,0,1,6,52,12,2,10,16,0,0,0,0,0,0,0,0
919,0,1,6,54,14,0,64,16,0,0,0,0,0,0,0,0
920,0,1,6,56,12,2,10,16,0,0,0,0,0,0,0,0
921,0,1,6,58,14,0,64,16,0,0,0,0,0,0,0,0
922,0,1,6,60,12,2,10,16,0,0,0,0,0,0,0,0
923,0,1,6,62,14,0,64,16,0,0,0,0,0,0,0,0
924,0,1,7,0,2,1,0,10,0,0,0,0,0,0,0,0
925,0,1,7,3,14,0,64,16,0,0,0,0,0,0,0,0
926,0,1,7,4,2,3,10,7,0,0,0,0,0,0,0,0
927,0,1,7,6,14,0,64,16,0,0,0,0,0,0,0,0
928,0,1,7,8,2,3,10,16,0,0,0,0,0,0,0,0
929,0,1,7,10,14,0,64,16,0,0,0,0,0,0,0,0
930,0,1,7,12,2,3,10,16,0,0,0,0,0,0,0,0
931,0,1,7,14,14,0,64,16,0,0,0,0,0,0,0,0
932,0,1,7,16,2,3,10,16,0,0,0,0,0,0,0,0
933,0,1,7,18,14,0,64,16,0,0,0,0,0,0,0,0
934,0,1,7,20,2,3,10,16,0,0,0,0,0,0,0,0
935,0,1,7,22,14,0,64,16,0,0,0,0,0,0,0,0
936,0,1,7,24,2,3,10,16,0,0,0,0,0,0,0,0
937,0,1,7,26,14,0,64,16,0,0,0,0,0,0,0,0
938,0,1,7,28,2,3,10,16,0,0,0,0,0,0,0,0
939,0,1,7,30,14,0,64,16,0,0,0,0,0,0,0,0
940,0,1,7,32,4,1,0,10,0,0,0,0,0,0,0,0
941,0,1,7,35,14,0,64,16,0,0,0,0,0,0,0,0
942,0,1,7,36,4,3,10,7,0,0,0,0,0,0,0,0
943,0,1,7,38,14,2,5,16,0,0,0,0,0,0,0,0
944,0,1,7,40,4,3,10,16,0,0,0,0,0,0,0,0
945,0,1,7,42,14,0,64,16,0,0,0,0,0,0,0,0
946,0,1,7,44,4,3,10,16,0,0,0,0,0,0,0,0
947,0,1,7,46,14,0,64,16,0,0,0,0,0,0,0,0
948,0,1,7,48,4,3,10,16,0,0,0,0,0,0,0,0
949,0,1,7,50,14,0,64,16,0,0,0,0,0,0,0,0
950,0,1,7,52,4,3,10,16,0,0,0,0,0,0,0,0
951,0,1,7,54,14,0,64,16,0,0,0,0,0,0,0,0
952,0,1,7,56,4,3,10,16,0,0,0,0,0,0,0,0
953,0,1,7,58,14,0,64,16,0,0,0,0,0,0,0,0
954,0,1,7,60,4,3,10,16,0,0,0,0,0,0,0,0
955,0,1,7,62,14,0,64,16,0,0,0,0,0,0,0,0
956,0,1,8,0,9,1,0,10,0,0,0,0,0,0,0,0
957,0,1,8,3,14,0,64,16,0,0,0,0,0,0,0,0
958,0,1,8,4,9,2,10,7,0,0,0,0,0,0,0,0
959,0,1,8,6,14,0,64,16,0,0,0,0,0,0,0,0
960,0,1,8,8,9,2,10,16,0,0,0,0,0,0,0,0
961,0,1,8,10,14,0,64,16,0,0,0,0,0,0,0,0
962,0,1,8,12,9,2,10,16,0,0,0,0,0,0,0,0
963,0,1,8,14,14,0,64,16,0,0,0,0,0,0,0,0
964,0,1,8,16,9,2,10,16,0,0,0,0,0,0,0,0
965,0,1,8,18,14,0,64,16,0,0,0,0,0,0,0,0
966,0,1,8,20,9,2,10,16,0,0,0,0,0,0,0,0
967,0,1,8,22,14,0,64,16,0,0,0,0,0,0,0,0
968,0,1,8,24,9,2,10,16,0,0,0,0,0,0,0,0
969,0,1,8,26,14,0,64,16,0,0,0,0,0,0,0,0
970,0,1,8,28,5,3,0,8,0,0,0,0,0,0,0,0
971,0,1,8,34,0,0,64,16,11,132,0,0,0,0,0,0
972,0,1,8,36,9,2,11,7,11,0,0,0,0,0,0,0
973,0,1,8,38,14,2,5,16,0,0,0,0,0,0,0,0
974,0,1,8,40,9,2,11,16,0,0,0,0,0,0,0,0
975,0,1,8,42,14,0,64,16,0,0,0,0,0,0,0,0
976,0,1,8,44,9,2,11,16,0,0,0,0,0,0,0,0
977,0,1,8,46,14,0,64,16,0,0,0,0,0,0,0,0
978,0,1,8,48,9,2,11,16,0,0,0,0,0,0,0,0
979,0,1,8,50,14,0,64,16,0,0,0,0,0,0,0,0
980,0,1,8,52,9,2,11,16,0,0,0,0,0,0,0,0
981,0,1,8,54,14,0,64,16,0,0,0,0,0,0,0,0
982,0,1,8,56,9,2,11,16,0,0,0,0,0,0,0,0
983,0,1,8,58,14,0,64,16,0,0,0,0,0,0,0,0
984,0,1,8,60,4,3,0,8,0,0,0,0,0,0,0,0
985,0,1,9,0,0,0,64,8,0,0,0,0,0,0,0,0
986,0,1,9,2,0,0,64,16,11,132,0,0,0,0,0,0
987,0,1,9,4,12,2,10,7,11,0,0,0,0,0,0,0
988,0,1,9,6,14,0,64,16,0,0,0,0,0,0,0,0
989,0,1,9,8,12,2,10,16,0,0,0,0,0,0,0,0
990,0,1,9,10,14,0,64,16,0,0,0,0,0,0,0,0
991,0,1,9,12,12,2,10,16,0,0,0,0,0,0,0,0
992,0,1,9,14,14,0,64,16,0,0,0,0,0,0,0,0
993,0,1,9,16,12,2,10,16,0,0,0,0,0,0,0,0
994,0,1,9,18,14,0,64,16,0,0,0,0,0,0,0,0
995,0,1,9,20,12,2,10,16,0,0,0,0,0,0,0,0
996,0,1,9,22,14,0,64,16,0,0,0,0,0,0,0,0
997,0,1,9,24,12,2,10,16,0,0,0,0,0,0,0,0
998,0,1,9,26,14,0,64,16,0,0,0,0,0,0,0,0
999,0,1,9,28,11,3,14,9,0,0,0,0,0,0,0,0
1000,0,1,9,34,0,0,64,16,11,132,0,0,0,0,0,0
1001,0,1,9,35,0,0,64,16,23,2,0,0,0,0,0,0
1002,0,1,9,36,7,3,10,7,11,0,0,0,0,0,0,0
1003,0,1,9,38,14,0,64,16,0,0,0,0,0,0,0,0
1004,0,1,9,40,7,3,10,16,0,0,0,0,0,0,0,0
1005,0,1,9,42,14,0,64,16,0,0,0,0,0,0,0,0
1006,0,1,9,44,7,3,10,16,0,0,0,0,0,0,0,0
1007,0,1,9,46,14,0,64,16,0,0,0,0,0,0,0,0
1008,0,1,9,48,2,3,10,16,0,0,0,0,0,0,0,0
1009,0,1,9,50,14,0,64,16,0,0,0,0,0,0,0,0
1010,0,1,9,52,2,3,10,16,0,0,0,0,0,0,0,0
1011,0,1,9,54,14,0,64,16,0,0,0,0,0,0,0,0
1012,0,1,9,56,2,3,10,16,0,0,0,0,0,0,0,0
1013,0,1,9,58,14,0,64,16,0,0,0,0,0,0,0,0
1014,0,1,9,60,2,3,10,16,0,0,0,0,0,0,0,0
1015,0,1,9,62,14,0,64,16,0,0,0,0,0,0,0,0
1016,0,1,10,0,0,0,64,8,0,0,0,0,0,0,0,0
1017,0,1,10,2,0,0,64,16,11,132,0,0,0,0,0,0
1018,0,1,10,4,12,2,10,7,11,0,0,0,0,0,0,0
1019,0,1,10,6,14,0,64,16,0,0,0,0,0,0,0,0
1020,0,1,10,8,12,2,10,16,0,0,0,0,0,0,0,0
1021,0,1,10,10,14,0,64,16,0,0,0,0,0,0,0,0
1022,0,1,10,12,12,2,10,16,0,0,0,0,0,0,0,0
1023,0,1,10,14,14,0,64,16,0,0,0,0,0,0,0,0
1024,0,1,10,16,12,2,10,16,0,0,0,0,0,0,0,0
1025,0,1,10,18,14,0,64,16,0,0,0,0,0,0,0,0
1026,0,1,10,20,12,2,10,16,0,0,0,0,0,0,0,0
1027,0,1,10,22,14,0,64,16,0,0,0,0,0,0,0,0
1028,0,1,10,24,12,2,10,16,0,0,0,0,0,0,0,0
1029,0,1,10,26,14,0,64,16,0,0,0,0,0,0,0,0
1030,0,1,10,28,11,3,14,9,0,0,0,0,0,0,0,0
1031,0,1,10,34,0,0,64,16,11,132,0,0,0,0,0,0
1032,0,1,10,35,0,0,64,16,23,2,0,0,0,0,0,0
1033,0,1,10,36,7,3,10,7,11,0,0,0,0,0,0,0
1034,0,1,10,38,14,0,64,16,0,0,0,0,0,0,0,0
1035,0,1,10,40,7,3,10,16,0,0,0,0,0,0,0,0
1036,0,1,10,42,14,0,64,16,0,0,0,0,0,0,0,0
1037,0,1,10,44,7,3,10,16,0,0,0,0,0,0,0,0
1038,0,1,10,46,14,0,64,16,0,0,0,0,0,0,0,0
1039,0,1,10,48,2,3,10,16,0,0,0,0,0,0,0,0
1040,0,1,10,50,14,0,64,16,0,0,0,0,0,0,0,0
1041,0,1,10,52,2,3,10,16,0,0,0,0,0,0,0,0
1042,0,1,10,54,14,0,64,16,0,0,0,0,0,0,0,0
1043,0,1,11,0,9,2,10,7,0,0,0,0,0,0,0,0
1044,0,1,11,2,14,0,64,16,0,0,0,0,0,0,0,0
1045,0,1,11,4,9,3,10,16,0,0,0,0,0,0,0,0
1046,0,1,11,8,9,2,10,16,0,0,0,0,0,0,0,0
1047,0,1,11,10,14,0,64,16,0,0,0,0,0,0,0,0
1048,0,1,11,12,9,3,10,16,0,0,0,0,0,0,0,0
1049,0,1,11,16,9,2,10,16,0,0,0,0,0,0,0,0
1050,0,1,11,18,14,0,64,16,0,0,0,0,0,0,0,0
1051,0,1,11,20,9,3,10,16,0,0,0,0,0,0,0,0
1052,0,1,11,24,9,2,10,16,0,0,0,0,0,0,0,0
1053,0,1,11,26,14,0,64,16,0,0,0,0,0,0,0,0
1054,0,1,11,28,5,3,19,10,0,0,0,0,0,0,0,0
1055,0,1,11,34,0,0,64,16,11,132,0,0,0,0,0,0
1056,0,1,11,36,9,3,11,7,11,0,0,0,0,0,0,0
1057,0,1,11,40,9,2,11,16,0,0,0,0,0,0,0,0
1058,0,1,11,42,14,0,64,16,0,0,0,0,0,0,0,0
1059,0,1,11,44,9,3,11,16,0,0,0,0,0,0,0,0
1060,0,1,11,48,9,2,11,16,0,0,0,0,0,0,0,0
1061,0,1,11,50,14,0,64,16,0,0,0,0,0,0,0,0
1062,0,1,11,52,9,3,11,16,0,0,0,0,0,0,0,0
1063,0,1,11,56,9,2,11,16,0,0,0,0,0,0,0,0
1064,0,1,11,58,14,0,64,16,0,0,0,0,0,0,0,0
1065,0,1,11,60,4,3,0,10,0,0,0,0,0,0,0,0
1066,0,1,12,0,0,0,64,10,0,0,0,0,0,0,0,0
1067,0,1,12,2,0,0,64,16,11,132,0,0,0,0,0,0
1068,0,1,12,4,12,3,10,7,11,0,0,0,0,0,0,0
1069,0,1,12,8,12,2,10,16,0,0,0,0,0,0,0,0
1070,0,1,12,10,14,0,64,16,0,0,0,0,0,0,0,0
1071,0,1,12,12,12,3,10,16,0,0,0,0,0,0,0,0
1072,0,1,12,16,12,2,10,16,0,0,0,0,0,0,0,0
1073,0,1,12,18,14,0,64,16,0,0,0,0,0,0,0,0
1074,0,1,12,20,12,3,10,16,0,0,0,0,0,0,0,0
1075,0,1,12,24,12,2,10,16,0,0,0,0,0,0,0,0
1076,0,1,12,26,14,0,64,16,0,0,0,0,0,0,0,0
1077,0,1,12,28,11,3,14,11,0,0,0,0,0,0,0,0
1078,0,1,12,34,0,0,64,16,11,132,0,0,0,0,0,0
1079,0,1,12,35,0,0,64,16,23,2,0,0,0,0,0,0
1080,0,1,12,36,7,4,10,7,11,0,0,0,0,0,0,0
1081,0,1,12,40,7,3,10,16,0,0,0,0,0,0,0,0
1082,0,1,12,42,14,0,64,16,0,0,0,0,0,0,0,0
1083,0,1,12,44,7,4,10,16,0,0,0,0,0,0,0,0
1084,0,1,12,48,2,3,10,16,0,0,0,0,0,0,0,0
1085,0,1,12,50,14,0,64,16,0,0,0,0,0,0,0,0
1086,0,1,12,52,2,4,10,16,0,0,0,0,0,0,0,0
1087,0,1,12,56,2,3,10,16,0,0,0,0,0,0,0,0
1088,0,1,12,58,14,0,64,16,0,0,0,0,0,0,0,0
1089,0,1,12,60,2,4,10,16,0,0,0,0,0,0,0,0
1090,0,1,13,0,9,3,10,9,0,0,0,0,0,0,0,0
1091,0,1,13,3,0,0,64,16,23,1,0,0,0,0,0,0
1092,0,1,13,4,9,2,10,16,0,0,0,0,0,0,0,0
1093,0,1,13,7,0,0,64,16,23,1,0,0,0,0,0,0
1094,0,1,13,8,9,3,10,16,0,0,0,0,0,0,0,0
1095,0,1,13,11,0,0,64,16,23,1,0,0,0,0,0,0
1096,0,1,13,12,12,3,9,16,0,0,0,0,0,0,0,0
1097,0,1,13,15,0,0,64,16,23,1,0,0,0,0,0,0
1098,0,1,13,16,12,3,9,16,0,0,0,0,0,0,0,0
1099,0,1,13,19,0,0,64,16,23,1,0,0,0,0,0,0
1100,0,1,13,20,9,3,10,16,0,0,0,0,0,0,0,0
1101,0,1,13,23,0,0,64,16,23,1,0,0,0,0,0,0
1102,0,1,13,24,4,3,11,16,0,0,0,0,0,0,0,0
1103,0,1,13,27,0,0,64,16,23,1,0,0,0,0,0,0
1104,0,1,13,28,5,3,10,16,0,0,0,0,0,0,0,0
1105,0,1,13,31,0,0,64,16,23,1,0,0,0,0,0,0
1106,0,1,13,32,9,3,11,16,0,0,0,0,0,0,0,0
1107,0,1,13,35,0,0,64,16,23,1,0,0,0,0,0,0
1108,0,1,13,36,9,2,11,16,0,0,0,0,0,0,0,0
1109,0,1,13,39,0,0,64,16,23,1,0,0,0,0,0,0
1110,0,1,13,40,9,3,11,16,0,0,0,0,0,0,0,0
1111,0,1,13,43,0,0,64,16,23,1,0,0,0,0,0,0
1112,0,1,13,44,12,3,12,16,0,0,0,0,0,0,0,0
1113,0,1,13,47,0,0,64,16,23,1,0,0,0,0,0,0
1114,0,1,13,48,12,3,12,16,0,0,0,0,0,0,0,0
1115,0,1,13,51,0,0,64,16,23,1,0,0,0,0,0,0
1116,0,1,13,52,9,3,11,16,0,0,0,0,0,0,0,0
1117,0,1,13,55,0,0,64,16,23,1,0,0,0,0,0,0
1118,0,1,13,56,9,3,11,16,0,0,0,0,0,0,0,0
1119,0,1,13,59,0,0,64,16,23,1,0,0,0,0,0,0
1120,0,1,13,60,4,3,11,16,0,0,0,0,0,0,0,0
1121,0,1,13,63,0,0,64,16,23,1,0,0,0,0,0,0
1122,0,1,14,0,7,3,12,9,0,0,0,0,0,0,0,0
1123,0,1,14,3,0,0,64,16,23,1,0,0,0,0,0,0
1124,0,1,14,4,7,2,12,16,0,0,0,0,0,0,0,0
1125,0,1,14,7,0,0,64,16,23,1,0,0,0,0,0,0
1126,0,1,14,8,7,2,12,16,0,0,0,0,0,0,0,0
1127,0,1,14,11,0,0,64,16,23,1,0,0,0,0,0,0
1128,0,1,14,12,12,3,10,16,0,0,0,0,0,0,0,0
1129,0,1,14,15,0,0,64,16,23,1,0,0,0,0,0,0
1130,0,1,14,16,12,3,10,16,0,0,0,0,0,0,0,0
1131,0,1,14,19,0,0,64,16,23,1,0,0,0,0,0,0
1132,0,1,14,20,7,3,12,16,0,0,0,0,0,0,0,0
1133,0,1,14,23,0,0,64,16,23,1,0,0,0,0,0,0
1134,0,1,14,24,7,3,12,16,0,0,0,0,0,0,0,0
1135,0,1,14,27,0,0,64,16,23,1,0,0,0,0,0,0
1136,0,1,14,28,7,3,10,16,0,0,0,0,0,0,0,0
1137,0,1,14,31,0,0,64,16,23,1,0,0,0,0,0,0
1138,0,1,14,32,7,3,10,16,0,0,0,0,0,0,0,0
1139,0,1,14,35,0,0,64,16,23,1,0,0,0,0,0,0
1140,0,1,14,36,7,2,10,16,0,0,0,0,0,0,0,0
1141,0,1,14,39,0,0,64,16,23,1,0,0,0,0,0,0
1142,0,1,14,40,7,2,10,16,0,0,0,0,0,0,0,0
1143,0,1,14,43,0,0,64,16,23,1,0,0,0,0,0,0
1144,0,1,14,44,12,3,10,16,0,0,0,0,0,0,0,0
1145,0,1,14,47,0,0,64,16,23,1,0,0,0,0,0,0
1146,0,1,14,48,12,3,10,16,0,0,0,0,0,0,0,0
1147,0,1,14,51,0,0,64,16,23,1,0,0,0,0,0,0
1148,0,1,14,52,7,3,10,16,0,0,0,0,0,0,0,0
1149,0,1,14,55,0,0,64,16,23,1,0,0,0,0,0,0
1150,0,1,14,56,7,3,10,16,0,0,0,0,0,0,0,0
1151,0,1,14,59,0,0,64,16,23,1,0,0,0,0,0,0
1152,0,1,14,60,9,3,10,16,0,0,0,0,0,0,0,0
1153,0,1,14,63,0,0,64,16,23,1,0,0,0,0,0,0
1154,0,1,15,0,9,3,10,10,11,0,0,0,0,0,0,0
1155,0,1,15,4,4,4,26,9,0,0,0,0,0,0,0,0
1156,0,1,15,5,0,0,64,8,0,0,0,0,0,0,0,0
1157,0,1,15,6,0,0,64,7,0,0,0,0,0,0,0,0
1158,0,1,15,7,0,0,64,6,0,0,0,0,0,0,0,0
1159,0,1,15,8,11,3,5,9,0,0,0,0,0,0,0,0
1160,0,1,15,12,4,4,26,9,0,0,0,0,0,0,0,0
1161,0,1,15,13,0,0,64,8,0,0,0,0,0,0,0,0
1162,0,1,15,14,0,0,64,7,0,0,0,0,0,0,0,0
1163,0,1,15,15,0,0,64,6,0,0,0,0,0,0,0,0
1164,0,1,15,16,12,3,5,9,0,0,0,0,0,0,0,0
1165,0,1,15,20,4,4,26,9,0,0,0,0,0,0,0,0
1166,0,1,15,21,0,0,64,8,0,0,0,0,0,0,0,0
1167,0,1,15,22,0,0,64,7,0,0,0,0,0,0,0,0
1168,0,1,15,23,0,0,64,6,0,0,0,0,0,0,0,0
1169,0,1,15,24,9,3,5,9,0,0,0,0,0,0,0,0
1170,0,1,15,27,0,0,64,16,23,2,0,0,0,0,0,0
1171,0,1,15,28,5,3,5,16,0,0,0,0,0,0,0,0
1172,0,1,15,32,5,3,26,9,0,0,0,0,0,0,0,0
1173,0,1,15,33,0,0,64,8,0,0,0,0,0,0,0,0
1174,0,1,15,34,0,0,64,7,0,0,0,0,0,0,0,0
1175,0,1,15,35,0,0,64,6,0,0,0,0,0,0,0,0
1176,0,1,15,36,12,3,26,9,0,0,0,0,0,0,0,0
1177,0,1,15,37,0,0,64,8,0,0,0,0,0,0,0,0
1178,0,1,15,38,0,0,64,7,0,0,0,0,0,0,0,0
1179,0,1,15,39,0,0,64,6,0,0,0,0,0,0,0,0
1180,0,1,15,40,5,4,26,9,0,0,0,0,0,0,0,0
1181,0,1,15,41,0,0,64,8,0,0,0,0,0,0,0,0
1182,0,1,15,42,0,0,64,7,0,0,0,0,0,0,0,0
1183,0,1,15,43,0,0,64,6,0,0,0,0,0,0,0,0
1184,0,1,15,44,12,3,26,9,0,0,0,0,0,0,0,0
1185,0,1,15,45,0,0,64,8,0,0,0,0,0,0,0,0
1186,0,1,15,46,0,0,64,7,0,0,0,0,0,0,0,0
1187,0,1,15,47,0,0,64,6,0,0,0,0,0,0,0,0
1188,0,1,15,48,5,3,26,9,0,0,0,0,0,0,0,0
1189,0,1,15,49,0,0,64,8,0,0,0,0,0,0,0,0
1190,0,1,15,50,0,0,64,7,0,0,0,0,0,0,0,0
1191,0,1,15,51,0,0,64,6,0,0,0,0,0,0,0,0
1192,0,1,15,52,12,3,26,9,0,0,0,0,0,0,0,0
1193,0,1,15,53,0,0,64,8,0,0,0,0,0,0,0,0
1194,0,1,15,54,0,0,64,7,0,0,0,0,0,0,0,0
1195,0,1,15,55,0,0,64,6,0,0,0,0,0,0,0,0
1196,0,1,15,56,5,4,26,9,0,0,0,0,0,0,0,0
1197,0,1,15,57,0,0,64,8,0,0,0,0,0,0,0,0
1198,0,1,15,58,0,0,64,7,0,0,0,0,0,0,0,0
1199,0,1,15,59,0,0,64,6,0,0,0,0,0,0,0,0
1200,0,1,15,60,12,3,26,9,0,0,0,0,0,0,0,0
1201,0,1,15,61,0,0,64,8,0,0,0,0,0,0,0,0
1202,0,1,15,62,0,0,64,7,0,0,0,0,0,0,0,0
1203,0,1,15,63,0,0,64,6,0,0,0,0,0,0,0,0
1204,0,1,16,0,12,3,5,9,11,0,0,0,0,0,0,0
1205,0,1,16,4,7,4,26,9,0,0,0,0,0,0,0,0
1206,0,1,16,5,0,0,64,8,0,0,0,0,0,0,0,0
1207,0,1,16,6,0,0,64,7,0,0,0,0,0,0,0,0
1208,0,1,16,7,0,0,64,6,0,0,0,0,0,0,0,0
1209,0,1,16,8,11,3,5,9,0,0,0,0,0,0,0,0
1210,0,1,16,12,7,4,26,9,0,0,0,0,0,0,0,0
1211,0,1,16,13,0,0,64,8,0,0,0,0,0,0,0,0
1212,0,1,16,14,0,0,64,7,0,0,0,0,0,0,0,0
1213,0,1,16,15,0,0,64,6,0,0,0,0,0,0,0,0
1214,0,1,16,16,12,3,5,9,0,0,0,0,0,0,0,0
1215,0,1,16,20,7,4,26,9,0,0,0,0,0,0,0,0
1216,0,1,16,21,0,0,64,8,0,0,0,0,0,0,0,0
1217,0,1,16,22,0,0,64,7,0,0,0,0,0,0,0,0
1218,0,1,16,23,0,0,64,6,0,0,0,0,0,0,0,0
1219,0,1,16,24,7,3,5,9,0,0,0,0,0,0,0,0
1220,0,1,16,27,0,0,64,16,23,2,0,0,0,0,0,0
1221,0,1,16,28,2,4,5,16,0,0,0,0,0,0,0,0
1222,0,1,16,32,7,3,26,9,0,0,0,0,0,0,0,0
1223,0,1,16,33,0,0,64,8,0,0,0,0,0,0,0,0
1224,0,1,16,34,0,0,64,7,0,0,0,0,0,0,0,0
1225,0,1,16,35,0,0,64,6,0,0,0,0,0,0,0,0
1226,0,1,16,36,2,4,26,9,0,0,0,0,0,0,0,0
1227,0,1,16,37,0,0,64,8,0,0,0,0,0,0,0,0
1228,0,1,16,38,0,0,64,7,0,0,0,0,0,0,0,0
1229,0,1,16,39,0,0,64,6,0,0,0,0,0,0,0,0
1230,0,1,16,40,7,4,26,9,0,0,0,0,0,0,0,0
1231,0,1,16,41,0,0,64,8,0,0,0,0,0,0,0,0
1232,0,1,16,42,0,0,64,7,0,0,0,0,0,0,0,0
1233,0,1,16,43,0,0,64,6,0,0,0,0,0,0,0,0
1234,0,1,16,44,2,4,26,9,0,0,0,0,0,0,0,0
1235,0,1,16,45,0,0,64,8,0,0,0,0,0,0,0,0
1236,0,1,16,46,0,0,64,7,0,0,0,0,0,0,0,0
1237,0,1,16,47,0,0,64,6,0,0,0,0,0,0,0,0
1238,0,1,16,48,9,3,26,9,0,0,0,0,0,0,0,0
1239,0,1,16,49,0,0,64,8,0,0,0,0,0,0,0,0
1240,0,1,16,50,0,0,64,7,0,0,0,0,0,0,0,0
1241,0,1,16,51,0,0,64,6,0,0,0,0,0,0,0,0
1242,0,1,16,52,2,4,26,9,0,0,0,0,0,0,0,0
1243,0,1,16,53,0,0,64,8,0,0,0,0,0,0,0,0
1244,0,1,16,54,0,0,64,7,0,0,0,0,0,0,0,0
1245,0,1,16,55,0,0,64,6,0,0,0,0,0,0,0,0
1246,0,1,16,56,7,4,26,9,0,0,0,0,0,0,0,0
1247,0,1,16,57,0,0,64,8,0,0,0,0,0,0,0,0
1248,0,1,16,58,0,0,64,7,0,0,0,0,0,0,0,0
1249,0,1,16,59,0,0,64,6,0,0,0,0,0,0,0,0
1250,0,1,16,60,4,4,26,9,0,0,0,0,0,0,0,0
1251,0,1,16,61,0,0,64,8,0,0,0,0,0,0,0,0
1252,0,1,16,62,0,0,64,7,0,0,0,0,0,0,0,0
1253,0,1,16,63,0,0,64,6,0,0,0,0,0,0,0,0
1254,0,1,17,0,9,3,5,9,11,0,0,0,0,0,0,0
1255,0,1,17,4,4,4,26,9,0,0,0,0,0,0,0,0
1256,0,1,17,5,0,0,64,8,0,0,0,0,0,0,0,0
1257,0,1,17,6,0,0,64,7,0,0,0,0,0,0,0,0
1258,0,1,17,7,0,0,64,6,0,0,0,0,0,0,0,0
1259,0,1,17,8,11,3,5,9,0,0,0,0,0,0,0,0
1260,0,1,17,12,4,4,26,9,0,0,0,0,0,0,0,0
1261,0,1,17,13,0,0,64,8,0,0,0,0,0,0,0,0
1262,0,1,17,14,0,0,64,7,0,0,0,0,0,0,0,0
1263,0,1,17,15,0,0,64,6,0,0,0,0,0,0,0,0
1264,0,1,17,16,12,3,5,9,0,0,0,0,0,0,0,0
1265,0,1,17,20,4,4,26,9,0,0,0,0,0,0,0,0
1266,0,1,17,21,0,0,64,8,0,0,0,0,0,0,0,0
1267,0,1,17,22,0,0,64,7,0,0,0,0,0,0,0,0
1268,0,1,17,23,0,0,64,6,0,0,0,0,0,0,0,0
1269,0,1,17,24,9,3,5,9,0,0,0,0,0,0,0,0
1270,0,1,17,27,0,0,64,16,23,2,0,0,0,0,0,0
1271,0,1,17,28,12,3,5,16,0,0,0,0,0,0,0,0
1272,0,1,17,32,5,3,26,9,0,0,0,0,0,0,0,0
1273,0,1,17,33,0,0,64,8,0,0,0,0,0,0,0,0
1274,0,1,17,34,0,0,64,7,0,0,0,0,0,0,0,0
1275,0,1,17,35,0,0,64,6,0,0,0,0,0,0,0,0
1276,0,1,17,36,12,3,26,9,0,0,0,0,0,0,0,0
1277,0,1,17,37,0,0,64,8,0,0,0,0,0,0,0,0
1278,0,1,17,38,0,0,64,7,0,0,0,0,0,0,0,0
1279,0,1,17,39,0,0,64,6,0,0,0,0,0,0,0,0
1280,0,1,17,40,5,4,26,9,0,0,0,0,0,0,0,0
1281,0,1,17,41,0,0,64,8,0,0,0,0,0,0,0,0
1282,0,1,17,42,0,0,64,7,0,0,0,0,0,0,0,0
1283,0,1,17,43,0,0,64,6,0,0,0,0,0,0,0,0
1284,0,1,17,44,12,3,26,9,0,0,0,0,0,0,0,0
1285,0,1,17,45,0,0,64,8,0,0,0,0,0,0,0,0
1286,0,1,17,46,0,0,64,7,0,0,0,0,0,0,0,0
1287,0,1,17,47,0,0,64,6,0,0,0,0,0,0,0,0
1288,0,1,17,48,5,3,26,9,0,0,0,0,0,0,0,0
1289,0,1,17,49,0,0,64,8,0,0,0,0,0,0,0,0
1290,0,1,17,50,0,0,64,7,0,0,0,0,0,0,0,0
1291,0,1,17,51,0,0,64,6,0,0,0,0,0,0,0,0
1292,0,1,17,52,12,3,26,9,0,0,0,0,0,0,0,0
1293,0,1,17,53,0,0,64,8,0,0,0,0,0,0,0,0
1294,0,1,17,54,0,0,64,7,0,0,0,0,0,0,0,0
1295,0,1,17,55,0,0,64,6,0,0,0,0,0,0,0,0
1296,0,1,17,56,5,4,26,9,0,0,0,0,0,0,0,0
1297,0,1,17,57,0,0,64,8,0,0,0,0,0,0,0,0
1298,0,1,17,58,0,0,64,7,0,0,0,0,0,0,0,0
1299,0,1,17,59,0,0,64,6,0,0,0,0,0,0,0,0
1300,0,1,17,60,12,3,26,9,0,0,0,0,0,0,0,0
1301,0,1,17,61,0,0,64,8,0,0,0,0,0,0,0,0
1302,0,1,17,62,0,0,64,7,0,0,0,0,0,0,0,0
1303,0,1,17,63,0,0,64,6,0,0,0,0,0,0,0,0
1304,0,1,18,0,12,3,5,9,11,0,0,0,0,0,0,0
1305,0,1,18,4,7,4,26,9,0,0,0,0,0,0,0,0
1306,0,1,18,5,0,0,64,8,0,0,0,0,0,0,0,0
1307,0,1,18,6,0,0,64,7,0,0,0,0,0,0,0,0
1308,0,1,18,7,0,0,64,6,0,0,0,0,0,0,0,0
1309,0,1,18,8,11,3,5,9,0,0,0,0,0,0,0,0
1310,0,1,18,12,7,4,26,9,0,0,0,0,0,0,0,0
1311,0,1,18,13,0,0,64,8,0,0,0,0,0,0,0,0
1312,0,1,18,14,0,0,64,7,0,0,0,0,0,0,0,0
1313,0,1,18,15,0,0,64,6,0,0,0,0,0,0,0,0
1314,0,1,18,16,12,3,5,9,0,0,0,0,0,0,0,0
1315,0,1,18,20,7,4,26,9,0,0,0,0,0,0,0,0
1316,0,1,18,21,0,0,64,8,0,0,0,0,0,0,0,0
1317,0,1,18,22,0,0,64,7,0,0,0,0,0,0,0,0
1318,0,1,18,23,0,0,64,6,0,0,0,0,0,0,0,0
1319,0,1,18,24,7,3,5,9,0,0,0,0,0,0,0,0
1320,0,1,18,27,0,0,64,16,23,2,0,0,0,0,0,0
1321,0,1,18,28,2,4,5,16,0,0,0,0,0,0,0,0
1322,0,1,18,32,7,3,26,9,0,0,0,0,0,0,0,0
1323,0,1,18,33,0,0,64,8,0,0,0,0,0,0,0,0
1324,0,1,18,34,0,0,64,7,0,0,0,0,0,0,0,0
1325,0,1,18,35,0,0,64,6,0,0,0,0,0,0,0,0
1326,0,1,18,36,2,4,26,9,0,0,0,0,0,0,0,0
1327,0,1,18,37,0,0,64,8,0,0,0,0,0,0,0,0
1328,0,1,18,38,0,0,64,7,0,0,0,0,0,0,0,0
1329,0,1,18,39,0,0,64,6,0,0,0,0,0,0,0,0
1330,0,1,18,40,7,4,26,9,0,0,0,0,0,0,0,0
1331,0,1,18,41,0,0,64,8,0,0,0,0,0,0,0,0
1332,0,1,18,42,0,0,64,7,0,0,0,0,0,0,0,0
1333,0,1,18,43,0,0,64,6,0,0,0,0,0,0,0,0
1334,0,1,18,44,2,4,26,9,0,0,0,0,0,0,0,0
1335,0,1,18,45,0,0,64,8,0,0,0,0,0,0,0,0
1336,0,1,18,46,0,0,64,7,0,0,0,0,0,0,0,0
1337,0,1,18,47,0,0,64,6,0,0,0,0,0,0,0,0
1338,0,1,18,48,12,3,29,10,0,0,0,0,0,0,0,0
1339,0,1,18,52,2,4,26,9,0,0,0,0,0,0,0,0
1340,0,1,18,53,0,0,64,8,0,0,0,0,0,0,0,0
1341,0,1,18,54,0,0,64,7,0,0,0,0,0,0,0,0
1342,0,1,18,55,0,0,64,6,0,0,0,0,0,0,0,0
1343,0,1,18,56,11,3,30,10,0,0,0,0,0,0,0,0
1344,0,1,18,60,4,4,26,9,0,0,0,0,0,0,0,0
1345,0,1,18,61,0,0,64,8,0,0,0,0,0,0,0,0
1346,0,1,18,62,0,0,64,7,0,0,0,0,0,0,0,0
1347,0,1,18,63,0,0,64,6,0,0,0,0,0,0,0,0
1348,0,1,19,0,9,3,10,10,11,0,0,0,0,0,0,0
1349,0,1,19,4,4,4,26,9,0,0,0,0,0,0,0,0
1350,0,1,19,5,0,0,64,8,0,0,0,0,0,0,0,0
1351,0,1,19,6,0,0,64,7,0,0,0,0,0,0,0,0
1352,0,1,19,7,0,0,64,6,0,0,0,0,0,0,0,0
1353,0,1,19,8,11,3,33,10,0,0,0,0,0,0,0,0
1354,0,1,19,12,4,4,26,9,0,0,0,0,0,0,0,0
1355,0,1,19,13,0,0,64,8,0,0,0,0,0,0,0,0
1356,0,1,19,14,0,0,64,7,0,0,0,0,0,0,0,0
1357,0,1,19,15,0,0,64,6,0,0,0,0,0,0,0,0
1358,0,1,19,16,12,3,34,10,0,0,0,0,0,0,0,0
1359,0,1,19,20,4,4,26,9,0,0,0,0,0,0,0,0
1360,0,1,19,21,0,0,64,8,0,0,0,0,0,0,0,0
1361,0,1,19,22,0,0,64,7,0,0,0,0,0,0,0,0
1362,0,1,19,23,0,0,64,6,0,0,0,0,0,0,0,0
1363,0,1,19,24,9,3,10,10,0,0,0,0,0,0,0,0
1364,0,1,19,27,0,0,64,16,23,2,0,0,0,0,0,0
1365,0,1,19,28,5,3,5,16,0,0,0,0,0,0,0,0
1366,0,1,19,32,5,3,31,10,0,0,0,0,0,0,0,0
1367,0,1,19,36,12,3,26,9,0,0,0,0,0,0,0,0
1368,0,1,19,37,0,0,64,8,0,0,0,0,0,0,0,0
1369,0,1,19,38,0,0,64,7,0,0,0,0,0,0,0,0
1370,0,1,19,39,0,0,64,6,0,0,0,0,0,0,0,0
1371,0,1,19,40,5,3,31,10,0,0,0,0,0,0,0,0
1372,0,1,19,44,12,3,26,9,0,0,0,0,0,0,0,0
1373,0,1,19,45,0,0,64,8,0,0,0,0,0,0,0,0
1374,0,1,19,46,0,0,64,7,0,0,0,0,0,0,0,0
1375,0,1,19,47,0,0,64,6,0,0,0,0,0,0,0,0
1376,0,1,19,48,5,3,31,10,0,0,0,0,0,0,0,0
1377,0,1,19,52,12,3,26,9,0,0,0,0,0,0,0,0
1378,0,1,19,53,0,0,64,8,0,0,0,0,0,0,0,0
1379,0,1,19,54,0,0,64,7,0,0,0,0,0,0,0,0
1380,0,1,19,55,0,0,64,6,0,0,0,0,0,0,0,0
1381,0,1,19,56,5,3,31,10,0,0,0,0,0,0,0,0
1382,0,1,19,60,12,3,26,9,0,0,0,0,0,0,0,0
1383,0,1,19,61,0,0,64,8,0,0,0,0,0,0,0,0
1384,0,1,19,62,0,0,64,7,0,0,0,0,0,0,0,0
1385,0,1,19,63,0,0,64,6,0,0,0,0,0,0,0,0
1386,0,1,20,0,12,3,36,10,11,0,0,0,0,0,0,0
1387,0,1,20,4,7,4,26,9,0,0,0,0,0,0,0,0
1388,0,1,20,5,0,0,64,8,0,0,0,0,0,0,0,0
1389,0,1,20,6,0,0,64,7,0,0,0,0,0,0,0,0
1390,0,1,20,7,0,0,64,6,0,0,0,0,0,0,0,0
1391,0,1,20,8,11,3,28,10,0,0,0,0,0,0,0,0
1392,0,1,20,12,7,4,26,9,0,0,0,0,0,0,0,0
1393,0,1,20,13,0,0,64,8,0,0,0,0,0,0,0,0
1394,0,1,20,14,0,0,64,7,0,0,0,0,0,0,0,0
1395,0,1,20,15,0,0,64,6,0,0,0,0,0,0,0,0
1396,0,1,20,16,12,3,36,10,0,0,0,0,0,0,0,0
1397,0,1,20,20,11,3,5,9,0,0,0,0,0,0,0,0
1398,0,1,20,24,7,3,5,9,0,0,0,0,0,0,0,0
1399,0,1,20,27,0,0,64,16,23,2,0,0,0,0,0,0
1400,0,1,20,28,2,4,37,10,0,0,0,0,0,0,0,0
1401,0,1,20,32,7,3,27,10,0,0,0,0,0,0,0,0
1402,0,1,20,36,2,4,26,9,0,0,0,0,0,0,0,0
1403,0,1,20,37,0,0,64,8,0,0,0,0,0,0,0,0
1404,0,1,20,38,0,0,64,7,0,0,0,0,0,0,0,0
1405,0,1,20,39,0,0,64,6,0,0,0,0,0,0,0,0
1406,0,1,20,40,11,3,28,10,0,0,0,0,0,0,0,0
1407,0,1,20,44,2,4,26,9,0,0,0,0,0,0,0,0
1408,0,1,20,45,0,0,64,8,0,0,0,0,0,0,0,0
1409,0,1,20,46,0,0,64,7,0,0,0,0,0,0,0,0
1410,0,1,20,47,0,0,64,6,0,0,0,0,0,0,0,0
1411,0,1,20,48,12,3,29,10,0,0,0,0,0,0,0,0
1412,0,1,20,52,2,4,26,9,0,0,0,0,0,0,0,0
1413,0,1,20,53,0,0,64,8,0,0,0,0,0,0,0,0
1414,0,1,20,54,0,0,64,7,0,0,0,0,0,0,0,0
1415,0,1,20,55,0,0,64,6,0,0,0,0,0,0,0,0
1416,0,1,20,56,11,3,30,10,0,0,0,0,0,0,0,0
1417,0,1,20,60,4,4,26,9,0,0,0,0,0,0,0,0
1418,0,1,20,61,0,0,64,8,0,0,0,0,0,0,0,0
1419,0,1,20,62,0,0,64,7,0,0,0,0,0,0,0,0
1420,0,1,20,63,0,0,64,6,0,0,0,0,0,0,0,0
1421,0,1,21,0,9,3,10,10,11,0,0,0,0,0,0,0
1422,0,1,21,4,4,4,26,9,0,0,0,0,0,0,0,0
1423,0,1,21,5,0,0,64,8,0,0,0,0,0,0,0,0
1424,0,1,21,6,0,0,64,7,0,0,0,0,0,0,0,0
1425,0,1,21,7,0,0,64,6,0,0,0,0,0,0,0,0
1426,0,1,21,8,11,3,33,10,0,0,0,0,0,0,0,0
1427,0,1,21,12,4,4,26,9,0,0,0,0,0,0,0,0
1428,0,1,21,13,0,0,64,8,0,0,0,0,0,0,0,0
1429,0,1,21,14,0,0,64,7,0,0,0,0,0,0,0,0
1430,0,1,21,15,0,0,64,6,0,0,0,0,0,0,0,0
1431,0,1,21,16,12,3,34,10,0,0,0,0,0,0,0,0
1432,0,1,21,20,4,4,26,9,0,0,0,0,0,0,0,0
1433,0,1,21,21,0,0,64,8,0,0,0,0,0,0,0,0
1434,0,1,21,22,0,0,64,7,0,0,0,0,0,0,0,0
1435,0,1,21,23,0,0,64,6,0,0,0,0,0,0,0,0
1436,0,1,21,24,9,3,10,10,0,0,0,0,0,0,0,0
1437,0,1,21,27,0,0,64,16,23,2,0,0,0,0,0,0
1438,0,1,21,28,12,3,5,16,0,0,0,0,0,0,0,0
1439,0,1,21,32,5,3,31,10,0,0,0,0,0,0,0,0
1440,0,1,21,36,12,3,26,9,0,0,0,0,0,0,0,0
1441,0,1,21,37,0,0,64,8,0,0,0,0,0,0,0,0
1442,0,1,21,38,0,0,64,7,0,0,0,0,0,0,0,0
1443,0,1,21,39,0,0,64,6,0,0,0,0,0,0,0,0
1444,0,1,21,40,5,3,31,10,0,0,0,0,0,0,0,0
1445,0,1,21,44,12,3,26,9,0,0,0,0,0,0,0,0
1446,0,1,21,45,0,0,64,8,0,0,0,0,0,0,0,0
1447,0,1,21,46,0,0,64,7,0,0,0,0,0,0,0,0
1448,0,1,21,47,0,0,64,6,0,0,0,0,0,0,0,0
1449,0,1,21,48,5,3,31,10,0,0,0,0,0,0,0,0
1450,0,1,21,52,12,3,26,9,0,0,0,0,0,0,0,0
1451,0,1,21,53,0,0,64,8,0,0,0,0,0,0,0,0
1452,0,1,21,54,0,0,64,7,0,0,0,0,0,0,0,0
1453,0,1,21,55,0,0,64,6,0,0,0,0,0,0,0,0
1454,0,1,21,56,5,3,31,10,0,0,0,0,0,0,0,0
1455,0,1,21,60,12,3,26,9,0,0,0,0,0,0,0,0
1456,0,1,21,61,0,0,64,8,0,0,0,0,0,0,0,0
1457,0,1,21,62,0,0,64,7,0,0,0,0,0,0,0,0
1458,0,1,21,63,0,0,64,6,0,0,0,0,0,0,0,0
1459,0,1,22,0,9,3,5,9,0,0,0,0,0,0,0,0
1460,0,1,22,3,14,0,64,16,0,0,0,0,0,0,0,0
1461,0,1,22,4,4,1,32,8,0,0,0,0,0,0,0,0
1462,0,1,22,6,14,0,64,16,0,0,0,0,0,0,0,0
1463,0,1,22,8,4,1,32,16,0,0,0,0,0,0,0,0
1464,0,1,22,12,9,3,5,9,0,0,0,0,0,0,0,0
1465,0,1,22,15,14,0,64,16,0,0,0,0,0,0,0,0
1466,0,1,22,16,4,1,32,8,0,0,0,0,0,0,0,0
1467,0,1,22,20,4,1,32,16,0,0,0,0,0,0,0,0
1468,0,1,22,22,14,0,64,16,0,0,0,0,0,0,0,0
1469,0,1,22,24,4,1,32,16,0,0,0,0,0,0,0,0
1470,0,1,22,28,4,1,32,16,0,0,0,0,0,0,0,0
1471,0,1,22,30,14,0,64,16,0,0,0,0,0,0,0,0
1472,0,1,22,32,9,3,5,9,0,0,0,0,0,0,0,0
1473,0,1,22,35,14,0,64,16,0,0,0,0,0,0,0,0
1474,0,1,22,36,4,1,32,8,0,0,0,0,0,0,0,0
1475,0,1,22,38,14,0,64,16,0,0,0,0,0,0,0,0
1476,0,1,22,40,4,1,32,16,0,0,0,0,0,0,0,0
1477,0,1,22,44,9,3,5,9,0,0,0,0,0,0,0,0
1478,0,1,22,47,14,0,64,16,0,0,0,0,0,0,0,0
1479,0,1,22,48,4,1,32,8,0,0,0,0,0,0,0,0
1480,0,1,22,52,4,1,32,16,0,0,0,0,0,0,0,0
1481,0,1,22,54,14,0,64,16,0,0,0,0,0,0,0,0
1482,0,1,22,56,4,1,32,16,0,0,0,0,0,0,0,0
1483,0,1,22,60,4,1,32,16,0,0,0,0,0,0,0,0
1484,0,1,22,62,14,0,64,16,0,0,0,0,0,0,0,0
1485,0,1,23,0,9,3,5,9,0,0,0,0,0,0,0,0
1486,0,1,23,3,14,0,64,16,0,0,0,0,0,0,0,0
1487,0,1,23,4,4,1,32,8,0,0,0,0,0,0,0,0
1488,0,1,23,6,14,0,64,16,0,0,0,0,0,0,0,0
1489,0,1,23,8,4,1,32,16,0,0,0,0,0,0,0,0
1490,0,1,23,12,9,3,5,9,0,0,0,0,0,0,0,0
1491,0,1,23,15,14,0,64,16,0,0,0,0,0,0,0,0
1492,0,1,23,16,4,1,32,8,0,0,0,0,0,0,0,0
1493,0,1,23,20,4,1,32,16,0,0,0,0,0,0,0,0
1494,0,1,23,22,14,0,64,16,0,0,0,0,0,0,0,0
1495,0,1,23,24,4,1,32,16,0,0,0,0,0,0,0,0
1496,0,1,23,28,4,1,32,16,0,0,0,0,0,0,0,0
1497,0,1,23,30,14,0,64,16,0,0,0,0,0,0,0,0
1498,0,1,23,32,9,3,5,9,0,0,0,0,0,0,0,0
1499,0,1,23,35,14,0,64,16,0,0,0,0,0,0,0,0
1500,0,1,23,36,4,1,32,8,0,0,0,0,0,0,0,0
1501,0,1,23,38,14,0,64,16,0,0,0,0,0,0,0,0
1502,0,1,23,40,4,1,32,16,0,0,0,0,0,0,0,0
1503,0,1,23,44,4,1,32,7,0,0,0,0,0,0,0,0
1504,0,1,23,46,14,0,64,16,0,0,0,0,0,0,0,0
1505,0,1,23,48,12,3,5,7,0,0,0,0,0,0,0,0
1506,0,1,23,51,0,0,64,16,23,2,0,0,0,0,0,0
1507,0,1,23,52,9,3,5,16,0,0,0,0,0,0,0,0
1508,0,1,23,55,0,0,64,16,23,2,0,0,0,0,0,0
1509,0,1,23,56,12,3,5,16,0,0,0,0,0,0,0,0
1510,0,1,23,59,0,0,64,16,23,2,0,0,0,0,0,0
1511,0,1,23,60,9,3,5,16,0,0,0,0,0,0,0,0
1512,0,1,23,63,0,0,64,16,23,2,0,0,0,0,0,0
1513,0,1,24,0,9,3,5,7,0,0,0,0,0,0,0,0
1514,0,1,24,3,14,0,64,16,0,0,0,0,0,0,0,0
1515,0,1,24,4,4,1,32,6,0,0,0,0,0,0,0,0
1516,0,1,24,6,14,0,64,16,0,0,0,0,0,0,0,0
1517,0,1,24,8,4,1,32,16,0,0,0,0,0,0,0,0
1518,0,1,24,12,9,3,5,6,0,0,0,0,0,0,0,0
1519,0,1,24,15,14,0,64,16,0,0,0,0,0,0,0,0
1520,0,1,24,16,4,1,32,5,0,0,0,0,0,0,0,0
1521,0,1,24,20,4,1,32,16,0,0,0,0,0,0,0,0
1522,0,1,24,22,14,0,64,16,0,0,0,0,0,0,0,0
1523,0,1,24,24,4,1,32,16,0,0,0,0,0,0,0,0
1524,0,1,24,28,4,1,32,16,0,0,0,0,0,0,0,0
1525,0,1,24,30,14,0,64,16,0,0,0,0,0,0,0,0
1526,0,1,24,32,9,3,5,5,0,0,0,0,0,0,0,0
1527,0,1,24,35,14,0,64,16,0,0,0,0,0,0,0,0
1528,0,1,24,36,4,1,32,5,0,0,0,0,0,0,0,0
1529,0,1,24,38,14,0,64,16,0,0,0,0,0,0,0,0
1530,0,1,24,40,4,1,32,16,0,0,0,0,0,0,0,0
1531,0,1,24,44,9,3,5,4,0,0,0,0,0,0,0,0
1532,0,1,24,47,14,0,64,16,0,0,0,0,0,0,0,0
1533,0,1,24,48,4,1,32,4,0,0,0,0,0,0,0,0
1534,0,1,24,52,4,1,32,16,0,0,0,0,0,0,0,0
1535,0,1,24,54,14,0,64,16,0,0,0,0,0,0,0,0
1536,0,1,24,56,4,1,32,3,0,0,0,0,0,0,0,0
1537,0,1,24,60,4,1,32,16,0,0,0,0,0,0,0,0
1538,0,1,24,62,14,0,64,16,0,0,0,0,0,0,0,0
1539,0,1,25,0,9,3,5,3,0,0,0,0,0,0,0,0
1540,0,1,25,3,14,0,64,16,0,0,0,0,0,0,0,0
1541,0,1,25,4,4,1,32,3,0,0,0,0,0,0,0,0
1542,0,1,25,6,14,0,64,16,0,0,0,0,0,0,0,0
1543,0,1,25,8,4,1,32,2,0,0,0,0,0,0,0,0
1544,0,1,25,12,9,3,5,2,0,0,0,0,0,0,0,0
1545,0,1,25,15,14,0,64,16,0,0,0,0,0,0,0,0
1546,0,1,25,16,4,1,32,2,0,0,0,0,0,0,0,0
1547,0,1,25,20,4,1,32,16,0,0,0,0,0,0,0,0
1548,0,1,25,22,14,0,64,16,0,0,0,0,0,0,0,0
1549,0,1,25,24,4,1,32,1,0,0,0,0,0,0,0,0
1550,0,1,25,28,4,1,32,16,0,0,0,0,0,0,0,0
1551,0,1,25,30,14,0,64,16,0,0,0,0,0,0,0,0
1552,0,1,25,32,9,3,5,1,0,0,0,0,0,0,0,0
1553,0,1,25,35,14,0,64,16,0,0,0,0,0,0,0,0
1554,0,1,25,36,4,1,32,1,0,0,0,0,0,0,0,0
1555,0,1,25,38,14,0,64,16,0,0,0,0,0,0,0,0
1556,0,2,0,0,4,3,5,16,0,0,0,0,0,0,0,0
1557,0,2,0,2,9,2,5,16,0,0,0,0,0,0,0,0
1558,0,2,0,4,14,0,64,16,0,0,0,0,0,0,0,0
1559,0,2,0,8,4,3,5,16,0,0,0,0,0,0,0,0
1560,0,2,0,10,9,2,5,16,0,0,0,0,0,0,0,0
1561,0,2,0,12,14,0,64,16,0,0,0,0,0,0,0,0
1562,0,2,0,16,12,2,5,16,0,0,0,0,0,0,0,0
1563,0,2,0,20,14,0,64,16,0,0,0,0,0,0,0,0
1564,0,2,0,24,12,2,5,16,0,0,0,0,0,0,0,0
1565,0,2,0,27,0,0,64,16,23,2,0,0,0,0,0,0
1566,0,2,0,28,9,2,5,16,0,0,0,0,0,0,0,0
1567,0,2,0,32,14,0,64,16,0,0,0,0,0,0,0,0
1568,0,2,0,40,12,2,5,16,0,0,0,0,0,0,0,0
1569,0,2,0,44,14,0,64,16,0,0,0,0,0,0,0,0
1570,0,2,0,48,11,2,5,16,0,0,0,0,0,0,0,0
1571,0,2,0,52,14,0,64,16,0,0,0,0,0,0,0,0
1572,0,2,0,56,11,2,5,16,0,0,0,0,0,0,0,0
1573,0,2,0,60,14,0,64,16,0,0,0,0,0,0,0,0
1574,0,2,1,0,9,2,5,16,0,0,0,0,0,0,0,0
1575,0,2,1,4,14,0,64,16,0,0,0,0,0,0,0,0
1576,0,2,1,8,9,2,5,16,0,0,0,0,0,0,0,0
1577,0,2,1,12,14,0,64,16,0,0,0,0,0,0,0,0
1578,0,2,1,16,12,2,5,16,0,0,0,0,0,0,0,0
1579,0,2,1,20,14,0,64,16,0,0,0,0,0,0,0,0
1580,0,2,1,24,12,2,5,16,0,0,0,0,0,0,0,0
1581,0,2,1,27,0,0,64,16,23,2,0,0,0,0,0,0
1582,0,2,1,28,9,2,5,16,0,0,0,0,0,0,0,0
1583,0,2,1,32,14,0,64,16,0,0,0,0,0,0,0,0
1584,0,2,1,40,12,2,5,16,0,0,0,0,0,0,0,0
1585,0,2,1,44,14,0,64,16,0,0,0,0,0,0,0,0
1586,0,2,1,48,11,2,5,16,0,0,0,0,0,0,0,0
1587,0,2,1,52,14,0,64,16,0,0,0,0,0,0,0,0
1588,0,2,1,56,2,3,5,16,0,0,0,0,0,0,0,0
1589,0,2,1,60,14,0,64,16,0,0,0,0,0,0,0,0
1590,0,2,2,0,9,2,5,16,0,0,0,0,0,0,0,0
1591,0,2,2,4,14,0,64,16,0,0,0,0,0,0,0,0
1592,0,2,2,8,9,2,5,16,0,0,0,0,0,0,0,0
1593,0,2,2,12,14,0,64,16,0,0,0,0,0,0,0,0
1594,0,2,2,16,12,2,5,16,0,0,0,0,0,0,0,0
1595,0,2,2,20,14,0,64,16,0,0,0,0,0,0,0,0
1596,0,2,2,24,12,2,5,16,0,0,0,0,0,0,0,0
1597,0,2,2,27,0,0,64,16,23,2,0,0,0,0,0,0
1598,0,2,2,28,9,2,5,16,0,0,0,0,0,0,0,0
1599,0,2,2,32,14,0,64,16,0,0,0,0,0,0,0,0
1600,0,2,2,40,12,2,5,16,0,0,0,0,0,0,0,0
1601,0,2,2,44,14,0,64,16,0,0,0,0,0,0,0,0
1602,0,2,2,48,11,2,5,16,0,0,0,0,0,0,0,0
1603,0,2,2,52,14,0,64,16,0,0,0,0,0,0,0,0
1604,0,2,2,56,11,2,5,16,0,0,0,0,0,0,0,0
1605,0,2,2,60,14,0,64,16,0,0,0,0,0,0,0,0
1606,0,2,3,0,14,2,0,16,0,0,0,0,0,0,0,0
1607,0,2,3,4,4,3,0,16,0,0,0,0,0,0,0,0
1608,0,2,3,8,14,0,64,16,0,0,0,0,0,0,0,0
1609,0,2,3,12,4,3,0,16,0,0,0,0,0,0,0,0
1610,0,2,3,16,14,0,64,16,0,0,0,0,0,0,0,0
1611,0,2,3,20,4,3,0,16,0,0,0,0,0,0,0,0
1612,0,2,3,24,14,0,64,16,0,0,0,0,0,0,0,0
1613,0,2,3,28,4,3,0,16,0,0,0,0,0,0,0,0
1614,0,2,3,32,14,0,64,16,0,0,0,0,0,0,0,0
1615,0,2,3,36,7,3,0,16,0,0,0,0,0,0,0,0
1616,0,2,3,40,14,0,64,16,0,0,0,0,0,0,0,0
1617,0,2,3,44,7,3,0,16,0,0,0,0,0,0,0,0
1618,0,2,3,48,14,0,64,16,0,0,0,0,0,0,0,0
1619,0,2,3,52,7,3,0,16,0,0,0,0,0,0,0,0
1620,0,2,3,56,14,0,64,16,0,0,0,0,0,0,0,0
1621,0,2,3,60,7,3,0,16,0,0,0,0,0,0,0,0
1622,0,2,4,0,14,2,0,16,0,0,0,0,0,0,0,0
1623,0,2,4,4,9,3,0,16,0,0,0,0,0,0,0,0
1624,0,2,4,8,14,0,64,16,0,0,0,0,0,0,0,0
1625,0,2,4,12,9,3,0,16,0,0,0,0,0,0,0,0
1626,0,2,4,16,14,0,64,16,0,0,0,0,0,0,0,0
1627,0,2,4,20,9,3,0,16,0,0,0,0,0,0,0,0
1628,0,2,4,24,14,0,64,16,0,0,0,0,0,0,0,0
1629,0,2,4,28,9,3,0,16,0,0,0,0,0,0,0,0
1630,0,2,4,32,14,0,64,16,0,0,0,0,0,0,0,0
1631,0,2,4,36,11,3,0,16,0,0,0,0,0,0,0,0
1632,0,2,4,40,14,0,64,16,0,0,0,0,0,0,0,0
1633,0,2,4,44,11,3,0,16,0,0,0,0,0,0,0,0
1634,0,2,4,48,14,0,64,16,0,0,0,0,0,0,0,0
1635,0,2,4,52,11,3,0,16,0,0,0,0,0,0,0,0
1636,0,2,4,56,14,0,64,16,0,0,0,0,0,0,0,0
1637,0,2,4,60,11,3,0,16,0,0,0,0,0,0,0,0
1638,0,2,5,0,14,2,0,16,0,0,0,0,0,0,0,0
1639,0,2,5,4,4,3,0,16,0,0,0,0,0,0,0,0
1640,0,2,5,8,14,0,64,16,0,0,0,0,0,0,0,0
1641,0,2,5,12,4,3,0,16,0,0,0,0,0,0,0,0
1642,0,2,5,16,14,0,64,16,0,0,0,0,0,0,0,0
1643,0,2,5,20,4,3,0,16,0,0,0,0,0,0,0,0
1644,0,2,5,24,14,0,64,16,0,0,0,0,0,0,0,0
1645,0,2,5,28,4,3,0,16,0,0,0,0,0,0,0,0
1646,0,2,5,32,14,0,64,16,0,0,0,0,0,0,0,0
1647,0,2,5,36,12,3,0,16,0,0,0,0,0,0,0,0
1648,0,2,5,40,14,0,64,16,0,0,0,0,0,0,0,0
1649,0,2,5,44,12,3,0,16,0,0,0,0,0,0,0,0
1650,0,2,5,48,14,0,64,16,0,0,0,0,0,0,0,0
1651,0,2,5,52,12,3,0,16,0,0,0,0,0,0,0,0
1652,0,2,5,56,14,0,64,16,0,0,0,0,0,0,0,0
1653,0,2,5,60,7,3,0,16,0,0,0,0,0,0,0,0
1654,0,2,6,0,14,2,0,16,0,0,0,0,0,0,0,0
1655,0,2,6,4,7,3,0,16,0,0,0,0,0,0,0,0
1656,0,2,6,8,14,0,64,16,0,0,0,0,0,0,0,0
1657,0,2,6,12,7,3,0,16,0,0,0,0,0,0,0,0
1658,0,2,6,16,14,0,64,16,0,0,0,0,0,0,0,0
1659,0,2,6,20,7,3,0,16,0,0,0,0,0,0,0,0
1660,0,2,6,24,14,0,64,16,0,0,0,0,0,0,0,0
1661,0,2,6,28,2,4,0,16,0,0,0,0,0,0,0,0
1662,0,2,6,32,14,0,64,16,0,0,0,0,0,0,0,0
1663,0,2,6,36,2,4,0,16,0,0,0,0,0,0,0,0
1664,0,2,6,40,14,0,64,16,0,0,0,0,0,0,0,0
1665,0,2,6,44,2,4,0,16,0,0,0,0,0,0,0,0
1666,0,2,6,48,14,0,64,16,0,0,0,0,0,0,0,0
1667,0,2,6,52,9,3,0,16,0,0,0,0,0,0,0,0
1668,0,2,6,56,14,0,64,16,0,0,0,0,0,0,0,0
1669,0,2,6,60,9,3,0,16,0,0,0,0,0,0,0,0
1670,0,2,7,0,5,4,21,16,0,0,0,0,0,0,0,0
1671,0,2,7,4,4,3,0,16,0,0,0,0,0,0,0,0
1672,0,2,7,8,5,4,22,16,0,0,0,0,0,0,0,0
1673,0,2,7,12,4,3,0,16,0,0,0,0,0,0,0,0
1674,0,2,7,16,5,4,21,16,0,0,0,0,0,0,0,0
1675,0,2,7,20,4,3,0,16,0,0,0,0,0,0,0,0
1676,0,2,7,24,5,4,22,16,0,0,0,0,0,0,0,0
1677,0,2,7,28,4,3,0,16,0,0,0,0,0,0,0,0
1678,0,2,7,32,5,4,21,16,0,0,0,0,0,0,0,0
1679,0,2,7,36,12,3,0,16,0,0,0,0,0,0,0,0
1680,0,2,7,40,5,4,22,16,0,0,0,0,0,0,0,0
1681,0,2,7,44,12,3,0,16,0,0,0,0,0,0,0,0
1682,0,2,7,48,5,4,21,16,0,0,0,0,0,0,0,0
1683,0,2,7,52,12,3,0,16,0,0,0,0,0,0,0,0
1684,0,2,7,56,5,4,22,16,0,0,0,0,0,0,0,0
1685,0,2,7,60,7,3,0,16,0,0,0,0,0,0,0,0
1686,0,2,8,0,5,4,21,16,0,0,0,0,0,0,0,0
1687,0,2,8,4,7,3,0,16,0,0,0,0,0,0,0,0
1688,0,2,8,8,5,4,22,16,0,0,0,0,0,0,0,0
1689,0,2,8,12,7,3,0,16,0,0,0,0,0,0,0,0
1690,0,2,8,16,5,4,21,16,0,0,0,0,0,0,0,0
1691,0,2,8,20,7,3,0,16,0,0,0,0,0,0,0,0
1692,0,2,8,24,5,4,22,16,0,0,0,0,0,0,0,0
1693,0,2,8,28,2,4,0,16,0,0,0,0,0,0,0,0
1694,0,2,8,32,5,4,21,16,0,0,0,0,0,0,0,0
1695,0,2,8,36,2,4,0,16,0,0,0,0,0,0,0,0
1696,0,2,8,40,5,4,22,16,0,0,0,0,0,0,0,0
1697,0,2,8,44,2,4,0,16,0,0,0,0,0,0,0,0
1698,0,2,8,48,5,4,21,16,0,0,0,0,0,0,0,0
1699,0,2,8,52,9,3,0,16,0,0,0,0,0,0,0,0
1700,0,2,8,56,5,4,22,16,0,0,0,0,0,0,0,0
1701,0,2,8,60,9,3,0,16,0,0,0,0,0,0,0,0
1702,0,2,9,0,9,3,25,16,0,0,0,0,0,0,0,0
1703,0,2,9,2,12,3,25,16,0,0,0,0,0,0,0,0
1704,0,2,9,4,4,4,25,16,0,0,0,0,0,0,0,0
1705,0,2,9,6,9,4,25,16,0,0,0,0,0,0,0,0
1706,0,2,9,8,12,3,25,16,0,0,0,0,0,0,0,0
1707,0,2,9,10,4,4,25,16,0,0,0,0,0,0,0,0
1708,0,2,9,12,9,4,25,16,0,0,0,0,0,0,0,0
1709,0,2,9,14,12,4,25,16,0,0,0,0,0,0,0,0
1710,0,2,9,16,4,4,25,16,0,0,0,0,0,0,0,0
1711,0,2,9,18,9,4,25,16,0,0,0,0,0,0,0,0
1712,0,2,9,20,12,4,25,16,0,0,0,0,0,0,0,0
1713,0,2,9,22,4,5,25,16,0,0,0,0,0,0,0,0
1714,0,2,9,24,9,4,25,16,0,0,0,0,0,0,0,0
1715,0,2,9,26,12,4,25,16,0,0,0,0,0,0,0,0
1716,0,2,9,28,4,5,25,16,0,0,0,0,0,0,0,0
1717,0,2,9,30,9,5,25,16,0,0,0,0,0,0,0,0
1718,0,2,9,32,9,3,25,16,0,0,0,0,0,0,0,0
1719,0,2,9,34,12,3,25,16,0,0,0,0,0,0,0,0
1720,0,2,9,36,5,4,25,16,0,0,0,0,0,0,0,0
1721,0,2,9,38,9,4,25,16,0,0,0,0,0,0,0,0
1722,0,2,9,40,12,3,25,16,0,0,0,0,0,0,0,0
1723,0,2,9,42,5,4,25,16,0,0,0,0,0,0,0,0
1724,0,2,9,44,9,4,25,16,0,0,0,0,0,0,0,0
1725,0,2,9,46,12,4,25,16,0,0,0,0,0,0,0,0
1726,0,2,9,48,5,4,25,16,0,0,0,0,0,0,0,0
1727,0,2,9,50,9,4,25,16,0,0,0,0,0,0,0,0
1728,0,2,9,52,12,4,25,16,0,0,0,0,0,0,0,0
1729,0,2,9,54,5,5,25,16,0,0,0,0,0,0,0,0
1730,0,2,9,56,9,4,25,16,0,0,0,0,0,0,0,0
1731,0,2,9,58,12,4,25,16,0,0,0,0,0,0,0,0
1732,0,2,9,60,5,5,25,16,0,0,0,0,0,0,0,0
1733,0,2,9,62,7,5,25,16,0,0,0,0,0,0,0,0
1734,0,2,10,0,7,3,25,16,0,0,0,0,0,0,0,0
1735,0,2,10,2,12,3,25,16,0,0,0,0,0,0,0,0
1736,0,2,10,4,4,4,25,16,0,0,0,0,0,0,0,0
1737,0,2,10,6,7,4,25,16,0,0,0,0,0,0,0,0
1738,0,2,10,8,12,3,25,16,0,0,0,0,0,0,0,0
1739,0,2,10,10,4,4,25,16,0,0,0,0,0,0,0,0
1740,0,2,10,12,7,4,25,16,0,0,0,0,0,0,0,0
1741,0,2,10,14,12,4,25,16,0,0,0,0,0,0,0,0
1742,0,2,10,16,4,4,25,16,0,0,0,0,0,0,0,0
1743,0,2,10,18,7,4,25,16,0,0,0,0,0,0,0,0
1744,0,2,10,20,12,4,25,16,0,0,0,0,0,0,0,0
1745,0,2,10,22,4,5,25,16,0,0,0,0,0,0,0,0
1746,0,2,10,24,7,4,25,16,0,0,0,0,0,0,0,0
1747,0,2,10,26,12,4,25,16,0,0,0,0,0,0,0,0
1748,0,2,10,28,7,3,25,16,0,0,0,0,0,0,0,0
1749,0,2,10,30,11,3,25,16,0,0,0,0,0,0,0,0
1750,0,2,10,32,2,4,25,16,0,0,0,0,0,0,0,0
1751,0,2,10,34,7,4,25,16,0,0,0,0,0,0,0,0
1752,0,2,10,36,11,3,25,16,0,0,0,0,0,0,0,0
1753,0,2,10,38,2,4,25,16,0,0,0,0,0,0,0,0
1754,0,2,10,40,7,4,25,16,0,0,0,0,0,0,0,0
1755,0,2,10,42,11,4,25,16,0,0,0,0,0,0,0,0
1756,0,2,10,44,2,4,25,16,0,0,0,0,0,0,0,0
1757,0,2,10,46,7,4,25,16,0,0,0,0,0,0,0,0
1758,0,2,10,48,7,3,25,16,0,0,0,0,0,0,0,0
1759,0,2,10,50,9,3,25,16,0,0,0,0,0,0,0,0
1760,0,2,10,52,2,4,25,16,0,0,0,0,0,0,0,0
1761,0,2,10,54,7,4,25,16,0,0,0,0,0,0,0,0
1762,0,2,10,56,9,3,25,16,0,0,0,0,0,0,0,0
1763,0,2,10,58,2,4,25,16,0,0,0,0,0,0,0,0
1764,0,2,10,60,7,4,25,16,0,0,0,0,0,0,0,0
1765,0,2,10,62,9,4,25,16,0,0,0,0,0,0,0,0
1766,0,2,11,0,9,3,26,16,0,0,0,0,0,0,0,0
1767,0,2,11,4,12,3,25,16,0,0,0,0,0,0,0,0
1768,0,2,11,6,4,4,25,16,0,0,0,0,0,0,0,0
1769,0,2,11,8,9,3,26,16,0,0,0,0,0,0,0,0
1770,0,2,11,12,4,4,25,16,0,0,0,0,0,0,0,0
1771,0,2,11,14,9,4,25,16,0,0,0,0,0,0,0,0
1772,0,2,11,16,9,3,26,16,0,0,0,0,0,0,0,0
1773,0,2,11,20,9,4,25,16,0,0,0,0,0,0,0,0
1774,0,2,11,22,12,4,25,16,0,0,0,0,0,0,0,0
1775,0,2,11,24,9,3,26,16,0,0,0,0,0,0,0,0
1776,0,2,11,28,12,4,25,16,0,0,0,0,0,0,0,0
1777,0,2,11,30,4,5,25,16,0,0,0,0,0,0,0,0
1778,0,2,11,32,9,3,25,16,0,0,0,0,0,0,0,0
1779,0,2,11,36,12,3,25,16,0,0,0,0,0,0,0,0
1780,0,2,11,38,5,4,25,16,0,0,0,0,0,0,0,0
1781,0,2,11,40,9,3,25,16,0,0,0,0,0,0,0,0
1782,0,2,11,44,5,4,25,16,0,0,0,0,0,0,0,0
1783,0,2,11,46,9,4,25,16,0,0,0,0,0,0,0,0
1784,0,2,11,48,9,3,25,16,0,0,0,0,0,0,0,0
1785,0,2,11,52,9,4,25,16,0,0,0,0,0,0,0,0
1786,0,2,11,54,12,4,25,16,0,0,0,0,0,0,0,0
1787,0,2,11,56,9,3,25,16,0,0,0,0,0,0,0,0
1788,0,2,11,60,12,4,25,16,0,0,0,0,0,0,0,0
1789,0,2,11,62,4,5,25,16,0,0,0,0,0,0,0,0
1790,0,2,12,0,12,3,26,16,0,0,0,0,0,0,0,0
1791,0,2,12,4,12,3,25,16,0,0,0,0,0,0,0,0
1792,0,2,12,6,4,4,25,16,0,0,0,0,0,0,0,0
1793,0,2,12,8,12,3,26,16,0,0,0,0,0,0,0,0
1794,0,2,12,12,4,4,25,16,0,0,0,0,0,0,0,0
1795,0,2,12,14,7,4,25,16,0,0,0,0,0,0,0,0
1796,0,2,12,16,12,3,26,16,0,0,0,0,0,0,0,0
1797,0,2,12,20,7,4,25,16,0,0,0,0,0,0,0,0
1798,0,2,12,22,12,4,25,16,0,0,0,0,0,0,0,0
1799,0,2,12,24,12,3,26,16,0,0,0,0,0,0,0,0
1800,0,2,12,28,7,4,26,16,0,0,0,0,0,0,0,0
1801,0,2,12,32,7,3,26,16,0,0,0,0,0,0,0,0
1802,0,2,12,36,2,4,25,16,0,0,0,0,0,0,0,0
1803,0,2,12,38,7,4,25,16,0,0,0,0,0,0,0,0
1804,0,2,12,40,7,3,26,16,0,0,0,0,0,0,0,0
1805,0,2,12,44,7,4,25,16,0,0,0,0,0,0,0,0
1806,0,2,12,46,11,4,25,16,0,0,0,0,0,0,0,0
1807,0,2,12,48,7,3,26,16,0,0,0,0,0,0,0,0
1808,0,2,12,52,11,4,25,16,0,0,0,0,0,0,0,0
1809,0,2,12,54,2,5,25,16,0,0,0,0,0,0,0,0
1810,0,2,12,56,7,3,26,16,0,0,0,0,0,0,0,0
1811,0,2,12,60,2,5,25,16,0,0,0,0,0,0,0,0
1812,0,2,12,62,7,5,25,16,0,0,0,0,0,0,0,0
1813,0,2,13,0,12,3,26,16,0,0,0,0,0,0,0,0
1814,0,2,13,4,12,3,25,16,0,0,0,0,0,0,0,0
1815,0,2,13,6,4,4,25,16,0,0,0,0,0,0,0,0
1816,0,2,13,8,12,3,26,16,0,0,0,0,0,0,0,0
1817,0,2,13,12,4,4,25,16,0,0,0,0,0,0,0,0
1818,0,2,13,14,7,4,25,16,0,0,0,0,0,0,0,0
1819,0,2,13,16,12,3,26,16,0,0,0,0,0,0,0,0
1820,0,2,13,20,7,4,25,16,0,0,0,0,0,0,0,0
1821,0,2,13,22,12,4,25,16,0,0,0,0,0,0,0,0
1822,0,2,13,24,12,3,26,16,0,0,0,0,0,0,0,0
1823,0,2,13,28,7,4,26,16,0,0,0,0,0,0,0,0
1824,0,2,13,32,7,3,26,16,0,0,0,0,0,0,0,0
1825,0,2,13,36,14,4,25,16,0,0,0,0,0,0,0,0
1826,0,2,13,40,7,3,26,16,0,0,0,0,0,0,0,0
1827,0,2,13,44,14,4,25,16,0,0,0,0,0,0,0,0
1828,0,2,13,48,7,3,26,16,0,0,0,0,0,0,0,0
1829,0,2,13,52,14,4,25,16,0,0,0,0,0,0,0,0
1830,0,2,13,56,7,3,26,16,0,0,0,0,0,0,0,0
1831,0,2,13,60,14,5,25,16,0,0,0,0,0,0,0,0
1832,0,2,14,0,9,3,26,16,0,0,0,0,0,0,0,0
1833,0,2,14,4,9,2,26,16,0,0,0,0,0,0,0,0
1834,0,2,14,8,9,3,26,16,0,0,0,0,0,0,0,0
1835,0,2,14,12,9,2,26,16,0,0,0,0,0,0,0,0
1836,0,2,14,16,9,3,26,16,0,0,0,0,0,0,0,0
1837,0,2,14,20,9,2,26,16,0,0,0,0,0,0,0,0
1838,0,2,14,24,9,3,26,16,0,0,0,0,0,0,0,0
1839,0,2,14,28,9,2,26,16,0,0,0,0,0,0,0,0
1840,0,2,14,32,9,3,26,16,0,0,0,0,0,0,0,0
1841,0,2,14,36,9,2,26,16,0,0,0,0,0,0,0,0
1842,0,2,14,40,9,3,26,16,0,0,0,0,0,0,0,0
1843,0,2,14,44,9,2,26,16,0,0,0,0,0,0,0,0
1844,0,2,14,48,9,3,26,16,0,0,0,0,0,0,0,0
1845,0,2,14,52,9,2,26,16,0,0,0,0,0,0,0,0
1846,0,2,14,56,9,3,26,16,0,0,0,0,0,0,0,0
1847,0,2,14,60,9,2,26,16,0,0,0,0,0,0,0,0
1848,0,2,15,0,9,3,26,16,0,0,0,0,0,0,0,0
1849,0,2,15,4,9,2,26,16,0,0,0,0,0,0,0,0
1850,0,2,15,8,9,3,26,16,0,0,0,0,0,0,0,0
1851,0,2,15,12,9,2,26,16,0,0,0,0,0,0,0,0
1852,0,2,15,16,9,3,13,16,0,0,0,0,0,0,0,0
1853,0,2,15,20,9,2,13,16,0,0,0,0,0,0,0,0
1854,0,2,15,24,9,3,13,16,0,0,0,0,0,0,0,0
1855,0,2,15,28,9,2,13,16,0,0,0,0,0,0,0,0
1856,0,2,15,32,9,3,13,16,0,0,0,0,0,0,0,0
1857,0,2,15,35,14,0,64,16,0,0,0,0,0,0,0,0
1858,0,2,15,36,9,2,13,16,0,0,0,0,0,0,0,0
1859,0,2,15,39,14,0,64,16,0,0,0,0,0,0,0,0
1860,0,2,15,40,9,3,13,16,0,0,0,0,0,0,0,0
1861,0,2,15,43,14,0,64,16,0,0,0,0,0,0,0,0
1862,0,2,15,44,9,2,13,16,0,0,0,0,0,0,0,0
1863,0,2,15,46,14,0,64,16,0,0,0,0,0,0,0,0
1864,0,2,15,47,14,0,64,16,0,0,0,0,0,0,0,0
1865,0,2,15,48,9,3,13,16,0,0,0,0,0,0,0,0
1866,0,2,15,50,14,0,64,16,0,0,0,0,0,0,0,0
1867,0,2,15,51,14,0,64,16,0,0,0,0,0,0,0,0
1868,0,2,15,52,9,2,13,16,0,0,0,0,0,0,0,0
1869,0,2,15,54,14,0,64,16,0,0,0,0,0,0,0,0
1870,0,2,15,55,14,0,64,16,0,0,0,0,0,0,0,0
1871,0,2,15,56,9,3,13,16,0,0,0,0,0,0,0,0
1872,0,2,15,58,14,0,64,16,0,0,0,0,0,0,0,0
1873,0,2,15,59,14,0,64,16,0,0,0,0,0,0,0,0
1874,0,2,15,60,9,2,13,16,0,0,0,0,0,0,0,0
1875,0,2,15,62,14,0,64,16,0,0,0,0,0,0,0,0
1876,0,2,15,63,14,0,64,16,0,0,0,0,0,0,0,0
1877,0,2,16,0,9,1,13,16,0,0,0,0,0,0,0,0
1878,0,2,16,2,14,0,64,16,0,0,0,0,0,0,0,0
1879,0,2,16,4,9,1,13,16,0,0,0,0,0,0,0,0
1880,0,2,16,6,14,0,64,16,0,0,0,0,0,0,0,0
1881,0,2,16,8,9,1,13,16,0,0,0,0,0,0,0,0
1882,0,2,16,10,14,0,64,16,0,0,0,0,0,0,0,0
1883,0,2,16,12,9,1,13,16,0,0,0,0,0,0,0,0
1884,0,2,16,14,14,0,64,16,0,0,0,0,0,0,0,0
1885,0,2,16,16,9,1,13,16,0,0,0,0,0,0,0,0
1886,0,2,16,18,14,0,64,16,0,0,0,0,0,0,0,0
1887,0,2,16,20,9,1,13,16,0,0,0,0,0,0,0,0
1888,0,2,16,21,14,0,64,16,0,0,0,0,0,0,0,0
1889,0,2,16,24,9,0,13,16,0,0,0,0,0,0,0,0
1890,0,2,16,25,14,0,64,16,0,0,0,0,0,0,0,0
1891,0,2,16,28,9,0,13,16,0,0,0,0,0,0,0,0
1892,0,2,16,29,14,0,64,16,0,0,0,0,0,0,0,0
1893,0,3,0,0,12,1,1,11,0,0,0,0,0,0,0,0
1894,0,3,0,4,9,1,4,16,0,0,0,0,0,0,0,0
1895,0,3,0,8,12,1,2,16,0,0,0,0,0,0,0,0
1896,0,3,0,12,9,1,4,16,0,0,0,0,0,0,0,0
1897,0,3,0,16,12,1,1,16,0,0,0,0,0,0,0,0
1898,0,3,0,20,9,1,4,16,0,0,0,0,0,0,0,0
1899,0,3,0,24,12,1,2,16,0,0,0,0,0,0,0,0
1900,0,3,0,28,9,1,4,16,0,0,0,0,0,0,0,0
1901,0,3,0,32,12,1,1,16,0,0,0,0,0,0,0,0
1902,0,3,0,36,9,1,4,16,0,0,0,0,0,0,0,0
1903,0,3,0,40,12,1,2,16,0,0,0,0,0,0,0,0
1904,0,3,0,44,9,1,4,16,0,0,0,0,0,0,0,0
1905,0,3,0,48,12,1,1,16,0,0,0,0,0,0,0,0
1906,0,3,0,52,9,1,4,16,0,0,0,0,0,0,0,0
1907,0,3,0,56,12,1,2,16,0,0,0,0,0,0,0,0
1908,0,3,0,60,9,1,4,16,0,0,0,0,0,0,0,0
1909,0,3,1,0,4,2,13,10,0,0,0,0,0,0,0,0
1910,0,3,1,1,0,0,64,8,0,0,0,0,0,0,0,0
1911,0,3,1,2,0,0,64,6,0,0,0,0,0,0,0,0
1912,0,3,1,3,0,0,64,4,0,0,0,0,0,0,0,0
1913,0,3,1,4,4,2,4,11,0,0,0,0,0,0,0,0
1914,0,3,1,8,12,1,2,16,0,0,0,0,0,0,0,0
1915,0,3,1,12,9,1,4,16,0,0,0,0,0,0,0,0
1916,0,3,1,16,12,1,1,16,0,0,0,0,0,0,0,0
1917,0,3,1,20,9,1,4,16,0,0,0,0,0,0,0,0
1918,0,3,1,24,12,1,2,16,0,0,0,0,0,0,0,0
1919,0,3,1,28,9,1,4,16,0,0,0,0,0,0,0,0
1920,0,3,1,32,12,1,1,16,0,0,0,0,0,0,0,0
1921,0,3,1,36,9,1,4,16,0,0,0,0,0,0,0,0
1922,0,3,1,40,12,1,2,16,0,0,0,0,0,0,0,0
1923,0,3,1,44,9,1,4,16,0,0,0,0,0,0,0,0
1924,0,3,1,48,12,1,1,16,0,0,0,0,0,0,0,0
1925,0,3,1,52,9,1,4,16,0,0,0,0,0,0,0,0
1926,0,3,1,56,12,1,2,16,0,0,0,0,0,0,0,0
1927,0,3,1,60,9,1,4,16,0,0,0,0,0,0,0,0
1928,0,3,2,0,12,1,1,11,0,0,0,0,0,0,0,0
1929,0,3,2,4,9,1,4,16,0,0,0,0,0,0,0,0
1930,0,3,2,8,12,1,2,16,0,0,0,0,0,0,0,0
1931,0,3,2,12,9,1,4,16,0,0,0,0,0,0,0,0
1932,0,3,2,16,12,1,1,16,0,0,0,0,0,0,0,0
1933,0,3,2,20,9,1,4,16,0,0,0,0,0,0,0,0
1934,0,3,2,24,12,1,2,16,0,0,0,0,0,0,0,0
1935,0,3,2,28,9,1,4,16,0,0,0,0,0,0,0,0
1936,0,3,2,32,4,2,4,16,0,0,0,0,0,0,0,0
1937,0,3,2,36,9,1,4,16,0,0,0,0,0,0,0,0
1938,0,3,2,40,12,1,2,16,0,0,0,0,0,0,0,0
1939,0,3,2,44,9,1,4,16,0,0,0,0,0,0,0,0
1940,0,3,2,48,4,2,4,16,0,0,0,0,0,0,0,0
1941,0,3,2,52,9,1,4,16,0,0,0,0,0,0,0,0
1942,0,3,2,56,7,2,4,16,0,0,0,0,0,0,0,0
1943,0,3,2,60,9,1,4,16,0,0,0,0,0,0,0,0
1944,0,3,3,0,4,2,13,10,0,0,0,0,0,0,0,0
1945,0,3,3,1,0,0,64,8,0,0,0,0,0,0,0,0
1946,0,3,3,2,0,0,64,6,0,0,0,0,0,0,0,0
1947,0,3,3,3,0,0,64,4,0,0,0,0,0,0,0,0
1948,0,3,3,4,4,2,18,13,0,0,0,0,0,0,0,0
1949,0,3,3,8,7,2,15,16,0,0,0,0,0,0,0,0
1950,0,3,3,12,4,2,18,16,0,0,0,0,0,0,0,0
1951,0,3,3,16,4,2,17,16,0,0,0,0,0,0,0,0
1952,0,3,3,20,4,2,18,16,0,0,0,0,0,0,0,0
1953,0,3,3,24,7,2,15,16,0,0,0,0,0,0,0,0
1954,0,3,3,28,4,2,18,16,0,0,0,0,0,0,0,0
1955,0,3,3,32,4,2,17,16,0,0,0,0,0,0,0,0
1956,0,3,3,36,4,2,18,16,0,0,0,0,0,0,0,0
1957,0,3,3,40,7,2,15,16,0,0,0,0,0,0,0,0
1958,0,3,3,44,4,2,18,16,0,0,0,0,0,0,0,0
1959,0,3,3,48,4,2,17,16,0,0,0,0,0,0,0,0
1960,0,3,3,52,4,2,18,16,0,0,0,0,0,0,0,0
1961,0,3,3,56,7,2,15,16,0,0,0,0,0,0,0,0
1962,0,3,3,60,4,2,18,16,0,0,0,0,0,0,0,0
1963,0,3,4,0,3,2,17,13,0,0,0,0,0,0,0,0
1964,0,3,4,4,4,2,18,16,0,0,0,0,0,0,0,0
1965,0,3,4,8,7,2,15,16,0,0,0,0,0,0,0,0
1966,0,3,4,12,4,2,18,16,0,0,0,0,0,0,0,0
1967,0,3,4,16,4,2,17,16,0,0,0,0,0,0,0,0
1968,0,3,4,20,4,2,18,16,0,0,0,0,0,0,0,0
1969,0,3,4,24,7,2,15,16,0,0,0,0,0,0,0,0
1970,0,3,4,28,4,2,18,16,0,0,0,0,0,0,0,0
1971,0,3,4,32,4,2,17,16,0,0,0,0,0,0,0,0
1972,0,3,4,36,4,2,18,16,0,0,0,0,0,0,0,0
1973,0,3,4,40,7,2,15,16,0,0,0,0,0,0,0,0
1974,0,3,4,44,4,2,18,16,0,0,0,0,0,0,0,0
1975,0,3,4,48,4,2,17,16,0,0,0,0,0,0,0,0
1976,0,3,4,52,4,2,18,16,0,0,0,0,0,0,0,0
1977,0,3,4,56,7,2,15,16,0,0,0,0,0,0,0,0
1978,0,3,4,60,4,2,18,16,0,0,0,0,0,0,0,0
1979,0,3,5,0,3,2,17,13,0,0,0,0,0,0,0,0
1980,0,3,5,4,4,2,18,16,0,0,0,0,0,0,0,0
1981,0,3,5,8,7,2,15,16,0,0,0,0,0,0,0,0
1982,0,3,5,12,4,2,18,16,0,0,0,0,0,0,0,0
1983,0,3,5,16,4,2,17,16,0,0,0,0,0,0,0,0
1984,0,3,5,20,4,2,18,16,0,0,0,0,0,0,0,0
1985,0,3,5,24,7,2,15,16,0,0,0,0,0,0,0,0
1986,0,3,5,28,4,2,18,16,0,0,0,0,0,0,0,0
1987,0,3,5,32,10,1,13,12,0,0,0,0,0,0,0,0
1988,0,3,5,34,0,0,64,11,0,0,0,0,0,0,0,0
1989,0,3,5,36,0,0,64,10,0,0,0,0,0,0,0,0
1990,0,3,5,38,0,0,64,9,0,0,0,0,0,0,0,0
1991,0,3,5,40,0,0,64,8,0,0,0,0,0,0,0,0
1992,0,3,5,42,0,0,64,7,0,0,0,0,0,0,0,0
1993,0,3,5,44,0,0,64,6,0,0,0,0,0,0,0,0
1994,0,3,5,46,0,0,64,5,0,0,0,0,0,0,0,0
1995,0,3,5,48,0,0,64,4,0,0,0,0,0,0,0,0
1996,0,3,5,50,0,0,64,3,0,0,0,0,0,0,0,0
1997,0,3,5,52,0,0,64,2,0,0,0,0,0,0,0,0
1998,0,3,5,54,0,0,64,1,0,0,0,0,0,0,0,0
1999,0,3,5,56,0,0,64,0,0,0,0,0,0,0,0,0
2000,0,3,6,0,12,1,1,11,0,0,0,0,0,0,0,0
2001,0,3,6,4,9,1,4,16,0,0,0,0,0,0,0,0
2002,0,3,6,8,12,1,2,16,0,0,0,0,0,0,0,0
2003,0,3,6,12,9,1,4,16,0,0,0,0,0,0,0,0
2004,0,3,6,16,12,1,1,16,0,0,0,0,0,0,0,0
2005,0,3,6,20,9,1,4,16,0,0,0,0,0,0,0,0
2006,0,3,6,24,12,1,2,16,0,0,0,0,0,0,0,0
2007,0,3,6,28,9,1,4,16,0,0,0,0,0,0,0,0
2008,0,3,6,32,12,1,1,16,0,0,0,0,0,0,0,0
2009,0,3,6,36,9,1,4,10,0,0,0,0,0,0,0,0
2010,0,3,6,40,12,1,2,16,0,0,0,0,0,0,0,0
2011,0,3,6,44,9,1,4,16,0,0,0,0,0,0,0,0
2012,0,3,6,48,12,1,1,16,0,0,0,0,0,0,0,0
2013,0,3,6,52,9,1,4,16,0,0,0,0,0,0,0,0
2014,0,3,6,56,12,1,2,16,0,0,0,0,0,0,0,0
2015,0,3,6,60,9,1,4,9,0,0,0,0,0,0,0,0
2016,0,3,7,0,12,1,1,9,0,0,0,0,0,0,0,0
2017,0,3,7,4,9,1,4,16,0,0,0,0,0,0,0,0
2018,0,3,7,8,12,1,2,16,0,0,0,0,0,0,0,0
2019,0,3,7,12,9,1,4,16,0,0,0,0,0,0,0,0
2020,0,3,7,16,12,1,1,8,0,0,0,0,0,0,0,0
2021,0,3,7,20,9,1,4,16,0,0,0,0,0,0,0,0
2022,0,3,7,24,12,1,2,16,0,0,0,0,0,0,0,0
2023,0,3,7,28,9,1,4,16,0,0,0,0,0,0,0,0
2024,0,3,7,32,12,1,1,7,0,0,0,0,0,0,0,0
2025,0,3,7,36,9,1,4,16,0,0,0,0,0,0,0,0
2026,0,3,7,40,12,1,2,3,0,0,0,0,0,0,0,0
2027,0,3,7,44,9,1,4,6,0,0,0,0,0,0,0,0
2028,0,3,7,48,12,1,1,16,0,0,0,0,0,0,0,0
2029,0,3,7,52,9,1,4,16,0,0,0,0,0,0,0,0
2030,0,3,7,56,12,1,2,3,0,0,0,0,0,0,0,0
2031,0,3,7,60,9,1,4,5,0,0,0,0,0,0,0,0
2032,0,3,8,0,12,1,1,4,0,0,0,0,0,0,0,0
2033,0,3,8,4,9,1,4,16,0,0,0,0,0,0,0,0
2034,0,3,8,8,12,1,2,2,0,0,0,0,0,0,0,0
2035,0,3,8,10,0,0,64,3,0,0,0,0,0,0,0,0
2036,0,3,8,12,9,1,4,16,0,0,0,0,0,0,0,0
2037,0,3,8,16,12,1,1,16,0,0,0,0,0,0,0,0
2038,0,3,8,18,0,0,64,2,0,0,0,0,0,0,0,0
2039,0,3,8,20,9,1,4,16,0,0,0,0,0,0,0,0
2040,0,3,8,24,12,1,2,1,0,0,0,0,0,0,0,0
2041,0,3,8,28,9,1,4,16,0,0,0,0,0,0,0,0
2042,0,3,8,30,0,0,64,1,0,0,0,0,0,0,0,0
2043,0,3,8,32,3,2,13,16,0,0,0,0,0,0,0,0
2044,0,3,8,35,5,2,13,16,0,0,0,0,0,0,0,0
2045,0,3,8,38,8,2,13,16,0,0,0,0,0,0,0,0
2046,0,3,8,40,14,0,64,16,0,0,0,0,0,0,0,0
2047,0,4,0,0,1,3,3,16,19,0,0,0,0,0,0,0
2048,0,4,0,4,9,2,6,16,0,0,0,0,0,0,0,0
2049,0,4,0,8,2,3,3,16,0,0,0,0,0,0,0,0
2050,0,4,0,12,9,2,6,16,0,0,0,0,0,0,0,0
2051,0,4,0,16,1,3,3,16,0,0,0,0,0,0,0,0
2052,0,4,0,20,12,2,6,16,0,0,0,0,0,0,0,0
2053,0,4,0,24,2,3,3,16,0,0,0,0,0,0,0,0
2054,0,4,0,28,9,2,6,16,0,0,0,0,0,0,0,0
2055,0,4,0,32,1,3,3,16,0,0,0,0,0,0,0,0
2056,0,4,0,36,9,2,6,16,0,0,0,0,0,0,0,0
2057,0,4,0,40,2,3,3,16,0,0,0,0,0,0,0,0
2058,0,4,0,44,4,2,6,16,0,0,0,0,0,0,0,0
2059,0,4,0,48,1,3,3,16,0,0,0,0,0,0,0,0
2060,0,4,0,52,7,2,6,16,0,0,0,0,0,0,0,0
2061,0,4,0,56,2,3,3,16,0,0,0,0,0,0,0,0
2062,0,4,0,60,7,2,6,16,0,0,0,0,0,0,0,0
2063,0,4,1,0,1,3,3,16,0,0,0,0,0,0,0,0
2064,0,4,1,4,9,2,6,16,0,0,0,0,0,0,0,0
2065,0,4,1,8,2,3,3,16,0,0,0,0,0,0,0,0
2066,0,4,1,12,9,2,6,16,0,0,0,0,0,0,0,0
2067,0,4,1,16,1,3,3,16,0,0,0,0,0,0,0,0
2068,0,4,1,20,12,2,6,16,0,0,0,0,0,0,0,0
2069,0,4,1,24,2,3,3,16,0,0,0,0,0,0,0,0
2070,0,4,1,28,9,2,6,16,0,0,0,0,0,0,0,0
2071,0,4,1,32,1,3,3,16,0,0,0,0,0,0,0,0
2072,0,4,1,36,9,2,6,16,0,0,0,0,0,0,0,0
2073,0,4,1,40,2,3,3,16,0,0,0,0,0,0,0,0
2074,0,4,1,44,4,2,6,16,0,0,0,0,0,0,0,0
2075,0,4,1,48,1,3,3,16,0,0,0,0,0,0,0,0
2076,0,4,1,52,7,2,6,16,0,0,0,0,0,0,0,0
2077,0,4,1,56,2,3,3,16,0,0,0,0,0,0,0,0
2078,0,4,1,60,8,2,6,16,0,0,0,0,0,0,0,0
2079,0,4,2,0,1,3,3,16,0,0,0,0,0,0,0,0
2080,0,4,2,4,9,2,6,16,0,0,0,0,0,0,0,0
2081,0,4,2,6,9,2,6,16,0,0,0,0,0,0,0,0
2082,0,4,2,8,2,3,3,16,0,0,0,0,0,0,0,0
2083,0,4,2,12,9,2,6,16,0,0,0,0,0,0,0,0
2084,0,4,2,14,9,2,6,16,0,0,0,0,0,0,0,0
2085,0,4,2,16,1,3,3,16,0,0,0,0,0,0,0,0
2086,0,4,2,20,9,2,6,16,0,0,0,0,0,0,0,0
2087,0,4,2,22,9,2,6,16,0,0,0,0,0,0,0,0
2088,0,4,2,24,2,3,3,16,0,0,0,0,0,0,0,0
2089,0,4,2,28,9,2,6,16,0,0,0,0,0,0,0,0
2090,0,4,2,30,9,2,6,16,0,0,0,0,0,0,0,0
2091,0,4,2,32,1,3,3,16,0,0,0,0,0,0,0,0
2092,0,4,2,36,12,2,6,16,0,0,0,0,0,0,0,0
2093,0,4,2,38,12,2,6,16,0,0,0,0,0,0,0,0
2094,0,4,2,40,2,3,3,16,0,0,0,0,0,0,0,0
2095,0,4,2,44,12,2,6,16,0,0,0,0,0,0,0,0
2096,0,4,2,46,12,2,6,16,0,0,0,0,0,0,0,0
2097,0,4,2,48,1,3,3,16,0,0,0,0,0,0,0,0
2098,0,4,2,52,12,2,6,16,0,0,0,0,0,0,0,0
2099,0,4,2,54,12,2,6,16,0,0,0,0,0,0,0,0
2100,0,4,2,56,2,3,3,16,0,0,0,0,0,0,0,0
2101,0,4,2,60,12,2,6,16,0,0,0,0,0,0,0,0
2102,0,4,2,62,12,2,6,16,0,0,0,0,0,0,0,0
2103,0,4,3,0,1,3,3,16,0,0,0,0,0,0,0,0
2104,0,4,3,4,2,3,6,16,0,0,0,0,0,0,0,0
2105,0,4,3,6,2,3,6,16,0,0,0,0,0,0,0,0
2106,0,4,3,8,2,3,3,16,0,0,0,0,0,0,0,0
2107,0,4,3,12,2,3,6,16,0,0,0,0,0,0,0,0
2108,0,4,3,14,2,3,6,16,0,0,0,0,0,0,0,0
2109,0,4,3,16,1,3,3,16,0,0,0,0,0,0,0,0
2110,0,4,3,20,2,3,6,16,0,0,0,0,0,0,0,0
2111,0,4,3,22,2,3,6,16,0,0,0,0,0,0,0,0
2112,0,4,3,24,2,3,3,16,0,0,0,0,0,0,0,0
2113,0,4,3,28,2,3,6,16,0,0,0,0,0,0,0,0
2114,0,4,3,30,2,3,6,16,0,0,0,0,0,0,0,0
2115,0,4,3,32,1,3,3,16,0,0,0,0,0,0,0,0
2116,0,4,3,36,4,3,6,16,0,0,0,0,0,0,0,0
2117,0,4,3,38,4,3,6,16,0,0,0,0,0,0,0,0
2118,0,4,3,40,2,3,3,16,0,0,0,0,0,0,0,0
2119,0,4,3,44,4,3,6,16,0,0,0,0,0,0,0,0
2120,0,4,3,46,4,3,6,16,0,0,0,0,0,0,0,0
2121,0,4,3,48,1,3,3,16,0,0,0,0,0,0,0,0
2122,0,4,3,52,4,3,6,16,0,0,0,0,0,0,0,0
2123,0,4,3,54,4,3,6,16,0,0,0,0,0,0,0,0
2124,0,4,3,56,2,3,3,16,0,0,0,0,0,0,0,0
2125,0,4,3,60,4,3,6,16,0,0,0,0,0,0,0,0
2126,0,4,3,62,4,3,6,16,0,0,0,0,0,0,0,0
2127,0,4,4,0,1,3,3,16,0,0,0,0,0,0,0,0
2128,0,4,4,4,9,2,6,16,0,0,0,0,0,0,0,0
2129,0,4,4,6,9,2,6,16,0,0,0,0,0,0,0,0
2130,0,4,4,8,2,3,3,16,0,0,0,0,0,0,0,0
2131,0,4,4,12,9,2,6,16,0,0,0,0,0,0,0,0
2132,0,4,4,14,9,2,6,16,0,0,0,0,0,0,0,0
2133,0,4,4,16,1,3,3,16,0,0,0,0,0,0,0,0
2134,0,4,4,20,9,2,6,16,0,0,0,0,0,0,0,0
2135,0,4,4,22,9,2,6,16,0,0,0,0,0,0,0,0
2136,0,4,4,24,2,3,3,16,0,0,0,0,0,0,0,0
2137,0,4,4,28,9,2,6,16,0,0,0,0,0,0,0,0
2138,0,4,4,30,9,2,6,16,0,0,0,0,0,0,0,0
2139,0,4,4,32,1,3,3,16,0,0,0,0,0,0,0,0
2140,0,4,4,36,5,3,6,16,0,0,0,0,0,0,0,0
2141,0,4,4,38,5,3,6,16,0,0,0,0,0,0,0,0
2142,0,4,4,40,2,3,3,16,0,0,0,0,0,0,0,0
2143,0,4,4,44,5,3,6,16,0,0,0,0,0,0,0,0
2144,0,4,4,46,5,3,6,16,0,0,0,0,0,0,0,0
2145,0,4,4,48,1,3,3,16,0,0,0,0,0,0,0,0
2146,0,4,4,52,5,3,6,16,0,0,0,0,0,0,0,0
2147,0,4,4,54,5,3,6,16,0,0,0,0,0,0,0,0
2148,0,4,4,56,2,3,3,16,0,0,0,0,0,0,0,0
2149,0,4,4,60,12,2,6,16,0,0,0,0,0,0,0,0
2150,0,4,4,62,12,2,6,16,0,0,0,0,0,0,0,0
2151,0,4,5,0,1,3,3,16,0,0,0,0,0,0,0,0
2152,0,4,5,4,12,2,6,16,0,0,0,0,0,0,0,0
2153,0,4,5,6,12,2,6,16,0,0,0,0,0,0,0,0
2154,0,4,5,8,2,3,3,16,0,0,0,0,0,0,0,0
2155,0,4,5,12,12,2,6,16,0,0,0,0,0,0,0,0
2156,0,4,5,14,12,2,6,16,0,0,0,0,0,0,0,0
2157,0,4,5,16,1,3,3,16,0,0,0,0,0,0,0,0
2158,0,4,5,20,12,2,6,16,0,0,0,0,0,0,0,0
2159,0,4,5,22,12,2,6,16,0,0,0,0,0,0,0,0
2160,0,4,5,24,2,3,3,16,0,0,0,0,0,0,0,0
2161,0,4,5,28,7,3,6,16,0,0,0,0,0,0,0,0
2162,0,4,5,30,7,3,6,16,0,0,0,0,0,0,0,0
2163,0,4,5,32,1,3,3,16,0,0,0,0,0,0,0,0
2164,0,4,5,36,7,3,6,16,0,0,0,0,0,0,0,0
2165,0,4,5,38,7,3,6,16,0,0,0,0,0,0,0,0
2166,0,4,5,40,2,3,3,16,0,0,0,0,0,0,0,0
2167,0,4,5,44,7,3,6,16,0,0,0,0,0,0,0,0
2168,0,4,5,46,7,3,6,16,0,0,0,0,0,0,0,0
2169,0,4,5,48,1,3,3,16,0,0,0,0,0,0,0,0
2170,0,4,5,52,2,3,6,16,0,0,0,0,0,0,0,0
2171,0,4,5,54,2,3,6,16,0,0,0,0,0,0,0,0
2172,0,4,5,56,2,3,3,16,0,0,0,0,0,0,0,0
2173,0,4,5,60,2,3,6,16,0,0,0,0,0,0,0,0
2174,0,4,5,62,2,3,6,16,0,0,0,0,0,0,0,0
2175,0,4,6,0,1,3,3,16,0,0,0,0,0,0,0,0
2176,0,4,6,4,12,2,6,16,0,0,0,0,0,0,0,0
2177,0,4,6,6,12,2,6,16,0,0,0,0,0,0,0,0
2178,0,4,6,8,2,3,3,16,0,0,0,0,0,0,0,0
2179,0,4,6,12,12,2,6,16,0,0,0,0,0,0,0,0
2180,0,4,6,14,12,2,6,16,0,0,0,0,0,0,0,0
2181,0,4,6,16,1,3,3,16,0,0,0,0,0,0,0,0
2182,0,4,6,20,12,2,6,16,0,0,0,0,0,0,0,0
2183,0,4,6,22,12,2,6,16,0,0,0,0,0,0,0,0
2184,0,4,6,24,2,3,3,16,0,0,0,0,0,0,0,0
2185,0,4,6,28,7,3,6,16,0,0,0,0,0,0,0,0
2186,0,4,6,30,7,3,6,16,0,0,0,0,0,0,0,0
2187,0,4,6,32,7,3,6,16,0,0,0,0,0,0,0,0
2188,0,4,6,33,13,0,64,16,0,0,0,0,0,0,0,0
2189,0,4,6,36,7,3,6,16,0,0,0,0,0,0,0,0
2190,0,4,6,38,7,3,6,16,0,0,0,0,0,0,0,0
2191,0,4,6,40,2,3,3,16,0,0,0,0,0,0,0,0
2192,0,4,6,44,7,3,6,16,0,0,0,0,0,0,0,0
2193,0,4,6,46,7,3,6,16,0,0,0,0,0,0,0,0
2194,0,4,6,48,2,3,6,16,0,0,0,0,0,0,0,0
2195,0,4,6,49,13,0,64,16,0,0,0,0,0,0,0,0
2196,0,4,6,52,2,3,6,16,0,0,0,0,0,0,0,0
2197,0,4,6,54,2,3,6,16,0,0,0,0,0,0,0,0
2198,0,4,6,56,2,3,6,16,0,0,0,0,0,0,0,0
2199,0,4,6,57,13,0,64,16,0,0,0,0,0,0,0,0
2200,0,4,6,60,2,3,6,16,0,0,0,0,0,0,0,0
2201,0,4,6,62,2,3,6,16,0,0,0,0,0,0,0,0
2202,0,4,7,0,1,3,3,16,0,0,0,0,0,0,0,0
2203,0,4,7,1,9,2,16,16,0,0,0,0,0,0,0,0
2204,0,4,7,4,9,2,6,16,0,0,0,0,0,0,0,0
2205,0,4,7,6,9,2,6,16,0,0,0,0,0,0,0,0
2206,0,4,7,8,2,3,3,16,0,0,0,0,0,0,0,0
2207,0,4,7,9,9,2,16,16,0,0,0,0,0,0,0,0
2208,0,4,7,12,9,2,6,16,0,0,0,0,0,0,0,0
2209,0,4,7,14,9,2,6,16,0,0,0,0,0,0,0,0
2210,0,4,7,16,1,3,3,16,0,0,0,0,0,0,0,0
2211,0,4,7,17,9,2,16,16,0,0,0,0,0,0,0,0
2212,0,4,7,20,9,2,6,16,0,0,0,0,0,0,0,0
2213,0,4,7,22,9,2,6,16,0,0,0,0,0,0,0,0
2214,0,4,7,24,2,3,3,16,0,0,0,0,0,0,0,0
2215,0,4,7,25,9,2,16,16,0,0,0,0,0,0,0,0
2216,0,4,7,28,9,2,6,16,0,0,0,0,0,0,0,0
2217,0,4,7,30,9,2,6,16,0,0,0,0,0,0,0,0
2218,0,4,7,32,1,3,3,16,0,0,0,0,0,0,0,0
2219,0,4,7,33,5,3,16,16,0,0,0,0,0,0,0,0
2220,0,4,7,36,5,3,6,16,0,0,0,0,0,0,0,0
2221,0,4,7,38,5,3,6,16,0,0,0,0,0,0,0,0
2222,0,4,7,40,2,3,3,16,0,0,0,0,0,0,0,0
2223,0,4,7,41,5,3,16,16,0,0,0,0,0,0,0,0
2224,0,4,7,44,5,3,6,16,0,0,0,0,0,0,0,0
2225,0,4,7,46,5,3,6,16,0,0,0,0,0,0,0,0
2226,0,4,7,48,1,3,3,16,0,0,0,0,0,0,0,0
2227,0,4,7,49,5,3,16,16,0,0,0,0,0,0,0,0
2228,0,4,7,52,5,3,6,16,0,0,0,0,0,0,0,0
2229,0,4,7,54,5,3,6,16,0,0,0,0,0,0,0,0
2230,0,4,7,56,2,3,3,16,0,0,0,0,0,0,0,0
2231,0,4,7,57,5,3,16,16,0,0,0,0,0,0,0,0
2232,0,4,7,60,12,2,6,16,0,0,0,0,0,0,0,0
2233,0,4,7,62,12,2,6,16,0,0,0,0,0,0,0,0
2234,0,4,8,0,1,3,3,16,0,0,0,0,0,0,0,0
2235,0,4,8,1,12,2,16,16,0,0,0,0,0,0,0,0
2236,0,4,8,4,12,2,6,16,0,0,0,0,0,0,0,0
2237,0,4,8,6,12,2,6,16,0,0,0,0,0,0,0,0
2238,0,4,8,8,2,3,3,16,0,0,0,0,0,0,0,0
2239,0,4,8,9,12,2,16,16,0,0,0,0,0,0,0,0
2240,0,4,8,12,12,2,6,16,0,0,0,0,0,0,0,0
2241,0,4,8,14,12,2,6,16,0,0,0,0,0,0,0,0
2242,0,4,8,16,1,3,3,16,0,0,0,0,0,0,0,0
2243,0,4,8,17,12,2,16,16,0,0,0,0,0,0,0,0
2244,0,4,8,20,12,2,6,16,0,0,0,0,0,0,0,0
2245,0,4,8,22,12,2,6,16,0,0,0,0,0,0,0,0
2246,0,4,8,24,2,3,3,16,0,0,0,0,0,0,0,0
2247,0,4,8,25,12,2,16,16,0,0,0,0,0,0,0,0
2248,0,4,8,28,7,3,6,16,0,0,0,0,0,0,0,0
2249,0,4,8,30,7,3,6,16,0,0,0,0,0,0,0,0
2250,0,4,8,32,1,3,3,16,0,0,0,0,0,0,0,0
2251,0,4,8,33,7,3,16,16,0,0,0,0,0,0,0,0
2252,0,4,8,36,7,3,6,16,0,0,0,0,0,0,0,0
2253,0,4,8,38,7,3,6,16,0,0,0,0,0,0,0,0
2254,0,4,8,40,2,3,3,16,0,0,0,0,0,0,0,0
2255,0,4,8,41,7,3,16,16,0,0,0,0,0,0,0,0
2256,0,4,8,44,7,3,6,16,0,0,0,0,0,0,0,0
2257,0,4,8,46,7,3,6,16,0,0,0,0,0,0,0,0
2258,0,4,8,48,1,3,3,16,0,0,0,0,0,0,0,0
2259,0,4,8,49,2,3,16,16,0,0,0,0,0,0,0,0
2260,0,4,8,52,2,3,6,16,0,0,0,0,0,0,0,0
2261,0,4,8,54,2,3,6,16,0,0,0,0,0,0,0,0
2262,0,4,8,56,2,3,3,16,0,0,0,0,0,0,0,0
2263,0,4,8,57,2,3,16,16,0,0,0,0,0,0,0,0
2264,0,4,8,60,2,3,6,16,0,0,0,0,0,0,0,0
2265,0,4,8,62,2,3,6,16,0,0,0,0,0,0,0,0
2266,0,4,9,0,1,3,3,16,0,0,0,0,0,0,0,0
2267,0,4,9,1,12,2,16,16,0,0,0,0,0,0,0,0
2268,0,4,9,4,12,2,6,16,0,0,0,0,0,0,0,0
2269,0,4,9,6,12,2,6,16,0,0,0,0,0,0,0,0
2270,0,4,9,8,2,3,3,16,0,0,0,0,0,0,0,0
2271,0,4,9,9,12,2,16,16,0,0,0,0,0,0,0,0
2272,0,4,9,12,12,2,6,16,0,0,0,0,0,0,0,0
2273,0,4,9,14,12,2,6,16,0,0,0,0,0,0,0,0
2274,0,4,9,16,1,3,3,16,0,0,0,0,0,0,0,0
2275,0,4,9,17,12,2,16,16,0,0,0,0,0,0,0,0
2276,0,4,9,20,12,2,6,16,0,0,0,0,0,0,0,0
2277,0,4,9,22,12,2,6,16,0,0,0,0,0,0,0,0
2278,0,4,9,24,2,3,3,16,0,0,0,0,0,0,0,0
2279,0,4,9,25,12,2,16,16,0,0,0,0,0,0,0,0
2280,0,4,9,28,7,3,6,16,0,0,0,0,0,0,0,0
2281,0,4,9,30,7,3,6,16,0,0,0,0,0,0,0,0
2282,0,4,9,32,1,3,3,16,0,0,0,0,0,0,0,0
2283,0,4,9,33,7,3,16,16,0,0,0,0,0,0,0,0
2284,0,4,9,36,7,3,6,16,0,0,0,0,0,0,0,0
2285,0,4,9,38,7,3,6,16,0,0,0,0,0,0,0,0
2286,0,4,9,40,7,3,16,16,0,0,0,0,0,0,0,0
2287,0,4,9,44,7,3,6,16,0,0,0,0,0,0,0,0
2288,0,4,9,46,7,3,6,16,0,0,0,0,0,0,0,0
2289,0,4,9,48,2,3,16,16,0,0,0,0,0,0,0,0
2290,0,4,9,52,2,3,6,16,0,0,0,0,0,0,0,0
2291,0,4,9,54,2,3,6,16,0,0,0,0,0,0,0,0
2292,0,4,9,56,2,3,16,16,0,0,0,0,0,0,0,0
2293,0,4,9,60,2,3,6,16,0,0,0,0,0,0,0,0
2294,0,4,9,62,2,3,6,16,0,0,0,0,0,0,0,0
2295,0,4,10,0,1,3,3,16,0,0,0,0,0,0,0,0
2296,0,4,10,1,13,0,64,16,0,0,0,0,0,0,0,0
2297,0,4,10,4,9,2,6,16,0,0,0,0,0,0,0,0
2298,0,4,10,8,2,3,3,16,0,0,0,0,0,0,0,0
2299,0,4,10,9,13,0,64,16,0,0,0,0,0,0,0,0
2300,0,4,10,12,9,2,6,16,0,0,0,0,0,0,0,0
2301,0,4,10,16,1,3,3,16,0,0,0,0,0,0,0,0
2302,0,4,10,17,13,0,64,16,0,0,0,0,0,0,0,0
2303,0,4,10,20,9,2,6,16,0,0,0,0,0,0,0,0
2304,0,4,10,24,2,3,3,16,0,0,0,0,0,0,0,0
2305,0,4,10,25,13,0,64,16,0,0,0,0,0,0,0,0
2306,0,4,10,28,9,2,6,16,0,0,0,0,0,0,0,0
2307,0,4,10,32,1,3,3,16,0,0,0,0,0,0,0,0
2308,0,4,10,33,13,0,64,16,0,0,0,0,0,0,0,0
2309,0,4,10,36,9,2,6,16,0,0,0,0,0,0,0,0
2310,0,4,10,40,2,3,3,16,0,0,0,0,0,0,0,0
2311,0,4,10,41,13,0,64,16,0,0,0,0,0,0,0,0
2312,0,4,10,44,9,2,6,16,0,0,0,0,0,0,0,0
2313,0,4,10,48,1,3,3,16,0,0,0,0,0,0,0,0
2314,0,4,10,49,13,0,64,16,0,0,0,0,0,0,0,0
2315,0,4,10,52,9,2,6,16,0,0,0,0,0,0,0,0
2316,0,4,10,56,2,3,3,16,0,0,0,0,0,0,0,0
2317,0,4,10,57,13,0,64,16,0,0,0,0,0,0,0,0
2318,0,4,10,60,9,2,6,16,0,0,0,0,0,0,0,0
2319,0,4,11,0,1,3,3,16,0,0,0,0,0,0,0,0
2320,0,4,11,1,13,0,64,16,0,0,0,0,0,0,0,0
2321,0,4,11,4,9,2,6,16,0,0,0,0,0,0,0,0
2322,0,4,11,8,2,3,3,16,0,0,0,0,0,0,0,0
2323,0,4,11,9,13,0,64,16,0,0,0,0,0,0,0,0
2324,0,4,11,12,9,2,6,16,0,0,0,0,0,0,0,0
2325,0,4,11,16,1,3,3,16,0,0,0,0,0,0,0,0
2326,0,4,11,17,13,0,64,16,0,0,0,0,0,0,0,0
2327,0,4,11,20,9,2,6,16,0,0,0,0,0,0,0,0
2328,0,4,11,24,2,3,3,16,0,0,0,0,0,0,0,0
2329,0,4,11,25,13,0,64,16,0,0,0,0,0,0,0,0
2330,0,4,11,28,9,2,6,16,0,0,0,0,0,0,0,0
2331,0,4,11,32,1,3,3,16,19,1,0,0,0,0,0,0
2332,0,4,11,33,13,0,64,16,0,0,0,0,0,0,0,0
2333,0,4,11,36,9,2,6,16,0,0,0,0,0,0,0,0
2334,0,4,11,40,2,3,3,16,0,0,0,0,0,0,0,0
2335,0,4,11,41,13,0,64,16,0,0,0,0,0,0,0,0
2336,0,4,11,44,9,2,6,16,0,0,0,0,0,0,0,0
2337,0,4,11,48,1,3,3,16,0,0,0,0,0,0,0,0
2338,0,4,11,49,13,0,64,16,0,0,0,0,0,0,0,0
2339,0,4,11,52,9,2,6,16,0,0,0,0,0,0,0,0
2340,0,4,11,56,2,3,3,16,0,0,0,0,0,0,0,0
2341,0,4,11,57,13,0,64,16,0,0,0,0,0,0,0,0
2342,0,4,11,60,9,2,6,16,0,0,0,0,0,0,0,0
2343,0,4,12,0,1,3,3,16,19,2,0,0,0,0,0,0
2344,0,4,12,1,13,0,64,16,0,0,0,0,0,0,0,0
2345,0,4,12,4,9,2,6,16,0,0,0,0,0,0,0,0
2346,0,4,12,8,2,3,3,16,0,0,0,0,0,0,0,0
2347,0,4,12,9,13,0,64,16,0,0,0,0,0,0,0,0
2348,0,4,12,12,9,2,6,16,0,0,0,0,0,0,0,0
2349,0,4,12,16,1,3,3,16,0,0,0,0,0,0,0,0
2350,0,4,12,17,13,0,64,16,0,0,0,0,0,0,0,0
2351,0,4,12,20,9,2,6,16,0,0,0,0,0,0,0,0
2352,0,4,12,24,2,3,3,16,0,0,0,0,0,0,0,0
2353,0,4,12,25,13,0,64,16,0,0,0,0,0,0,0,0
2354,0,4,12,28,9,2,6,16,0,0,0,0,0,0,0,0
2355,0,4,12,32,1,3,3,16,19,3,0,0,0,0,0,0
2356,0,4,12,33,13,0,64,16,0,0,0,0,0,0,0,0
2357,0,4,12,36,9,2,6,16,0,0,0,0,0,0,0,0
2358,0,4,12,40,2,3,3,16,0,0,0,0,0,0,0,0
2359,0,4,12,41,13,0,64,16,0,0,0,0,0,0,0,0
2360,0,4,12,44,9,2,6,16,0,0,0,0,0,0,0,0
2361,0,4,12,48,1,3,3,16,0,0,0,0,0,0,0,0
2362,0,4,12,49,13,0,64,16,0,0,0,0,0,0,0,0
2363,0,4,12,52,9,2,6,16,19,4,0,0,0,0,0,0
2364,0,4,12,56,2,3,3,16,0,0,0,0,0,0,0,0
2365,0,4,12,57,13,0,64,16,0,0,0,0,0,0,0,0
2366,0,4,12,60,9,2,6,16,0,0,0,0,0,0,0,0
2367,0,4,13,0,1,3,3,16,19,5,0,0,0,0,0,0
2368,0,4,13,1,13,0,64,16,0,0,0,0,0,0,0,0
2369,0,4,13,4,9,2,6,16,0,0,0,0,0,0,0,0
2370,0,4,13,8,2,3,3,16,0,0,0,0,0,0,0,0
2371,0,4,13,9,13,0,64,16,0,0,0,0,0,0,0,0
2372,0,4,13,12,9,2,6,16,19,6,0,0,0,0,0,0
2373,0,4,13,16,1,3,3,16,0,0,0,0,0,0,0,0
2374,0,4,13,17,13,0,64,16,0,0,0,0,0,0,0,0
2375,0,4,13,20,9,2,6,16,0,0,0,0,0,0,0,0
2376,0,4,13,24,2,3,3,16,19,7,0,0,0,0,0,0
2377,0,4,13,25,13,0,64,16,0,0,0,0,0,0,0,0
2378,0,4,13,28,9,2,6,16,0,0,0,0,0,0,0,0
2379,0,4,13,32,1,3,3,16,0,0,0,0,0,0,0,0
2380,0,4,13,33,13,0,64,16,0,0,0,0,0,0,0,0
